version 2
JvmtiExport can_access_local_variables 0
JvmtiExport can_hotswap_or_post_breakpoint 1
JvmtiExport can_post_on_exceptions 0
# 231 ciObject found
instanceKlass sun/nio/ch/SelectorImpl
ciInstanceKlass java/lang/Cloneable 1 0 7 100 1 100 1 1 1
instanceKlass  @bci sun/awt/datatransfer/SunClipboard lostOwnershipLater (Lsun/awt/AppContext;)V 18 <appendix> member <vmtarget> ; # sun/awt/datatransfer/SunClipboard$$Lambda+0x0000000039251cc0
instanceKlass java/util/Formattable
instanceKlass  @bci com/mysql/cj/protocol/a/NativeProtocol getValueEncoderSupplier (Ljava/lang/Object;)Ljava/util/function/Supplier; 4 <appendix> argL0 ; # com/mysql/cj/protocol/a/NativeProtocol$$Lambda+0x000000003922c560
instanceKlass model/Transaction
instanceKlass sun/net/httpserver/ServerImpl$1
instanceKlass  @bci sun/nio/ch/Net shouldShutdownWriteBeforeClose ()Z 3 <appendix> argL0 ; # sun/nio/ch/Net$$Lambda+0x0000000039251858
instanceKlass  @cpi sun/nio/ch/Net 689 form vmentry <vmtarget> ; # java/lang/invoke/LambdaForm$DMH+0x0000000039228c00
instanceKlass  @bci sun/net/httpserver/ServerImpl$Exchange reject (ILjava/lang/String;Ljava/lang/String;)V 24 <adapter> ; # java/lang/invoke/LambdaForm$MH+0x0000000039228800
instanceKlass  @bci sun/net/httpserver/ServerImpl$Exchange reject (ILjava/lang/String;Ljava/lang/String;)V 24 <appendix> form vmentry <vmtarget> ; # java/lang/invoke/LambdaForm$MH+0x0000000039228400
instanceKlass  @bci sun/net/httpserver/ServerImpl$Exchange reject (ILjava/lang/String;Ljava/lang/String;)V 24 <appendix> form names 6 function resolvedHandle form vmentry <vmtarget> ; # java/lang/invoke/LambdaForm$DMH+0x0000000039228000
instanceKlass  @bci sun/net/httpserver/ExchangeImpl sendResponseHeaders (IJ)V 409 <appendix> member <vmtarget> ; # sun/net/httpserver/ExchangeImpl$$Lambda+0x0000000039222248
instanceKlass  @bci sun/net/httpserver/ExchangeImpl sendResponseHeaders (IJ)V 385 <appendix> argL0 ; # sun/net/httpserver/ExchangeImpl$$Lambda+0x0000000039222000
instanceKlass  @bci sun/util/cldr/CLDRTimeZoneNameProviderImpl deriveFallbackName ([Ljava/lang/String;ILjava/util/Locale;Z)V 176 <adapter> ; # java/lang/invoke/LambdaForm$MH+0x0000000039221800
instanceKlass  @bci sun/util/cldr/CLDRTimeZoneNameProviderImpl deriveFallbackName ([Ljava/lang/String;ILjava/util/Locale;Z)V 176 <appendix> form vmentry <vmtarget> ; # java/lang/invoke/LambdaForm$DMH+0x0000000039221400
instanceKlass  @bci sun/util/cldr/CLDRTimeZoneNameProviderImpl deriveFallbackName ([Ljava/lang/String;ILjava/util/Locale;Z)V 176 <appendix> member <vmtarget> ; # sun/util/cldr/CLDRTimeZoneNameProviderImpl$$Lambda+0x0000000039251608
instanceKlass sun/util/cldr/CLDRBaseLocaleDataMetaInfo$CLDRMapHolder
instanceKlass sun/util/locale/provider/TimeZoneNameUtility$TimeZoneNameGetter
instanceKlass sun/util/locale/provider/TimeZoneNameUtility
instanceKlass sun/util/locale/provider/CalendarDataUtility$CalendarFieldValueNameGetter
instanceKlass java/util/concurrent/atomic/AtomicMarkableReference$Pair
instanceKlass java/util/concurrent/atomic/AtomicMarkableReference
instanceKlass sun/util/locale/provider/CalendarNameProviderImpl$LengthBasedComparator
instanceKlass sun/util/locale/provider/CalendarDataUtility$CalendarFieldValueNamesMapGetter
instanceKlass java/time/LocalDate$1
instanceKlass java/time/ZonedDateTime$1
instanceKlass  @bci sun/net/httpserver/ExchangeImpl sendResponseHeaders (IJ)V 36 <appendix> form vmentry <vmtarget> ; # java/lang/invoke/LambdaForm$MH+0x0000000039221000
instanceKlass sun/net/httpserver/Code
instanceKlass java/text/DecimalFormatSymbols
instanceKlass java/math/MathContext
instanceKlass sun/net/httpserver/ServerImpl$Exchange$LinkHandler
instanceKlass com/sun/net/httpserver/Filter$Chain
instanceKlass  @bci sun/net/httpserver/UnmodifiableHeaders <init> (Lcom/sun/net/httpserver/Headers;)V 16 <appendix> member <vmtarget> ; # sun/net/httpserver/UnmodifiableHeaders$$Lambda+0x0000000039227180
instanceKlass  @bci com/sun/net/httpserver/Headers putAll (Ljava/util/Map;)V 2 <appendix> member <vmtarget> ; # com/sun/net/httpserver/Headers$$Lambda+0x0000000039226f40
instanceKlass  @cpi com/sun/net/httpserver/Headers 338 form vmentry <vmtarget> ; # java/lang/invoke/LambdaForm$DMH+0x0000000039220800
instanceKlass  @bci java/util/function/Function andThen (Ljava/util/function/Function;)Ljava/util/function/Function; 7 <appendix> member <vmtarget> ; # java/util/function/Function$$Lambda+0x000000003924ccc0
instanceKlass  @bci java/util/stream/Collectors toUnmodifiableMap (Ljava/util/function/Function;Ljava/util/function/Function;)Ljava/util/stream/Collector; 21 <appendix> argL0 ; # java/util/stream/Collectors$$Lambda+0x000000003924ca78
instanceKlass  @bci java/util/stream/Collectors uniqKeysMapMerger ()Ljava/util/function/BinaryOperator; 0 <appendix> argL0 ; # java/util/stream/Collectors$$Lambda+0x000000003924c828
instanceKlass  @bci java/util/stream/Collectors uniqKeysMapAccumulator (Ljava/util/function/Function;Ljava/util/function/Function;)Ljava/util/function/BiConsumer; 2 <appendix> member <vmtarget> ; # java/util/stream/Collectors$$Lambda+0x000000003924c5e8
instanceKlass  @bci java/util/stream/Collectors toMap (Ljava/util/function/Function;Ljava/util/function/Function;)Ljava/util/stream/Collector; 4 <appendix> argL0 ; # java/util/stream/Collectors$$Lambda+0x000000003924c3c0
instanceKlass  @bci com/sun/net/httpserver/Headers <init> (Ljava/util/Map;)V 25 <appendix> argL0 ; # com/sun/net/httpserver/Headers$$Lambda+0x0000000039226cf8
instanceKlass  @bci com/sun/net/httpserver/Headers <init> (Ljava/util/Map;)V 20 <appendix> argL0 ; # com/sun/net/httpserver/Headers$$Lambda+0x0000000039226ab0
instanceKlass java/time/temporal/TemporalQueries$7
instanceKlass java/time/temporal/TemporalQueries$6
instanceKlass java/time/temporal/TemporalQueries$5
instanceKlass java/time/temporal/TemporalQueries$4
instanceKlass java/time/temporal/TemporalQueries$3
instanceKlass java/time/temporal/TemporalQueries$2
instanceKlass java/time/temporal/TemporalQueries$1
instanceKlass java/time/temporal/TemporalQueries
instanceKlass sun/net/httpserver/ExchangeImpl
instanceKlass sun/net/httpserver/Utils
instanceKlass com/sun/net/httpserver/Headers
instanceKlass sun/net/httpserver/Request
instanceKlass com/sun/net/httpserver/HttpExchange
instanceKlass com/sun/net/httpserver/Request
instanceKlass sun/net/httpserver/ServerImpl$Exchange
instanceKlass java/io/ObjectStreamClass$FieldReflector
instanceKlass java/io/ObjectStreamClass$FieldReflectorKey
instanceKlass java/io/ObjectInput
instanceKlass  @bci jdk/internal/reflect/MethodHandleLongFieldAccessorImpl getLong (Ljava/lang/Object;)J 11 <adapter> ; # java/lang/invoke/LambdaForm$MH+0x0000000039220400
# instanceKlass java/lang/invoke/LambdaForm$DMH+0x0000000039220000
instanceKlass java/lang/reflect/InvocationHandler
instanceKlass java/lang/reflect/Proxy
instanceKlass java/io/ClassCache
instanceKlass java/io/ObjectStreamClass$Caches
instanceKlass java/io/ObjectOutputStream$ReplaceTable
instanceKlass java/io/ObjectOutputStream$HandleTable
instanceKlass java/io/ObjectStreamConstants
instanceKlass java/io/ObjectOutput
instanceKlass java/rmi/MarshalledObject
instanceKlass java/rmi/Remote
instanceKlass sun/datatransfer/DataFlavorUtil$RMI
instanceKlass sun/nio/cs/Surrogate
instanceKlass sun/nio/cs/Surrogate$Parser
instanceKlass sun/datatransfer/DataFlavorUtil$IndexOrderComparator
instanceKlass java/util/Collections$ReverseComparator2
instanceKlass java/util/Collections$ReverseComparator
instanceKlass sun/datatransfer/DataFlavorUtil$CharsetComparator
instanceKlass sun/datatransfer/DataFlavorUtil$StandardEncodingsHolder
instanceKlass sun/awt/Mutex
instanceKlass sun/awt/datatransfer/ToolkitThreadBlockedHandler
instanceKlass sun/awt/datatransfer/DataTransferer
instanceKlass sun/awt/datatransfer/TransferableProxy
instanceKlass java/awt/datatransfer/MimeType
instanceKlass java/awt/datatransfer/MimeTypeParameterList
instanceKlass javax/swing/plaf/basic/BasicTransferable
instanceKlass java/awt/datatransfer/Transferable
instanceKlass java/awt/datatransfer/Clipboard
instanceKlass javax/swing/text/DefaultHighlighter$HighlightInfo
instanceKlass com/mysql/cj/protocol/a/BooleanValueEncoder$1
instanceKlass com/mysql/cj/protocol/a/NumberValueEncoder$1
instanceKlass model/ChatMessage
# instanceKlass java/lang/invoke/LambdaForm$DMH+0x000000003921fc00
# instanceKlass java/lang/invoke/LambdaForm$MH+0x000000003921f800
# instanceKlass java/lang/invoke/LambdaForm$MH+0x000000003921f400
# instanceKlass java/lang/invoke/LambdaForm$MH+0x000000003921f000
instanceKlass  @bci sun/net/httpserver/ServerImpl$IdleTimeoutTask closeConnections (Ljava/util/Set;J)V 20 <adapter> ; # java/lang/invoke/LambdaForm$MH+0x000000003921ec00
# instanceKlass java/lang/invoke/LambdaForm$DMH+0x000000003921e800
instanceKlass  @bci sun/net/httpserver/ServerImpl$IdleTimeoutTask closeConnections (Ljava/util/Set;J)V 20 <appendix> form vmentry <vmtarget> ; # java/lang/invoke/LambdaForm$DMH+0x000000003921e400
instanceKlass  @bci sun/net/httpserver/ServerImpl$IdleTimeoutTask closeConnections (Ljava/util/Set;J)V 20 <appendix> member <vmtarget> ; # sun/net/httpserver/ServerImpl$IdleTimeoutTask$$Lambda+0x000000003919e4f8
instanceKlass  @cpi sun/net/httpserver/ServerImpl$IdleTimeoutTask 149 form vmentry <vmtarget> ; # java/lang/invoke/LambdaForm$DMH+0x000000003921e000
instanceKlass sun/net/httpserver/HttpConnection
instanceKlass  @bci sun/net/httpserver/ServerImpl$Dispatcher run ()V 175 <appendix> argL0 ; # sun/net/httpserver/ServerImpl$Dispatcher$$Lambda+0x000000003919e038
instanceKlass sun/java2d/pipe/AlphaPaintPipe$TileContext
instanceKlass java/awt/ColorPaintContext
instanceKlass java/awt/PaintContext
instanceKlass java/io/RandomAccessFile$1
instanceKlass sun/font/CMap$UVS
instanceKlass jdk/internal/icu/lang/UCharacter
# instanceKlass java/lang/invoke/LambdaForm$DMH+0x000000003921dc00
# instanceKlass java/lang/invoke/LambdaForm$MH+0x000000003921d800
# instanceKlass java/lang/invoke/LambdaForm$DMH+0x000000003921d400
# instanceKlass java/lang/invoke/LambdaForm$MH+0x000000003921d000
instanceKlass java/lang/invoke/MethodHandle$1
instanceKlass javax/swing/text/GlyphView$GlyphPainter
instanceKlass java/awt/font/TextLayout$CaretPolicy
instanceKlass java/awt/font/TextLayout
instanceKlass java/awt/font/TextLine$TextLineMetrics
instanceKlass sun/font/DelegatingShape
instanceKlass sun/font/StandardGlyphVector$GlyphStrike
instanceKlass java/awt/font/GlyphVector
# instanceKlass java/lang/invoke/LambdaForm$MH+0x000000003921cc00
# instanceKlass java/lang/invoke/LambdaForm$DMH+0x000000003921c800
# instanceKlass java/lang/invoke/LambdaForm$MH+0x000000003921c400
# instanceKlass java/lang/invoke/LambdaForm$BMH+0x000000003921c000
# instanceKlass java/lang/invoke/LambdaForm$DMH+0x000000003921bc00
# instanceKlass java/lang/invoke/LambdaForm$DMH+0x000000003921b800
# instanceKlass java/lang/invoke/LambdaForm$MH+0x000000003921b400
# instanceKlass java/lang/invoke/LambdaForm$DMH+0x000000003921b000
# instanceKlass java/lang/invoke/LambdaForm$MH+0x000000003921ac00
# instanceKlass java/lang/invoke/LambdaForm$DMH+0x000000003921a800
# instanceKlass java/lang/invoke/LambdaForm$MH+0x000000003921a400
# instanceKlass java/lang/invoke/LambdaForm$DMH+0x000000003921a000
# instanceKlass java/lang/invoke/LambdaForm$MH+0x0000000039219c00
# instanceKlass java/lang/invoke/LambdaForm$BMH+0x0000000039219800
# instanceKlass java/lang/invoke/LambdaForm$DMH+0x0000000039219400
instanceKlass java/lang/invoke/VarHandles$1
# instanceKlass java/lang/invoke/LambdaForm$DMH+0x0000000039219000
instanceKlass  @bci jdk/internal/foreign/Utils$BaseAndScale of (Ljava/lang/Object;)Ljdk/internal/foreign/Utils$BaseAndScale; 11 <appendix> member <vmtarget> ; # jdk/internal/foreign/Utils$BaseAndScale$$TypeSwitch+0x00000000391bd460
instanceKlass  @bci sun/font/HBShaper getFontTableData (Lsun/font/Font2D;ILjava/lang/foreign/MemorySegment;)I 77 <adapter> ; # java/lang/invoke/LambdaForm$MH+0x0000000039218c00
# instanceKlass java/lang/invoke/LambdaForm$MH+0x0000000039218800
# instanceKlass java/lang/invoke/LambdaForm$DMH+0x0000000039218400
# instanceKlass java/lang/invoke/LambdaForm$MH+0x0000000039218000
# instanceKlass java/lang/invoke/LambdaForm$DMH+0x0000000039217c00
instanceKlass  @bci sun/font/HBShaper lambda$shape$0 (Ljava/awt/geom/Point2D$Float;[F[CFLjava/lang/foreign/MemorySegment;IIIIII)V 79 <adapter> ; # java/lang/invoke/LambdaForm$MH+0x0000000039217800
# instanceKlass java/lang/invoke/LambdaForm$DMH+0x0000000039217400
instanceKlass java/lang/ScopedValue$Snapshot
instanceKlass  @bci sun/font/HBShaper shape (Lsun/font/Font2D;Lsun/font/FontStrike;F[FLjava/lang/foreign/MemorySegment;[CLsun/font/GlyphLayout$GVData;IIIILjava/awt/geom/Point2D$Float;II)V 43 <adapter> ; # java/lang/invoke/LambdaForm$MH+0x0000000039217000
# instanceKlass java/lang/invoke/LambdaForm$DMH+0x0000000039216c00
instanceKlass  @bci sun/font/HBShaper shape (Lsun/font/Font2D;Lsun/font/FontStrike;F[FLjava/lang/foreign/MemorySegment;[CLsun/font/GlyphLayout$GVData;IIIILjava/awt/geom/Point2D$Float;II)V 43 <appendix> form vmentry <vmtarget> ; # java/lang/invoke/LambdaForm$DMH+0x0000000039216800
instanceKlass  @bci sun/font/HBShaper shape (Lsun/font/Font2D;Lsun/font/FontStrike;F[FLjava/lang/foreign/MemorySegment;[CLsun/font/GlyphLayout$GVData;IIIILjava/awt/geom/Point2D$Float;II)V 43 <appendix> member <vmtarget> ; # sun/font/HBShaper$$Lambda+0x00000000391ba7e0
instanceKlass  @cpi sun/font/HBShaper 721 form vmentry <vmtarget> ; # java/lang/invoke/LambdaForm$DMH+0x0000000039216400
instanceKlass java/lang/ScopedValue$Carrier
# instanceKlass java/lang/invoke/LambdaForm$MH+0x0000000039216000
# instanceKlass java/lang/invoke/LambdaForm$DMH+0x0000000039215c00
# instanceKlass java/lang/invoke/LambdaForm$MH+0x0000000039215800
# instanceKlass java/lang/invoke/LambdaForm$MH+0x0000000039215400
# instanceKlass java/lang/invoke/LambdaForm$MH+0x0000000039215000
# instanceKlass java/lang/invoke/LambdaForm$DMH+0x0000000039214c00
# instanceKlass java/lang/invoke/LambdaForm$MH+0x0000000039214800
# instanceKlass java/lang/invoke/LambdaForm$BMH+0x0000000039214400
# instanceKlass java/lang/invoke/LambdaForm$DMH+0x0000000039214000
# instanceKlass java/lang/invoke/LambdaForm$DMH+0x0000000039213c00
# instanceKlass jdk/internal/foreign/abi/UpcallStub+0x0000000039213800
# instanceKlass java/lang/invoke/LambdaForm$MH+0x0000000039213400
# instanceKlass java/lang/invoke/LambdaForm$BMH+0x0000000039213000
# instanceKlass java/lang/invoke/LambdaForm$DMH+0x0000000039212c00
# instanceKlass java/lang/invoke/LambdaForm$DMH+0x0000000039212800
instanceKlass jdk/internal/foreign/MemorySessionImpl$ResourceList
instanceKlass  @bci sun/font/HBShaper getFace (Lsun/font/Font2D;)Ljava/lang/foreign/MemorySegment; 10 <appendix> argL0 ; # sun/font/HBShaper$$Lambda+0x00000000391b9cd8
instanceKlass sun/font/HBShaper$FaceRef
instanceKlass java/lang/ScopedValue$Cache
instanceKlass java/lang/ScopedValue
instanceKlass  @bci java/lang/invoke/VarHandles collectCoordinates (Ljava/lang/invoke/VarHandle;ILjava/lang/invoke/MethodHandle;)Ljava/lang/invoke/VarHandle; 217 <appendix> member <vmtarget> ; # java/lang/invoke/VarHandles$$Lambda+0x00000000391b9440
# instanceKlass java/lang/invoke/LambdaForm$MH+0x0000000039212400
instanceKlass sun/invoke/util/ValueConversions$1
# instanceKlass java/lang/invoke/LambdaForm$MH+0x0000000039212000
instanceKlass java/util/TreeMap$PrivateEntryIterator
instanceKlass java/lang/invoke/LambdaFormEditor$1
instanceKlass sun/invoke/util/ValueConversions$WrapperCache
# instanceKlass java/lang/invoke/LambdaForm$MH+0x0000000039211c00
# instanceKlass java/lang/invoke/LambdaForm$MH+0x0000000039211800
# instanceKlass java/lang/invoke/LambdaForm$DMH+0x0000000039211400
# instanceKlass java/lang/invoke/LambdaForm$DMH+0x0000000039211000
instanceKlass java/lang/ClassValue$RemovalToken
instanceKlass java/lang/ClassValue$Identity
instanceKlass java/lang/ClassValue$Entry
instanceKlass java/lang/ClassValue
instanceKlass java/lang/invoke/MethodHandleImpl$ArrayAccessor
# instanceKlass java/lang/invoke/LambdaForm$MH+0x0000000039210c00
# instanceKlass java/lang/invoke/LambdaForm$DMH+0x0000000039210800
# instanceKlass java/lang/invoke/LambdaForm$DMH+0x0000000039210400
instanceKlass java/lang/invoke/MethodHandleImpl$CasesHolder
instanceKlass java/lang/invoke/MethodHandleImpl$LoopClauses
# instanceKlass java/lang/invoke/LambdaForm$MH+0x0000000039210000
# instanceKlass java/lang/invoke/LambdaForm$MH+0x000000003920fc00
# instanceKlass java/lang/invoke/LambdaForm$DMH+0x000000003920f800
instanceKlass java/lang/invoke/MethodHandleImpl$2
# instanceKlass java/lang/invoke/LambdaForm$MH+0x000000003920f400
# instanceKlass java/lang/invoke/LambdaForm$BMH+0x000000003920f000
# instanceKlass java/lang/invoke/LambdaForm$DMH+0x000000003920ec00
# instanceKlass java/lang/invoke/LambdaForm$DMH+0x000000003920e800
instanceKlass jdk/internal/foreign/layout/AbstractLayout$1Holder
instanceKlass java/lang/invoke/VarHandleSegmentAsInts
# instanceKlass java/lang/invoke/LambdaForm$MH+0x000000003920e400
# instanceKlass java/lang/invoke/LambdaForm$MH+0x000000003920e000
# instanceKlass java/lang/invoke/LambdaForm$MH+0x000000003920dc00
# instanceKlass java/lang/invoke/LambdaForm$DMH+0x000000003920d800
# instanceKlass java/lang/invoke/LambdaForm$MH+0x000000003920d400
# instanceKlass java/lang/invoke/LambdaForm$BMH+0x000000003920d000
# instanceKlass java/lang/invoke/LambdaForm$DMH+0x000000003920cc00
# instanceKlass java/lang/invoke/LambdaForm$DMH+0x000000003920c800
# instanceKlass jdk/internal/foreign/abi/UpcallStub+0x000000003920c400
# instanceKlass java/lang/invoke/LambdaForm$DMH+0x000000003920c000
# instanceKlass java/lang/invoke/LambdaForm$DMH+0x000000003920bc00
# instanceKlass java/lang/invoke/LambdaForm$MH+0x000000003920b800
# instanceKlass java/lang/invoke/LambdaForm$DMH+0x000000003920b400
instanceKlass  @bci java/lang/invoke/BootstrapMethodInvoker invoke (Ljava/lang/Class;Ljava/lang/invoke/MethodHandle;Ljava/lang/String;Ljava/lang/Object;Ljava/lang/Object;Ljava/lang/Class;)Ljava/lang/Object; 95 <adapter> ; # java/lang/invoke/LambdaForm$MH+0x000000003920b000
instanceKlass  @bci sun/font/HBShaper <clinit> ()V 1122 <adapter> ; # java/lang/invoke/LambdaForm$MH+0x000000003920ac00
# instanceKlass java/lang/invoke/LambdaForm$MH+0x000000003920a800
# instanceKlass java/lang/invoke/LambdaForm$MH+0x000000003920a400
# instanceKlass java/lang/invoke/LambdaForm$MH+0x000000003920a000
# instanceKlass java/lang/invoke/LambdaForm$MH+0x0000000039209c00
# instanceKlass java/lang/invoke/LambdaForm$DMH+0x0000000039209800
# instanceKlass jdk/internal/foreign/abi/DowncallStub+0x0000000039209400
# instanceKlass java/lang/invoke/LambdaForm$MH+0x0000000039209000
# instanceKlass java/lang/invoke/LambdaForm$MH+0x0000000039208c00
# instanceKlass java/lang/invoke/LambdaForm$MH+0x0000000039208800
# instanceKlass java/lang/invoke/LambdaForm$MH+0x0000000039208400
# instanceKlass java/lang/invoke/LambdaForm$DMH+0x0000000039208000
# instanceKlass java/lang/invoke/LambdaForm$MH+0x0000000039207c00
# instanceKlass java/lang/invoke/LambdaForm$BMH+0x0000000039207800
# instanceKlass java/lang/invoke/LambdaForm$DMH+0x0000000039207400
# instanceKlass java/lang/invoke/LambdaForm$DMH+0x0000000039207000
# instanceKlass jdk/internal/foreign/abi/UpcallStub+0x0000000039206c00
# instanceKlass java/lang/invoke/LambdaForm$DMH+0x0000000039206800
# instanceKlass java/lang/invoke/LambdaForm$DMH+0x0000000039206400
# instanceKlass java/lang/invoke/LambdaForm$MH+0x0000000039206000
# instanceKlass java/lang/invoke/LambdaForm$MH+0x0000000039205c00
# instanceKlass java/lang/invoke/LambdaForm$MH+0x0000000039205800
# instanceKlass java/lang/invoke/LambdaForm$DMH+0x0000000039205400
# instanceKlass java/lang/invoke/LambdaForm$MH+0x0000000039205000
# instanceKlass java/lang/invoke/LambdaForm$BMH+0x0000000039204c00
# instanceKlass java/lang/invoke/LambdaForm$DMH+0x0000000039204800
# instanceKlass java/lang/invoke/LambdaForm$DMH+0x0000000039204400
# instanceKlass jdk/internal/foreign/abi/UpcallStub+0x0000000039204000
# instanceKlass java/lang/invoke/LambdaForm$DMH+0x0000000039203c00
# instanceKlass java/lang/invoke/LambdaForm$DMH+0x0000000039203800
# instanceKlass java/lang/invoke/LambdaForm$MH+0x0000000039203400
# instanceKlass java/lang/invoke/LambdaForm$MH+0x0000000039203000
# instanceKlass java/lang/invoke/LambdaForm$MH+0x0000000039202c00
# instanceKlass java/lang/invoke/LambdaForm$DMH+0x0000000039202800
# instanceKlass java/lang/invoke/LambdaForm$MH+0x0000000039202400
# instanceKlass java/lang/invoke/LambdaForm$BMH+0x0000000039202000
# instanceKlass java/lang/invoke/LambdaForm$DMH+0x0000000039201c00
# instanceKlass java/lang/invoke/LambdaForm$DMH+0x0000000039201800
# instanceKlass jdk/internal/foreign/abi/UpcallStub+0x0000000039201400
# instanceKlass java/lang/invoke/LambdaForm$DMH+0x0000000039201000
# instanceKlass java/lang/invoke/LambdaForm$DMH+0x0000000039200c00
instanceKlass jdk/internal/foreign/abi/UpcallStubs
# instanceKlass java/lang/invoke/LambdaForm$MH+0x0000000039200800
# instanceKlass java/lang/invoke/LambdaForm$MH+0x0000000039200400
# instanceKlass java/lang/invoke/LambdaForm$MH+0x0000000039200000
# instanceKlass java/lang/invoke/LambdaForm$DMH+0x00000000391afc00
instanceKlass  @bci jdk/internal/foreign/abi/UpcallLinker checkPrimitive (Ljava/lang/invoke/MethodType;)V 19 <appendix> argL0 ; # jdk/internal/foreign/abi/UpcallLinker$$Lambda+0x00000000391b63a0
# instanceKlass java/lang/invoke/LambdaForm$MH+0x00000000391af800
# instanceKlass java/lang/invoke/LambdaForm$BMH+0x00000000391af400
# instanceKlass java/lang/invoke/LambdaForm$DMH+0x00000000391af000
instanceKlass  @bci jdk/internal/foreign/abi/UpcallLinker makeFactory (Ljava/lang/invoke/MethodType;Ljdk/internal/foreign/abi/ABIDescriptor;Ljdk/internal/foreign/abi/CallingSequence;)Ljdk/internal/foreign/abi/AbstractLinker$UpcallStubFactory; 229 <appendix> form vmentry <vmtarget> ; # java/lang/invoke/LambdaForm$DMH+0x00000000391aec00
instanceKlass  @bci jdk/internal/foreign/abi/UpcallLinker makeFactory (Ljava/lang/invoke/MethodType;Ljdk/internal/foreign/abi/ABIDescriptor;Ljdk/internal/foreign/abi/CallingSequence;)Ljdk/internal/foreign/abi/AbstractLinker$UpcallStubFactory; 229 <appendix> member <vmtarget> ; # jdk/internal/foreign/abi/UpcallLinker$$Lambda+0x00000000391b6170
instanceKlass  @bci jdk/internal/foreign/abi/UpcallLinker makeFactory (Ljava/lang/invoke/MethodType;Ljdk/internal/foreign/abi/ABIDescriptor;Ljdk/internal/foreign/abi/CallingSequence;)Ljdk/internal/foreign/abi/AbstractLinker$UpcallStubFactory; 194 <appendix> argL0 ; # jdk/internal/foreign/abi/UpcallLinker$$Lambda+0x00000000391b5f48
instanceKlass  @bci jdk/internal/foreign/abi/UpcallLinker makeFactory (Ljava/lang/invoke/MethodType;Ljdk/internal/foreign/abi/ABIDescriptor;Ljdk/internal/foreign/abi/CallingSequence;)Ljdk/internal/foreign/abi/AbstractLinker$UpcallStubFactory; 184 <appendix> argL0 ; # jdk/internal/foreign/abi/UpcallLinker$$Lambda+0x00000000391b5d00
instanceKlass  @bci jdk/internal/foreign/abi/UpcallLinker makeFactory (Ljava/lang/invoke/MethodType;Ljdk/internal/foreign/abi/ABIDescriptor;Ljdk/internal/foreign/abi/CallingSequence;)Ljdk/internal/foreign/abi/AbstractLinker$UpcallStubFactory; 164 <appendix> argL0 ; # jdk/internal/foreign/abi/UpcallLinker$$Lambda+0x00000000391b5ad8
instanceKlass  @bci jdk/internal/foreign/abi/UpcallLinker makeFactory (Ljava/lang/invoke/MethodType;Ljdk/internal/foreign/abi/ABIDescriptor;Ljdk/internal/foreign/abi/CallingSequence;)Ljdk/internal/foreign/abi/AbstractLinker$UpcallStubFactory; 154 <appendix> argL0 ; # jdk/internal/foreign/abi/UpcallLinker$$Lambda+0x00000000391b5890
instanceKlass  @bci jdk/internal/foreign/abi/UpcallLinker makeFactory (Ljava/lang/invoke/MethodType;Ljdk/internal/foreign/abi/ABIDescriptor;Ljdk/internal/foreign/abi/CallingSequence;)Ljdk/internal/foreign/abi/AbstractLinker$UpcallStubFactory; 56 <appendix> member <vmtarget> ; # jdk/internal/foreign/abi/UpcallLinker$$Lambda+0x00000000391b5628
# instanceKlass java/lang/invoke/LambdaForm$DMH+0x00000000391ae800
# instanceKlass jdk/internal/foreign/abi/UpcallStub+0x00000000391ae400
instanceKlass jdk/internal/foreign/abi/BindingSpecializer$1
instanceKlass  @bci jdk/internal/foreign/abi/BindingSpecializer anyArgNeedsScope ()Z 43 <appendix> argL0 ; # jdk/internal/foreign/abi/BindingSpecializer$$Lambda+0x00000000391b4d30
instanceKlass  @bci jdk/internal/foreign/abi/BindingSpecializer anyArgNeedsScope ()Z 33 <appendix> member <vmtarget> ; # jdk/internal/foreign/abi/BindingSpecializer$$Lambda+0x00000000391b4ae0
instanceKlass  @bci jdk/internal/foreign/abi/BindingSpecializer anyArgNeedsScope ()Z 15 <appendix> member <vmtarget> ; # jdk/internal/foreign/abi/BindingSpecializer$$Lambda+0x00000000391b4880
instanceKlass  @bci jdk/internal/foreign/abi/UpcallLinker retMoveBindings (Ljdk/internal/foreign/abi/CallingSequence;)[Ljdk/internal/foreign/abi/Binding$VMStore; 43 <appendix> argL0 ; # jdk/internal/foreign/abi/UpcallLinker$$Lambda+0x00000000391b4658
instanceKlass  @bci jdk/internal/foreign/abi/UpcallLinker retMoveBindings (Ljdk/internal/foreign/abi/CallingSequence;)[Ljdk/internal/foreign/abi/Binding$VMStore; 33 <appendix> member <vmtarget> ; # jdk/internal/foreign/abi/UpcallLinker$$Lambda+0x00000000391b4408
instanceKlass  @bci jdk/internal/foreign/abi/UpcallLinker retMoveBindings (Ljdk/internal/foreign/abi/CallingSequence;)[Ljdk/internal/foreign/abi/Binding$VMStore; 16 <appendix> member <vmtarget> ; # jdk/internal/foreign/abi/UpcallLinker$$Lambda+0x00000000391b41a8
instanceKlass  @bci jdk/internal/foreign/abi/UpcallLinker argMoveBindings (Ljdk/internal/foreign/abi/CallingSequence;)[Ljdk/internal/foreign/abi/Binding$VMLoad; 4 <appendix> argL0 ; # jdk/internal/foreign/abi/UpcallLinker$$Lambda+0x00000000391b3f80
instanceKlass  @bci jdk/internal/foreign/abi/UpcallLinker argMoveBindingsStream (Ljdk/internal/foreign/abi/CallingSequence;)Ljava/util/stream/Stream; 28 <appendix> member <vmtarget> ; # jdk/internal/foreign/abi/UpcallLinker$$Lambda+0x00000000391b3d30
instanceKlass  @bci jdk/internal/foreign/abi/UpcallLinker argMoveBindingsStream (Ljdk/internal/foreign/abi/CallingSequence;)Ljava/util/stream/Stream; 11 <appendix> member <vmtarget> ; # jdk/internal/foreign/abi/UpcallLinker$$Lambda+0x00000000391b3ad0
instanceKlass jdk/internal/foreign/abi/UpcallLinker
instanceKlass  @bci jdk/internal/foreign/abi/AbstractLinker upcallStub (Ljava/lang/invoke/MethodHandle;Ljava/lang/foreign/FunctionDescriptor;Ljava/lang/foreign/Arena;[Ljava/lang/foreign/Linker$Option;)Ljava/lang/foreign/MemorySegment; 115 <appendix> member <vmtarget> ; # jdk/internal/foreign/abi/AbstractLinker$$Lambda+0x00000000391b3458
instanceKlass  @bci jdk/internal/foreign/abi/LinkerOptions forUpcall (Ljava/lang/foreign/FunctionDescriptor;[Ljava/lang/foreign/Linker$Option;)Ljdk/internal/foreign/abi/LinkerOptions; 0 <appendix> argL0 ; # jdk/internal/foreign/abi/LinkerOptions$$Lambda+0x00000000391b3220
# instanceKlass java/lang/invoke/LambdaForm$DMH+0x00000000391ae000
# instanceKlass java/lang/invoke/LambdaForm$DMH+0x00000000391adc00
# instanceKlass java/lang/invoke/LambdaForm$MH+0x00000000391ad800
# instanceKlass java/lang/invoke/LambdaForm$MH+0x00000000391ad400
# instanceKlass java/lang/invoke/LambdaForm$MH+0x00000000391ad000
# instanceKlass java/lang/invoke/LambdaForm$MH+0x00000000391acc00
# instanceKlass java/lang/invoke/LambdaForm$BMH+0x00000000391ac800
# instanceKlass java/lang/invoke/LambdaForm$DMH+0x00000000391ac400
# instanceKlass java/lang/invoke/LambdaForm$DMH+0x00000000391ac000
# instanceKlass java/lang/invoke/LambdaForm$DMH+0x00000000391abc00
# instanceKlass jdk/internal/foreign/abi/DowncallStub+0x00000000391ab800
# instanceKlass java/lang/invoke/LambdaForm$MH+0x00000000391ab400
# instanceKlass java/lang/invoke/LambdaForm$MH+0x00000000391ab000
# instanceKlass java/lang/invoke/LambdaForm$MH+0x00000000391aac00
# instanceKlass java/lang/invoke/LambdaForm$MH+0x00000000391aa800
# instanceKlass java/lang/invoke/LambdaForm$MH+0x00000000391aa400
# instanceKlass java/lang/invoke/LambdaForm$DMH+0x00000000391aa000
# instanceKlass java/lang/invoke/LambdaForm$DMH+0x00000000391a9c00
instanceKlass  @cpi sun/net/httpserver/UnmodifiableHeaders 161 form vmentry <vmtarget> ; # java/lang/invoke/LambdaForm$DMH+0x00000000391a9800
# instanceKlass jdk/internal/foreign/abi/DowncallStub+0x00000000391a9400
# instanceKlass java/lang/invoke/LambdaForm$MH+0x00000000391a9000
# instanceKlass java/lang/invoke/LambdaForm$MH+0x00000000391a8c00
# instanceKlass java/lang/invoke/LambdaForm$MH+0x00000000391a8800
# instanceKlass java/lang/invoke/LambdaForm$MH+0x00000000391a8400
# instanceKlass java/lang/invoke/LambdaForm$MH+0x00000000391a8000
# instanceKlass jdk/internal/foreign/abi/DowncallStub+0x00000000391a7c00
# instanceKlass java/lang/invoke/LambdaForm$MH+0x00000000391a7800
# instanceKlass java/lang/invoke/LambdaForm$MH+0x00000000391a7400
# instanceKlass java/lang/invoke/LambdaForm$MH+0x00000000391a7000
# instanceKlass java/lang/invoke/LambdaForm$MH+0x00000000391a6c00
# instanceKlass java/lang/invoke/LambdaForm$DMH+0x00000000391a6800
# instanceKlass java/lang/invoke/LambdaForm$DMH+0x00000000391a6400
# instanceKlass java/lang/invoke/LambdaForm$DMH+0x00000000391a6000
# instanceKlass jdk/internal/foreign/abi/DowncallStub+0x00000000391a5c00
instanceKlass java/lang/classfile/instruction/ExceptionCatch
instanceKlass java/lang/classfile/instruction/InvokeInstruction
instanceKlass java/lang/classfile/instruction/LoadInstruction
instanceKlass java/lang/classfile/Instruction
instanceKlass jdk/internal/classfile/impl/NonterminalCodeBuilder
instanceKlass  @bci jdk/internal/foreign/abi/BindingSpecializer emitReleaseScopes ()V 36 <appendix> member <vmtarget> ; # jdk/internal/foreign/abi/BindingSpecializer$$Lambda+0x00000000391fe440
instanceKlass  @cpi jdk/internal/foreign/abi/BindingSpecializer 1415 form vmentry <vmtarget> ; # java/lang/invoke/LambdaForm$DMH+0x00000000391a5800
instanceKlass java/lang/classfile/CodeBuilder$BlockCodeBuilder
instanceKlass java/lang/classfile/constantpool/ConstantDynamicEntry
instanceKlass java/lang/classfile/constantpool/DynamicConstantPoolEntry
instanceKlass  @bci java/lang/classfile/constantpool/ConstantPoolBuilder bsmEntry (Ljava/lang/constant/DirectMethodHandleDesc;Ljava/util/List;)Ljava/lang/classfile/BootstrapMethodEntry; 15 <appendix> member <vmtarget> ; # java/lang/classfile/constantpool/ConstantPoolBuilder$$Lambda+0x00000000391fd5a8
instanceKlass java/lang/classfile/constantpool/MethodHandleEntry
instanceKlass java/lang/classfile/constantpool/ConstantPoolBuilder$1
instanceKlass  @bci jdk/internal/foreign/abi/BindingSpecializer doBindings (Ljava/util/List;)V 41 <appendix> member <vmtarget> ; # jdk/internal/foreign/abi/BindingSpecializer$$TypeSwitch+0x00000000391fcc68
instanceKlass  @bci jdk/internal/foreign/abi/BindingSpecializer lambda$specializeHelper$1 (Ljava/lang/invoke/MethodType;Ljdk/internal/foreign/abi/CallingSequence;Ljdk/internal/foreign/abi/ABIDescriptor;Ljava/lang/invoke/MethodType;Ljava/lang/classfile/MethodBuilder;)V 34 <appendix> member <vmtarget> ; # jdk/internal/foreign/abi/BindingSpecializer$$Lambda+0x00000000391fca28
instanceKlass  @bci jdk/internal/foreign/abi/BindingSpecializer lambda$specializeHelper$0 (Ljava/lang/invoke/MethodType;Ljdk/internal/foreign/abi/CallingSequence;Ljdk/internal/foreign/abi/ABIDescriptor;Ljava/lang/invoke/MethodType;Ljava/lang/classfile/ClassBuilder;)V 38 <appendix> member <vmtarget> ; # jdk/internal/foreign/abi/BindingSpecializer$$Lambda+0x00000000391fc7e8
instanceKlass java/lang/classfile/ClassFileVersion
instanceKlass  @bci jdk/internal/foreign/abi/BindingSpecializer specializeHelper (Ljava/lang/invoke/MethodType;Ljava/lang/invoke/MethodType;Ljdk/internal/foreign/abi/CallingSequence;Ljdk/internal/foreign/abi/ABIDescriptor;)[B 28 <appendix> member <vmtarget> ; # jdk/internal/foreign/abi/BindingSpecializer$$Lambda+0x00000000391fc140
instanceKlass  @cpi jdk/internal/foreign/abi/BindingSpecializer 1382 form vmentry <vmtarget> ; # java/lang/invoke/LambdaForm$DMH+0x00000000391a5400
instanceKlass jdk/internal/vm/annotation/ForceInline
instanceKlass jdk/internal/foreign/abi/BindingSpecializer
# instanceKlass java/lang/invoke/LambdaForm$MH+0x00000000391a5000
instanceKlass java/lang/invoke/NativeMethodHandle$Lazy
instanceKlass  @bci jdk/internal/foreign/abi/NativeEntryPoint lambda$make$0 (Ljava/lang/invoke/MethodType;Ljdk/internal/foreign/abi/ABIDescriptor;[Ljdk/internal/foreign/abi/VMStorage;[Ljdk/internal/foreign/abi/VMStorage;ZIZLjdk/internal/foreign/abi/NativeEntryPoint$CacheKey;)Ljdk/internal/foreign/abi/NativeEntryPoint; 51 <appendix> form vmentry <vmtarget> ; # java/lang/invoke/LambdaForm$DMH+0x00000000391a4c00
instanceKlass  @bci jdk/internal/foreign/abi/NativeEntryPoint lambda$make$0 (Ljava/lang/invoke/MethodType;Ljdk/internal/foreign/abi/ABIDescriptor;[Ljdk/internal/foreign/abi/VMStorage;[Ljdk/internal/foreign/abi/VMStorage;ZIZLjdk/internal/foreign/abi/NativeEntryPoint$CacheKey;)Ljdk/internal/foreign/abi/NativeEntryPoint; 51 <appendix> member <vmtarget> ; # jdk/internal/foreign/abi/NativeEntryPoint$$Lambda+0x00000000391fb588
instanceKlass  @cpi jdk/internal/foreign/abi/NativeEntryPoint 203 form vmentry <vmtarget> ; # java/lang/invoke/LambdaForm$DMH+0x00000000391a4800
instanceKlass  @bci jdk/internal/foreign/abi/NativeEntryPoint make (Ljdk/internal/foreign/abi/ABIDescriptor;[Ljdk/internal/foreign/abi/VMStorage;[Ljdk/internal/foreign/abi/VMStorage;Ljava/lang/invoke/MethodType;ZIZZ)Ljdk/internal/foreign/abi/NativeEntryPoint; 76 <adapter> ; # java/lang/invoke/LambdaForm$MH+0x00000000391a4400
# instanceKlass java/lang/invoke/LambdaForm$DMH+0x00000000391a4000
instanceKlass  @bci jdk/internal/foreign/abi/NativeEntryPoint make (Ljdk/internal/foreign/abi/ABIDescriptor;[Ljdk/internal/foreign/abi/VMStorage;[Ljdk/internal/foreign/abi/VMStorage;Ljava/lang/invoke/MethodType;ZIZZ)Ljdk/internal/foreign/abi/NativeEntryPoint; 76 <appendix> form vmentry <vmtarget> ; # java/lang/invoke/LambdaForm$DMH+0x00000000391a3c00
instanceKlass  @bci jdk/internal/foreign/abi/NativeEntryPoint make (Ljdk/internal/foreign/abi/ABIDescriptor;[Ljdk/internal/foreign/abi/VMStorage;[Ljdk/internal/foreign/abi/VMStorage;Ljava/lang/invoke/MethodType;ZIZZ)Ljdk/internal/foreign/abi/NativeEntryPoint; 76 <appendix> member <vmtarget> ; # jdk/internal/foreign/abi/NativeEntryPoint$$Lambda+0x00000000391fb338
instanceKlass  @cpi jdk/internal/foreign/abi/NativeEntryPoint 197 form vmentry <vmtarget> ; # java/lang/invoke/LambdaForm$DMH+0x00000000391a3800
instanceKlass  @bci jdk/internal/foreign/abi/DowncallLinker toStorageArray ([Ljdk/internal/foreign/abi/Binding$Move;)[Ljdk/internal/foreign/abi/VMStorage; 14 <appendix> argL0 ; # jdk/internal/foreign/abi/DowncallLinker$$Lambda+0x00000000391faef8
instanceKlass  @bci jdk/internal/foreign/abi/DowncallLinker toStorageArray ([Ljdk/internal/foreign/abi/Binding$Move;)[Ljdk/internal/foreign/abi/VMStorage; 4 <appendix> argL0 ; # jdk/internal/foreign/abi/DowncallLinker$$Lambda+0x00000000391facb0
instanceKlass  @bci jdk/internal/foreign/abi/DowncallLinker retMoveBindings (Ljdk/internal/foreign/abi/CallingSequence;)[Ljdk/internal/foreign/abi/Binding$VMLoad; 5 <appendix> argL0 ; # jdk/internal/foreign/abi/DowncallLinker$$Lambda+0x00000000391faa88
instanceKlass  @bci jdk/internal/foreign/abi/DowncallLinker retMoveBindingsStream (Ljdk/internal/foreign/abi/CallingSequence;)Ljava/util/stream/Stream; 33 <appendix> member <vmtarget> ; # jdk/internal/foreign/abi/DowncallLinker$$Lambda+0x00000000391fa638
instanceKlass  @bci jdk/internal/foreign/abi/DowncallLinker retMoveBindingsStream (Ljdk/internal/foreign/abi/CallingSequence;)Ljava/util/stream/Stream; 16 <appendix> member <vmtarget> ; # jdk/internal/foreign/abi/DowncallLinker$$Lambda+0x00000000391fa3d8
instanceKlass  @bci jdk/internal/foreign/abi/DowncallLinker getBoundMethodHandle ()Ljava/lang/invoke/MethodHandle; 8 <appendix> argL0 ; # jdk/internal/foreign/abi/DowncallLinker$$Lambda+0x00000000391fa1b0
instanceKlass  @bci jdk/internal/foreign/abi/DowncallLinker argMoveBindingsStream (Ljdk/internal/foreign/abi/CallingSequence;)Ljava/util/stream/Stream; 28 <appendix> member <vmtarget> ; # jdk/internal/foreign/abi/DowncallLinker$$Lambda+0x00000000391f9d60
instanceKlass  @bci jdk/internal/foreign/abi/DowncallLinker argMoveBindingsStream (Ljdk/internal/foreign/abi/CallingSequence;)Ljava/util/stream/Stream; 11 <appendix> member <vmtarget> ; # jdk/internal/foreign/abi/DowncallLinker$$Lambda+0x00000000391f9b00
instanceKlass  @bci jdk/internal/foreign/abi/CallingSequence argumentBindings ()Ljava/util/stream/Stream; 9 <appendix> argL0 ; # jdk/internal/foreign/abi/CallingSequence$$Lambda+0x00000000391f98b8
# instanceKlass java/lang/invoke/LambdaForm$DMH+0x00000000391a3400
instanceKlass jdk/internal/foreign/abi/DowncallLinker
instanceKlass  @bci jdk/internal/foreign/abi/CallingSequenceBuilder computeTypeHelper (Ljava/lang/Class;Ljava/lang/Class;)Ljava/lang/invoke/MethodType; 116 <appendix> argL0 ; # jdk/internal/foreign/abi/CallingSequenceBuilder$$Lambda+0x00000000391f9250
instanceKlass  @bci jdk/internal/foreign/abi/CallingSequenceBuilder computeTypeHelper (Ljava/lang/Class;Ljava/lang/Class;)Ljava/lang/invoke/MethodType; 106 <appendix> member <vmtarget> ; # jdk/internal/foreign/abi/CallingSequenceBuilder$$Lambda+0x00000000391f8c00
instanceKlass  @bci jdk/internal/foreign/abi/CallingSequenceBuilder computeTypeHelper (Ljava/lang/Class;Ljava/lang/Class;)Ljava/lang/invoke/MethodType; 90 <appendix> member <vmtarget> ; # jdk/internal/foreign/abi/CallingSequenceBuilder$$Lambda+0x00000000391f89a0
instanceKlass java/util/stream/ReferencePipeline$7$1FlatMap
instanceKlass  @bci jdk/internal/foreign/abi/CallingSequenceBuilder computeTypeHelper (Ljava/lang/Class;Ljava/lang/Class;)Ljava/lang/invoke/MethodType; 61 <appendix> argL0 ; # jdk/internal/foreign/abi/CallingSequenceBuilder$$Lambda+0x00000000391f8778
instanceKlass  @bci jdk/internal/foreign/abi/CallingSequenceBuilder computeTypeHelper (Ljava/lang/Class;Ljava/lang/Class;)Ljava/lang/invoke/MethodType; 51 <appendix> argL0 ; # jdk/internal/foreign/abi/CallingSequenceBuilder$$Lambda+0x00000000391f8530
instanceKlass  @bci jdk/internal/foreign/abi/CallingSequenceBuilder computeTypeHelper (Ljava/lang/Class;Ljava/lang/Class;)Ljava/lang/invoke/MethodType; 41 <appendix> member <vmtarget> ; # jdk/internal/foreign/abi/CallingSequenceBuilder$$Lambda+0x00000000391f82e0
instanceKlass  @bci jdk/internal/foreign/abi/CallingSequenceBuilder computeTypeHelper (Ljava/lang/Class;Ljava/lang/Class;)Ljava/lang/invoke/MethodType; 25 <appendix> member <vmtarget> ; # jdk/internal/foreign/abi/CallingSequenceBuilder$$Lambda+0x00000000391f8080
instanceKlass  @bci jdk/internal/foreign/abi/CallingSequenceBuilder computeTypeHelper (Ljava/lang/Class;Ljava/lang/Class;)Ljava/lang/invoke/MethodType; 9 <appendix> argL0 ; # jdk/internal/foreign/abi/CallingSequenceBuilder$$Lambda+0x00000000391f7e38
instanceKlass  @bci jdk/internal/foreign/abi/CallingSequenceBuilder needsReturnBuffer ()Z 16 <appendix> member <vmtarget> ; # jdk/internal/foreign/abi/CallingSequenceBuilder$$Lambda+0x00000000391f7098
instanceKlass  @bci jdk/internal/foreign/abi/CallingSequenceBuilder isUnbox (Ljdk/internal/foreign/abi/Binding;)Z 11 <appendix> member <vmtarget> ; # jdk/internal/foreign/abi/CallingSequenceBuilder$$TypeSwitch+0x00000000391f6658
instanceKlass  @bci jdk/internal/foreign/abi/CallingSequenceBuilder isBox (Ljdk/internal/foreign/abi/Binding;)Z 11 <appendix> member <vmtarget> ; # jdk/internal/foreign/abi/CallingSequenceBuilder$$TypeSwitch+0x00000000391f6448
instanceKlass jdk/internal/foreign/abi/Binding$Dereference
instanceKlass  @bci jdk/internal/foreign/Utils pointeeByteAlign (Ljava/lang/foreign/AddressLayout;)J 6 <appendix> argL0 ; # jdk/internal/foreign/Utils$$Lambda+0x00000000391f44e0
instanceKlass  @bci jdk/internal/foreign/Utils pointeeByteSize (Ljava/lang/foreign/AddressLayout;)J 6 <appendix> argL0 ; # jdk/internal/foreign/Utils$$Lambda+0x00000000391f4298
instanceKlass java/lang/invoke/TypeConvertingMethodAdapter$BoxHolder
instanceKlass java/lang/invoke/TypeConvertingMethodAdapter$1
instanceKlass  @cpi jdk/internal/foreign/Utils 441 form vmentry <vmtarget> ; # java/lang/invoke/LambdaForm$DMH+0x00000000391a3000
instanceKlass jdk/internal/foreign/abi/Binding$Move
instanceKlass jdk/internal/foreign/abi/x64/windows/CallArranger$1
instanceKlass jdk/internal/foreign/abi/Binding$Builder
instanceKlass jdk/internal/foreign/abi/Binding
instanceKlass  @bci jdk/internal/foreign/abi/x64/windows/CallArranger isInMemoryReturn (Ljava/util/Optional;)Z 16 <appendix> argL0 ; # jdk/internal/foreign/abi/x64/windows/CallArranger$$Lambda+0x00000000391f2cb0
instanceKlass  @bci jdk/internal/foreign/abi/x64/windows/CallArranger isInMemoryReturn (Ljava/util/Optional;)Z 8 <appendix> member <vmtarget> ; # jdk/internal/foreign/abi/x64/windows/CallArranger$$Lambda+0x00000000391f2a50
instanceKlass jdk/internal/foreign/abi/x64/windows/CallArranger$BoxBindingCalculator
instanceKlass jdk/internal/foreign/abi/x64/windows/CallArranger$StorageCalculator
instanceKlass jdk/internal/foreign/abi/x64/windows/CallArranger$UnboxBindingCalculator
instanceKlass jdk/internal/foreign/abi/x64/windows/CallArranger$BindingCalculator
instanceKlass java/util/AbstractList$RandomAccessSpliterator
instanceKlass jdk/internal/foreign/abi/CallingSequenceBuilder
instanceKlass jdk/internal/foreign/abi/x64/windows/CallArranger$1CallingSequenceBuilderHelper
instanceKlass java/util/stream/Sink$ChainedInt
instanceKlass java/util/stream/Sink$OfInt
instanceKlass java/util/function/IntConsumer
instanceKlass  @bci jdk/internal/foreign/abi/x64/X86_64Architecture abiFor ([Ljdk/internal/foreign/abi/VMStorage;[Ljdk/internal/foreign/abi/VMStorage;[Ljdk/internal/foreign/abi/VMStorage;[Ljdk/internal/foreign/abi/VMStorage;I[Ljdk/internal/foreign/abi/VMStorage;[Ljdk/internal/foreign/abi/VMStorage;IILjdk/internal/foreign/abi/VMStorage;Ljdk/internal/foreign/abi/VMStorage;)Ljdk/internal/foreign/abi/ABIDescriptor; 49 <appendix> argL0 ; # jdk/internal/foreign/abi/x64/X86_64Architecture$$Lambda+0x00000000391f0c40
instanceKlass  @bci jdk/internal/foreign/abi/x64/X86_64Architecture abiFor ([Ljdk/internal/foreign/abi/VMStorage;[Ljdk/internal/foreign/abi/VMStorage;[Ljdk/internal/foreign/abi/VMStorage;[Ljdk/internal/foreign/abi/VMStorage;I[Ljdk/internal/foreign/abi/VMStorage;[Ljdk/internal/foreign/abi/VMStorage;IILjdk/internal/foreign/abi/VMStorage;Ljdk/internal/foreign/abi/VMStorage;)Ljdk/internal/foreign/abi/ABIDescriptor; 39 <appendix> argL0 ; # jdk/internal/foreign/abi/x64/X86_64Architecture$$Lambda+0x00000000391f04f0
instanceKlass java/util/Spliterators$EmptySpliterator
instanceKlass java/util/Spliterator$OfInt
instanceKlass java/util/Spliterator$OfPrimitive
instanceKlass java/util/stream/IntStream
instanceKlass jdk/internal/foreign/abi/x64/X86_64Architecture
instanceKlass jdk/internal/foreign/abi/Architecture
instanceKlass jdk/internal/foreign/abi/x64/X86_64Architecture$Regs
instanceKlass jdk/internal/foreign/abi/x64/windows/CallArranger
instanceKlass  @bci jdk/internal/foreign/abi/SoftReferenceCache get (Ljava/lang/Object;Ljava/util/function/Function;)Ljava/lang/Object; 6 <appendix> member <vmtarget> ; # jdk/internal/foreign/abi/SoftReferenceCache$$Lambda+0x00000000391ee0a8
instanceKlass jdk/internal/foreign/abi/SoftReferenceCache$Node
instanceKlass  @bci jdk/internal/foreign/abi/AbstractLinker downcallHandle0 (Ljava/lang/foreign/FunctionDescriptor;[Ljava/lang/foreign/Linker$Option;)Ljava/lang/invoke/MethodHandle; 46 <appendix> member <vmtarget> ; # jdk/internal/foreign/abi/AbstractLinker$$Lambda+0x00000000391edc40
instanceKlass  @bci jdk/internal/foreign/abi/LinkerOptions forDowncall (Ljava/lang/foreign/FunctionDescriptor;[Ljava/lang/foreign/Linker$Option;)Ljdk/internal/foreign/abi/LinkerOptions; 0 <appendix> argL0 ; # jdk/internal/foreign/abi/LinkerOptions$$Lambda+0x00000000391ed5b8
instanceKlass  @cpi jdk/internal/foreign/abi/LinkerOptions 181 form vmentry <vmtarget> ; # java/lang/invoke/LambdaForm$DMH+0x00000000391a2c00
instanceKlass jdk/internal/foreign/abi/LinkerOptions$LinkerOptionImpl
instanceKlass  @bci jdk/internal/foreign/abi/AbstractLinker stripNames (Ljava/lang/foreign/MemoryLayout;)Ljava/lang/foreign/MemoryLayout; 11 <appendix> member <vmtarget> ; # jdk/internal/foreign/abi/AbstractLinker$$TypeSwitch+0x00000000391ed1a0
instanceKlass java/lang/classfile/MethodModel
instanceKlass java/lang/classfile/FieldModel
instanceKlass  @bci jdk/internal/classfile/impl/ClassFileImpl attributeMapper ()Ljava/util/function/Function; 7 <appendix> argL0 ; # jdk/internal/classfile/impl/ClassFileImpl$$Lambda+0x80000004b
instanceKlass java/lang/classfile/ClassModel
instanceKlass java/lang/classfile/AttributedElement
instanceKlass java/lang/classfile/CompoundElement
instanceKlass jdk/internal/classfile/impl/StackMapDecoder$1
instanceKlass jdk/internal/classfile/impl/StackMapDecoder
instanceKlass java/lang/classfile/attribute/StackMapTableAttribute
instanceKlass java/lang/classfile/instruction/SwitchCase
instanceKlass java/lang/classfile/attribute/StackMapFrameInfo
instanceKlass  @bci java/lang/runtime/SwitchBootstraps generateTypeSwitchSkeleton (Ljava/lang/Class;[Ljava/lang/Object;Ljava/util/List;Ljava/util/List;)Ljava/util/function/Consumer; 45 <appendix> member <vmtarget> ; # java/lang/runtime/SwitchBootstraps$$Lambda+0x800000019
instanceKlass java/lang/classfile/AccessFlags
instanceKlass  @bci java/lang/runtime/SwitchBootstraps generateTypeSwitch (Ljava/lang/invoke/MethodHandles$Lookup;Ljava/lang/Class;[Ljava/lang/Object;)Ljava/lang/invoke/MethodHandle; 70 <appendix> member <vmtarget> ; # java/lang/runtime/SwitchBootstraps$$Lambda+0x800000018
instanceKlass java/lang/classfile/ClassFile$Option
instanceKlass java/lang/invoke/DirectMethodHandle$1
instanceKlass java/lang/classfile/attribute/StackMapFrameInfo$ObjectVerificationTypeInfo
instanceKlass java/lang/classfile/attribute/StackMapFrameInfo$VerificationTypeInfo
instanceKlass java/util/function/BiPredicate
instanceKlass jdk/internal/misc/PreviewFeatures
instanceKlass java/lang/runtime/SwitchBootstraps
instanceKlass  @bci jdk/internal/foreign/abi/AbstractLinker checkLayouts (Ljava/lang/foreign/FunctionDescriptor;)V 22 <appendix> member <vmtarget> ; # jdk/internal/foreign/abi/AbstractLinker$$Lambda+0x00000000391ead60
instanceKlass  @bci jdk/internal/foreign/abi/AbstractLinker checkLayouts (Ljava/lang/foreign/FunctionDescriptor;)V 7 <appendix> member <vmtarget> ; # jdk/internal/foreign/abi/AbstractLinker$$Lambda+0x00000000391eab20
instanceKlass java/lang/foreign/Linker$Option
instanceKlass  @bci jdk/internal/foreign/SystemLookup lambda$makeWindowsLookup$3 (Ljava/lang/foreign/SymbolLookup;Ljava/util/function/Function;Ljava/lang/String;)Ljava/util/Optional; 25 <appendix> member <vmtarget> ; # jdk/internal/foreign/SystemLookup$$Lambda+0x00000000391ea4e8
instanceKlass  @bci java/lang/foreign/SymbolLookup lambda$or$0 (Ljava/lang/foreign/SymbolLookup;Ljava/lang/String;)Ljava/util/Optional; 9 <appendix> member <vmtarget> ; # java/lang/foreign/SymbolLookup$$Lambda+0x00000000391ea2b8
instanceKlass java/util/stream/FindOps$FindOp
instanceKlass  @bci java/util/stream/FindOps$FindSink$OfRef <clinit> ()V 6 <appendix> argL0 ; # java/util/stream/FindOps$FindSink$OfRef$$Lambda+0x800000048
instanceKlass  @bci java/util/stream/FindOps$FindSink$OfRef <clinit> ()V 0 <appendix> argL0 ; # java/util/stream/FindOps$FindSink$OfRef$$Lambda+0x800000049
instanceKlass java/util/stream/FindOps$FindSink
instanceKlass java/util/stream/FindOps
instanceKlass  @bci jdk/internal/foreign/FunctionDescriptorImpl <init> (Ljava/lang/foreign/MemoryLayout;Ljava/util/List;)V 44 <appendix> argL0 ; # jdk/internal/foreign/FunctionDescriptorImpl$$Lambda+0x00000000391ea060
instanceKlass java/util/Collections$2
instanceKlass jdk/internal/foreign/FunctionDescriptorImpl
instanceKlass  @bci java/lang/foreign/SymbolLookup or (Ljava/lang/foreign/SymbolLookup;)Ljava/lang/foreign/SymbolLookup; 7 <appendix> member <vmtarget> ; # java/lang/foreign/SymbolLookup$$Lambda+0x00000000391e9bb0
instanceKlass  @cpi java/lang/foreign/SymbolLookup 273 form vmentry <vmtarget> ; # java/lang/invoke/LambdaForm$DMH+0x00000000391a2800
instanceKlass  @bci jdk/internal/foreign/SystemLookup makeWindowsLookup ()Ljava/lang/foreign/SymbolLookup; 123 <appendix> member <vmtarget> ; # jdk/internal/foreign/SystemLookup$$Lambda+0x00000000391e9960
instanceKlass  @cpi jdk/internal/foreign/SystemLookup 290 form vmentry <vmtarget> ; # java/lang/invoke/LambdaForm$DMH+0x00000000391a2400
instanceKlass  @bci jdk/internal/foreign/SystemLookup makeWindowsLookup ()Ljava/lang/foreign/SymbolLookup; 108 <appendix> member <vmtarget> ; # jdk/internal/foreign/SystemLookup$$Lambda+0x00000000391e9710
instanceKlass  @bci jdk/internal/foreign/SystemLookup lookup (Ljdk/internal/loader/NativeLibrary;)Ljava/lang/foreign/SymbolLookup; 1 <appendix> member <vmtarget> ; # jdk/internal/foreign/SystemLookup$$Lambda+0x00000000391e9070
instanceKlass  @bci jdk/internal/foreign/SystemLookup makeWindowsLookup ()Ljava/lang/foreign/SymbolLookup; 62 <appendix> member <vmtarget> ; # jdk/internal/foreign/SystemLookup$$Lambda+0x00000000391e8be8
instanceKlass jdk/internal/loader/RawNativeLibraries
instanceKlass sun/nio/fs/WindowsPath$1
instanceKlass  @bci jdk/internal/foreign/SystemLookup <clinit> ()V 10 <appendix> argL0 ; # jdk/internal/foreign/SystemLookup$$Lambda+0x00000000391e8128
instanceKlass jdk/internal/foreign/SystemLookup
instanceKlass  @bci java/lang/foreign/SymbolLookup loaderLookup ()Ljava/lang/foreign/SymbolLookup; 49 <appendix> member <vmtarget> ; # java/lang/foreign/SymbolLookup$$Lambda+0x00000000391e7c90
instanceKlass java/lang/foreign/SymbolLookup
instanceKlass java/util/AbstractMap$ValueIterator
instanceKlass jdk/internal/foreign/abi/SoftReferenceCache
instanceKlass jdk/internal/foreign/abi/x64/windows/Windowsx64Linker$1Holder
instanceKlass jdk/internal/foreign/abi/AbstractLinker
instanceKlass jdk/internal/vm/ForeignLinkerSupport
instanceKlass jdk/internal/foreign/abi/SharedUtils$3
instanceKlass jdk/internal/foreign/BufferStack
instanceKlass  @bci jdk/internal/foreign/abi/SharedUtils <clinit> ()V 162 <appendix> argL0 ; # jdk/internal/foreign/abi/SharedUtils$$Lambda+0x00000000391e5b20
instanceKlass  @cpi jdk/internal/foreign/abi/SharedUtils 962 form vmentry <vmtarget> ; # java/lang/invoke/LambdaForm$DMH+0x00000000391a2000
# instanceKlass java/lang/invoke/LambdaForm$DMH+0x00000000391a1c00
# instanceKlass java/lang/invoke/LambdaForm$DMH+0x00000000391a1800
instanceKlass  @cpi jdk/internal/foreign/SystemLookup 281 form vmentry <vmtarget> ; # java/lang/invoke/LambdaForm$DMH+0x00000000391a1400
instanceKlass  @cpi java/lang/classfile/constantpool/ConstantPoolBuilder 412 form vmentry <vmtarget> ; # java/lang/invoke/LambdaForm$DMH+0x00000000391a1000
instanceKlass jdk/internal/foreign/abi/SharedUtils$1
instanceKlass java/lang/foreign/UnionLayout
instanceKlass  @bci java/lang/foreign/MemoryLayout unionLayout ([Ljava/lang/foreign/MemoryLayout;)Ljava/lang/foreign/UnionLayout; 9 <appendix> argL0 ; # java/lang/foreign/MemoryLayout$$Lambda+0x00000000391e4e80
instanceKlass  @bci java/lang/foreign/MemoryLayout sequenceLayout (JLjava/lang/foreign/MemoryLayout;)Ljava/lang/foreign/SequenceLayout; 19 <adapter> ; # java/lang/invoke/LambdaForm$MH+0x00000000391a0c00
# instanceKlass java/lang/invoke/LambdaForm$DMH+0x00000000391a0800
instanceKlass  @bci java/lang/foreign/MemoryLayout sequenceLayout (JLjava/lang/foreign/MemoryLayout;)Ljava/lang/foreign/SequenceLayout; 19 <appendix> form vmentry <vmtarget> ; # java/lang/invoke/LambdaForm$DMH+0x00000000391a0400
instanceKlass  @bci java/lang/foreign/MemoryLayout sequenceLayout (JLjava/lang/foreign/MemoryLayout;)Ljava/lang/foreign/SequenceLayout; 19 <appendix> member <vmtarget> ; # java/lang/foreign/MemoryLayout$$Lambda+0x00000000391e4878
instanceKlass java/lang/foreign/SequenceLayout
instanceKlass sun/font/HBShaper
instanceKlass sun/font/GlyphLayout$LayoutEngineKey
instanceKlass sun/font/GlyphLayout$EngineRecord
instanceKlass sun/font/ScriptRunData
instanceKlass sun/font/FontSubstitution
instanceKlass sun/font/GlyphLayout$SDCache$SDKey
instanceKlass sun/font/GlyphLayout$SDCache
instanceKlass sun/font/FontRunIterator
instanceKlass sun/font/ScriptRun
instanceKlass sun/font/TextRecord
instanceKlass sun/font/GlyphLayout$GVData
instanceKlass sun/font/SunLayoutEngine
instanceKlass sun/font/GlyphLayout$LayoutEngineFactory
instanceKlass sun/font/GlyphLayout$LayoutEngine
instanceKlass sun/font/GlyphLayout
instanceKlass sun/font/TextLabel
instanceKlass sun/font/Decoration$Label
instanceKlass sun/font/TextSource
instanceKlass java/awt/font/GraphicAttribute
instanceKlass sun/font/TextLineComponent
instanceKlass sun/font/TextLabelFactory
instanceKlass java/awt/font/CharArrayIterator
instanceKlass java/awt/font/LineMetrics
instanceKlass sun/font/CoreMetrics
instanceKlass java/awt/font/TextLine$Function
instanceKlass java/awt/font/TextLine
instanceKlass sun/font/AttributeValues$1
instanceKlass sun/font/Decoration
instanceKlass java/awt/font/StyledParagraph
instanceKlass jdk/internal/icu/text/BidiBase$TextAttributeConstants
instanceKlass java/awt/font/TextMeasurer
instanceKlass java/awt/font/LineBreakMeasurer
instanceKlass java/text/BreakIterator$BreakIteratorCache
instanceKlass sun/text/SupplementaryCharacterData
instanceKlass sun/text/CompactByteArray
instanceKlass sun/util/resources/provider/NonBaseLocaleDataMetaInfo
instanceKlass sun/util/locale/provider/BaseLocaleDataMetaInfo
instanceKlass java/text/BreakIterator
instanceKlass  @bci java/util/DualPivotQuicksort sort (Ljava/util/DualPivotQuicksort$Sorter;[JIII)V 63 <appendix> argL0 ; # java/util/DualPivotQuicksort$$Lambda+0x00000000391db898
instanceKlass  @cpi java/util/DualPivotQuicksort 420 form vmentry <vmtarget> ; # java/lang/invoke/LambdaForm$DMH+0x00000000391a0000
instanceKlass java/util/DualPivotQuicksort$SortOperation
instanceKlass java/util/DualPivotQuicksort
instanceKlass jdk/internal/icu/text/BidiLine
instanceKlass sun/font/BidiUtils
instanceKlass jdk/internal/icu/util/CodePointTrie$Data
instanceKlass jdk/internal/icu/util/CodePointMap
instanceKlass jdk/internal/icu/util/VersionInfo
instanceKlass jdk/internal/icu/impl/UCharacterProperty$IsAcceptable
instanceKlass jdk/internal/icu/impl/UCharacterProperty$IntProperty
instanceKlass jdk/internal/icu/impl/UCharacterProperty
instanceKlass jdk/internal/icu/text/UTF16
instanceKlass jdk/internal/icu/impl/Trie2$UTrie2Header
instanceKlass jdk/internal/icu/impl/Trie2$1
instanceKlass jdk/internal/icu/impl/Trie2$ValueMapper
instanceKlass jdk/internal/icu/impl/Trie2
instanceKlass jdk/internal/icu/impl/UBiDiProps$IsAcceptable
instanceKlass jdk/internal/icu/impl/ICUBinary$Authenticate
instanceKlass jdk/internal/icu/impl/ICUBinary
instanceKlass jdk/internal/icu/impl/UBiDiProps
instanceKlass jdk/internal/icu/text/BidiBase$Point
instanceKlass jdk/internal/icu/text/BidiBase$InsertPoints
instanceKlass jdk/internal/icu/text/BidiRun
instanceKlass jdk/internal/icu/text/BidiBase$ImpTabPair
instanceKlass jdk/internal/icu/text/BidiBase
instanceKlass java/text/Bidi
instanceKlass javax/swing/text/DefaultStyledDocument$ElementBuffer$ElemChanges
instanceKlass javax/swing/text/DefaultStyledDocument$ElementSpec
instanceKlass java/time/format/DateTimeFormatterBuilder$2
instanceKlass java/time/LocalTime$1
instanceKlass java/time/format/DateTimePrintContext
instanceKlass  @bci java/time/format/DateTimeFormatter <clinit> ()V 1075 <appendix> argL0 ; # java/time/format/DateTimeFormatter$$Lambda+0x80000001b
instanceKlass  @bci java/time/format/DateTimeFormatter <clinit> ()V 1067 <appendix> argL0 ; # java/time/format/DateTimeFormatter$$Lambda+0x80000001a
instanceKlass java/time/Period
instanceKlass java/time/chrono/ChronoPeriod
instanceKlass java/time/format/DateTimeFormatterBuilder$TextPrinterParser
instanceKlass java/time/format/DateTimeTextProvider$1
instanceKlass java/time/format/DateTimeTextProvider
instanceKlass java/util/Collections$1
instanceKlass java/util/AbstractMap$SimpleImmutableEntry
instanceKlass java/time/format/DateTimeTextProvider$LocaleStore
instanceKlass java/time/format/DateTimeFormatterBuilder$InstantPrinterParser
instanceKlass java/time/format/DateTimeFormatterBuilder$StringLiteralPrinterParser
instanceKlass java/time/format/DateTimeFormatterBuilder$ZoneIdPrinterParser
instanceKlass java/time/format/DateTimeFormatterBuilder$OffsetIdPrinterParser
instanceKlass java/time/format/DecimalStyle
instanceKlass java/time/format/DateTimeFormatterBuilder$CharLiteralPrinterParser
instanceKlass java/time/format/DateTimeFormatter
instanceKlass java/time/format/DateTimeFormatterBuilder$CompositePrinterParser
instanceKlass java/time/format/DateTimeFormatterBuilder$NumberPrinterParser
instanceKlass java/time/format/DateTimeFormatterBuilder$DateTimePrinterParser
instanceKlass java/time/temporal/JulianFields
instanceKlass java/time/temporal/IsoFields
instanceKlass  @bci java/time/format/DateTimeFormatterBuilder <clinit> ()V 0 <appendix> argL0 ; # java/time/format/DateTimeFormatterBuilder$$Lambda+0x80000001c
instanceKlass java/time/temporal/TemporalQuery
instanceKlass java/time/format/DateTimeFormatterBuilder
instanceKlass java/time/Year
instanceKlass java/time/chrono/AbstractChronology
instanceKlass java/time/chrono/Chronology
instanceKlass java/time/zone/ZoneOffsetTransition
instanceKlass java/time/zone/ZoneOffsetTransitionRule
instanceKlass java/time/zone/ZoneRules
instanceKlass java/time/zone/Ser
instanceKlass java/time/zone/ZoneRulesProvider
instanceKlass java/util/concurrent/atomic/AtomicReferenceArray
instanceKlass java/time/Clock
instanceKlass java/time/InstantSource
instanceKlass java/time/temporal/ValueRange
instanceKlass java/time/temporal/TemporalUnit
instanceKlass java/time/temporal/TemporalField
instanceKlass  @bci gui/ChatWindow buildUI ()V 518 <appendix> member <vmtarget> ; # gui/ChatWindow$$Lambda+0x0000000039196d40
instanceKlass javax/swing/plaf/basic/BasicScrollPaneUI$Handler
instanceKlass java/awt/event/ComponentAdapter
instanceKlass javax/swing/plaf/basic/BasicScrollBarUI$ScrollListener
instanceKlass javax/swing/plaf/basic/BasicScrollBarUI$Handler
instanceKlass javax/swing/plaf/basic/BasicScrollBarUI$ModelListener
instanceKlass com/sun/java/swing/plaf/windows/WindowsScrollBarUI$Grid
instanceKlass javax/swing/JScrollBar$ModelListener
instanceKlass java/awt/Adjustable
instanceKlass javax/swing/ViewportLayout
instanceKlass javax/swing/ScrollPaneLayout
instanceKlass javax/swing/text/TabableView
instanceKlass java/util/Arrays$ArrayItr
instanceKlass javax/swing/text/FlowView$FlowStrategy
instanceKlass javax/swing/text/DefaultStyledDocument$AbstractChangeHandler
instanceKlass javax/swing/text/DefaultStyledDocument$ElementBuffer
instanceKlass javax/swing/text/StyledDocument
instanceKlass javax/swing/text/StyledEditorKit$AttributeTracker
instanceKlass javax/swing/text/StyledEditorKit$StyledViewFactory
instanceKlass sun/net/httpserver/ServerImpl$DefaultExecutor
instanceKlass com/sun/net/httpserver/Filter
instanceKlass dashboard/DashboardHandler
instanceKlass java/util/Timer$ThreadReaper
instanceKlass java/lang/Thread$ThreadNumbering
instanceKlass java/util/TaskQueue
instanceKlass java/util/Timer
instanceKlass sun/net/httpserver/ServerImpl$Dispatcher
instanceKlass java/lang/invoke/ConstantBootstraps
instanceKlass java/nio/channels/SelectionKey
instanceKlass java/nio/BufferMismatch
instanceKlass org/jcp/xml/dsig/internal/dom/XMLDSigRI$2
instanceKlass org/jcp/xml/dsig/internal/dom/XMLDSigRI$1
instanceKlass sun/security/smartcardio/SunPCSC$1
instanceKlass  @bci sun/security/pkcs11/SunPKCS11 register (Lsun/security/pkcs11/SunPKCS11$Descriptor;)V 27 <appendix> argL0 ; # sun/security/pkcs11/SunPKCS11$$Lambda+0x000000003919ae40
instanceKlass sun/security/pkcs11/SunPKCS11$Descriptor
instanceKlass javax/security/auth/Subject
instanceKlass sun/security/jca/ProviderConfig$ProviderLoader
instanceKlass java/security/spec/ECFieldF2m
instanceKlass sun/security/util/ObjectIdentifier
instanceKlass sun/security/util/ByteArrayTagOrder
instanceKlass sun/security/util/ByteArrayLexOrder
instanceKlass sun/security/util/DerEncoder
instanceKlass java/security/spec/ECParameterSpec
instanceKlass java/security/spec/AlgorithmParameterSpec
instanceKlass java/security/spec/ECPoint
instanceKlass java/security/spec/EllipticCurve
instanceKlass java/security/spec/ECFieldFp
instanceKlass java/security/spec/ECField
instanceKlass sun/security/util/CurveDB
instanceKlass sun/security/rsa/SunRsaSignEntries
instanceKlass java/lang/ProcessEnvironment$CheckedEntry
instanceKlass java/lang/ProcessEnvironment$CheckedEntrySet$1
instanceKlass java/lang/ProcessEnvironment$EntryComparator
instanceKlass java/lang/ProcessEnvironment$NameComparator
instanceKlass sun/nio/ch/UnixDomainSocketsUtil
instanceKlass sun/nio/ch/UnixDomainSockets
instanceKlass sun/nio/ch/PipeImpl$Initializer$LoopbackConnector
instanceKlass sun/nio/ch/PipeImpl$Initializer
instanceKlass java/nio/channels/Pipe
instanceKlass sun/nio/ch/WEPoll
instanceKlass sun/nio/ch/Util$2
instanceKlass java/nio/channels/spi/AbstractSelector$1
instanceKlass java/nio/channels/Selector
instanceKlass java/net/ServerSocket
instanceKlass sun/nio/ch/DefaultSelectorProvider
instanceKlass java/nio/channels/spi/SelectorProvider$Holder
instanceKlass java/nio/channels/spi/SelectorProvider
instanceKlass sun/net/httpserver/ContextList
instanceKlass sun/net/httpserver/ServerConfig
instanceKlass sun/net/httpserver/Event
instanceKlass sun/net/httpserver/ServerImpl
instanceKlass com/sun/net/httpserver/HttpContext
instanceKlass com/sun/net/httpserver/spi/HttpServerProvider
instanceKlass com/sun/net/httpserver/HttpServer
instanceKlass com/sun/net/httpserver/HttpHandler
instanceKlass dashboard/DashboardServer
instanceKlass database/ChatMessageDAO
instanceKlass database/TransactionDAO
instanceKlass commands/CommandHandler
instanceKlass parser/MessageParser
instanceKlass javax/swing/ScrollPaneConstants
instanceKlass sun/awt/SunToolkit$1
instanceKlass java/awt/Window$1DisposeAction
instanceKlass  @bci com/mysql/cj/jdbc/ClientPreparedStatement executeQuery ()Ljava/sql/ResultSet; 156 <appendix> argL0 ; # com/mysql/cj/jdbc/ClientPreparedStatement$$Lambda+0x0000000039194cf0
instanceKlass  @bci com/mysql/cj/jdbc/ClientPreparedStatement executeQuery ()Ljava/sql/ResultSet; 142 <appendix> argL0 ; # com/mysql/cj/jdbc/ClientPreparedStatement$$Lambda+0x0000000039194ac8
instanceKlass  @bci com/mysql/cj/jdbc/ClientPreparedStatement executeQuery ()Ljava/sql/ResultSet; 128 <appendix> member <vmtarget> ; # com/mysql/cj/jdbc/ClientPreparedStatement$$Lambda+0x0000000039194898
instanceKlass  @bci com/mysql/cj/jdbc/ClientPreparedStatement executeQuery ()Ljava/sql/ResultSet; 62 <appendix> member <vmtarget> ; # com/mysql/cj/jdbc/ClientPreparedStatement$$Lambda+0x0000000039194668
instanceKlass com/mysql/cj/protocol/result/AbstractResultsetRow$1
instanceKlass sun/util/calendar/CalendarUtils
instanceKlass sun/util/calendar/CalendarDate
instanceKlass sun/util/resources/Bundles$CacheKeyReference
instanceKlass  @bci sun/util/cldr/CLDRLocaleProviderAdapter applyAliases (Ljava/util/Locale;)Ljava/util/Locale; 4 <appendix> argL0 ; # sun/util/cldr/CLDRLocaleProviderAdapter$$Lambda+0x80000005a
instanceKlass sun/util/resources/Bundles$CacheKey
instanceKlass sun/util/resources/LocaleData$LocaleDataStrategy
instanceKlass sun/util/resources/Bundles$Strategy
instanceKlass sun/util/resources/LocaleData
instanceKlass sun/util/locale/provider/LocaleResources
instanceKlass  @bci sun/util/locale/provider/LocaleProviderAdapter toLocaleArray (Ljava/util/Set;)[Ljava/util/Locale; 21 <appendix> argL0 ; # sun/util/locale/provider/LocaleProviderAdapter$$Lambda+0x80000005d
instanceKlass java/util/stream/DistinctOps
instanceKlass  @bci sun/util/locale/provider/LocaleProviderAdapter toLocaleArray (Ljava/util/Set;)[Ljava/util/Locale; 6 <appendix> argL0 ; # sun/util/locale/provider/LocaleProviderAdapter$$Lambda+0x80000005b
instanceKlass java/util/Spliterators$IteratorSpliterator
instanceKlass sun/util/locale/provider/CalendarDataUtility$CalendarWeekParameterGetter
instanceKlass sun/util/locale/provider/LocaleServiceProviderPool$LocalizedObjectGetter
instanceKlass sun/util/locale/provider/LocaleServiceProviderPool
instanceKlass java/util/Locale$Builder
instanceKlass sun/util/locale/provider/CalendarDataUtility
instanceKlass sun/util/calendar/CalendarSystem$GregorianHolder
instanceKlass sun/util/calendar/CalendarSystem
instanceKlass java/util/Calendar$Builder
instanceKlass sun/util/locale/provider/AvailableLanguageTags
instanceKlass sun/util/resources/cldr/provider/CLDRLocaleDataMetaInfo
instanceKlass java/util/Locale$LocaleCache
instanceKlass jdk/internal/util/ReferencedKeyMap$1
instanceKlass sun/util/locale/BaseLocale$1InterningCache
instanceKlass sun/util/cldr/CLDRBaseLocaleDataMetaInfo
instanceKlass sun/util/locale/provider/LocaleDataMetaInfo
instanceKlass sun/util/locale/provider/ResourceBundleBasedAdapter
instanceKlass sun/util/locale/provider/LocaleProviderAdapter
instanceKlass java/util/spi/LocaleServiceProvider
instanceKlass com/mysql/cj/protocol/a/StringValueEncoder$1
instanceKlass  @bci com/mysql/cj/jdbc/StatementImpl closeAllOpenResults ()V 34 <appendix> argL0 ; # com/mysql/cj/jdbc/StatementImpl$$Lambda+0x000000003918fab8
instanceKlass  @bci com/mysql/cj/jdbc/ClientPreparedStatement executeUpdateInternal (Lcom/mysql/cj/QueryBindings;Z)J 166 <appendix> argL0 ; # com/mysql/cj/jdbc/ClientPreparedStatement$$Lambda+0x000000003918f890
instanceKlass  @bci com/mysql/cj/jdbc/ClientPreparedStatement executeUpdateInternal (Lcom/mysql/cj/QueryBindings;Z)J 151 <appendix> argL0 ; # com/mysql/cj/jdbc/ClientPreparedStatement$$Lambda+0x000000003918f668
instanceKlass  @bci com/mysql/cj/jdbc/ClientPreparedStatement executeUpdateInternal (Lcom/mysql/cj/QueryBindings;Z)J 136 <appendix> member <vmtarget> ; # com/mysql/cj/jdbc/ClientPreparedStatement$$Lambda+0x000000003918f438
instanceKlass  @bci com/mysql/cj/jdbc/ClientPreparedStatement executeUpdateInternal (Lcom/mysql/cj/QueryBindings;Z)J 66 <appendix> member <vmtarget> ; # com/mysql/cj/jdbc/ClientPreparedStatement$$Lambda+0x000000003918f208
instanceKlass  @bci com/mysql/cj/jdbc/ConnectionImpl prepareStatement (Ljava/lang/String;II)Ljava/sql/PreparedStatement; 611 <appendix> argL0 ; # com/mysql/cj/jdbc/ConnectionImpl$$Lambda+0x000000003918efe0
instanceKlass  @bci com/mysql/cj/jdbc/ConnectionImpl prepareStatement (Ljava/lang/String;II)Ljava/sql/PreparedStatement; 596 <appendix> argL0 ; # com/mysql/cj/jdbc/ConnectionImpl$$Lambda+0x000000003918edb8
instanceKlass  @bci com/mysql/cj/jdbc/ConnectionImpl prepareStatement (Ljava/lang/String;II)Ljava/sql/PreparedStatement; 581 <appendix> member <vmtarget> ; # com/mysql/cj/jdbc/ConnectionImpl$$Lambda+0x000000003918eb88
instanceKlass  @bci com/mysql/cj/jdbc/ConnectionImpl prepareStatement (Ljava/lang/String;II)Ljava/sql/PreparedStatement; 510 <appendix> member <vmtarget> ; # com/mysql/cj/jdbc/ConnectionImpl$$Lambda+0x000000003918e958
instanceKlass  @bci com/mysql/cj/jdbc/ClientPreparedStatement initializeFromQueryInfo ()V 53 <appendix> argL0 ; # com/mysql/cj/jdbc/ClientPreparedStatement$$Lambda+0x000000003918e510
instanceKlass com/mysql/cj/NativeQueryBindValue
instanceKlass com/mysql/cj/NativeQueryBindings
instanceKlass java/util/RegularEnumSet$EnumSetIterator
instanceKlass com/mysql/cj/QueryInfo
instanceKlass com/mysql/cj/CancelQueryTask
instanceKlass java/util/TimerTask
instanceKlass com/mysql/cj/AbstractQuery
instanceKlass com/mysql/cj/PreparedQuery
instanceKlass com/mysql/cj/jdbc/ParameterBindings
instanceKlass com/mysql/cj/QueryBindings
instanceKlass java/sql/ParameterMetaData
instanceKlass com/mysql/cj/jdbc/EscapeProcessor
instanceKlass  @bci com/mysql/cj/jdbc/ConnectionImpl <init> (Lcom/mysql/cj/conf/HostInfo;)V 1047 <appendix> member <vmtarget> ; # com/mysql/cj/jdbc/ConnectionImpl$$Lambda+0x000000003918acf0
instanceKlass com/mysql/cj/protocol/NetworkResources
instanceKlass  @bci com/mysql/cj/jdbc/ConnectionImpl unSafeQueryInterceptors ()V 37 <appendix> argL0 ; # com/mysql/cj/jdbc/ConnectionImpl$$Lambda+0x000000003918a638
instanceKlass  @bci com/mysql/cj/jdbc/ConnectionImpl unSafeQueryInterceptors ()V 27 <appendix> argL0 ; # com/mysql/cj/jdbc/ConnectionImpl$$Lambda+0x000000003918a3f0
instanceKlass  @bci com/mysql/cj/jdbc/ConnectionImpl unSafeQueryInterceptors ()V 17 <appendix> member <vmtarget> ; # com/mysql/cj/jdbc/ConnectionImpl$$Lambda+0x000000003918a1a0
instanceKlass  @bci com/mysql/cj/jdbc/ConnectionImpl setupServerForTruncationChecks ()V 218 <appendix> argL0 ; # com/mysql/cj/jdbc/ConnectionImpl$$Lambda+0x0000000039189f78
instanceKlass  @bci com/mysql/cj/jdbc/ConnectionImpl setupServerForTruncationChecks ()V 203 <appendix> argL0 ; # com/mysql/cj/jdbc/ConnectionImpl$$Lambda+0x0000000039189d50
instanceKlass  @bci com/mysql/cj/jdbc/ConnectionImpl setupServerForTruncationChecks ()V 188 <appendix> member <vmtarget> ; # com/mysql/cj/jdbc/ConnectionImpl$$Lambda+0x0000000039189b20
instanceKlass  @bci com/mysql/cj/jdbc/ConnectionImpl setupServerForTruncationChecks ()V 134 <appendix> member <vmtarget> ; # com/mysql/cj/jdbc/ConnectionImpl$$Lambda+0x00000000391898f0
instanceKlass java/sql/ResultSetMetaData
instanceKlass com/mysql/cj/NativeQueryAttributesBindings
instanceKlass  @bci com/mysql/cj/jdbc/ConnectionImpl setAutoCommit (Z)V 324 <appendix> argL0 ; # com/mysql/cj/jdbc/ConnectionImpl$$Lambda+0x0000000039189168
instanceKlass  @bci com/mysql/cj/jdbc/ConnectionImpl setAutoCommit (Z)V 309 <appendix> argL0 ; # com/mysql/cj/jdbc/ConnectionImpl$$Lambda+0x0000000039188f40
instanceKlass  @bci com/mysql/cj/jdbc/ConnectionImpl setAutoCommit (Z)V 294 <appendix> member <vmtarget> ; # com/mysql/cj/jdbc/ConnectionImpl$$Lambda+0x0000000039188d10
instanceKlass  @bci com/mysql/cj/jdbc/ConnectionImpl setAutoCommit (Z)V 240 <appendix> member <vmtarget> ; # com/mysql/cj/jdbc/ConnectionImpl$$Lambda+0x0000000039188ae0
instanceKlass  @bci com/mysql/cj/NativeCharsetSettings telemetryWrapSendCommand (Ljava/lang/Runnable;Lcom/mysql/cj/telemetry/TelemetrySpanName;[Ljava/lang/Object;)V 116 <appendix> argL0 ; # com/mysql/cj/NativeCharsetSettings$$Lambda+0x00000000391888b8
instanceKlass  @bci com/mysql/cj/NativeCharsetSettings telemetryWrapSendCommand (Ljava/lang/Runnable;Lcom/mysql/cj/telemetry/TelemetrySpanName;[Ljava/lang/Object;)V 101 <appendix> argL0 ; # com/mysql/cj/NativeCharsetSettings$$Lambda+0x0000000039188690
instanceKlass  @bci com/mysql/cj/NativeCharsetSettings telemetryWrapSendCommand (Ljava/lang/Runnable;Lcom/mysql/cj/telemetry/TelemetrySpanName;[Ljava/lang/Object;)V 86 <appendix> member <vmtarget> ; # com/mysql/cj/NativeCharsetSettings$$Lambda+0x0000000039188460
instanceKlass  @bci com/mysql/cj/NativeCharsetSettings telemetryWrapSendCommand (Ljava/lang/Runnable;Lcom/mysql/cj/telemetry/TelemetrySpanName;[Ljava/lang/Object;)V 34 <appendix> member <vmtarget> ; # com/mysql/cj/NativeCharsetSettings$$Lambda+0x0000000039188230
instanceKlass  @bci com/mysql/cj/NativeCharsetSettings configurePostHandshake (Z)V 727 <appendix> member <vmtarget> ; # com/mysql/cj/NativeCharsetSettings$$Lambda+0x0000000039188000
instanceKlass com/mysql/cj/LicenseConfiguration
instanceKlass com/mysql/cj/protocol/InternalDate
instanceKlass com/mysql/cj/result/DefaultValueFactory
instanceKlass com/mysql/cj/protocol/a/result/AbstractResultsetRows
instanceKlass com/mysql/cj/protocol/result/AbstractResultsetRow
instanceKlass com/mysql/cj/result/DefaultColumnDefinition$1
instanceKlass  @bci java/util/regex/CharPredicates ASCII_DIGIT ()Ljava/util/regex/Pattern$BmpCharPredicate; 0 <appendix> argL0 ; # java/util/regex/CharPredicates$$Lambda+0x800000024
instanceKlass com/mysql/cj/protocol/a/MysqlTextValueDecoder
instanceKlass com/mysql/cj/protocol/ValueDecoder
instanceKlass com/mysql/cj/protocol/a/AbstractRowFactory
instanceKlass com/mysql/cj/result/DefaultColumnDefinition
instanceKlass com/mysql/cj/result/Field$1
instanceKlass com/mysql/cj/protocol/a/ColumnDefinitionReader$1
instanceKlass java/sql/SQLType
instanceKlass com/mysql/cj/util/LazyString
instanceKlass com/mysql/cj/result/Field
instanceKlass com/mysql/cj/protocol/a/ColumnDefinitionFactory
instanceKlass com/mysql/cj/protocol/a/ResultsetFactory
instanceKlass  @bci com/mysql/cj/NativeSession loadServerVariables (Ljava/util/concurrent/locks/Lock;Ljava/lang/String;)V 465 <appendix> argL0 ; # com/mysql/cj/NativeSession$$Lambda+0x00000000391832f8
instanceKlass  @bci com/mysql/cj/NativeSession loadServerVariables (Ljava/util/concurrent/locks/Lock;Ljava/lang/String;)V 450 <appendix> argL0 ; # com/mysql/cj/NativeSession$$Lambda+0x00000000391830d0
instanceKlass  @bci com/mysql/cj/NativeSession loadServerVariables (Ljava/util/concurrent/locks/Lock;Ljava/lang/String;)V 435 <appendix> member <vmtarget> ; # com/mysql/cj/NativeSession$$Lambda+0x0000000039182ea0
instanceKlass  @bci com/mysql/cj/NativeSession loadServerVariables (Ljava/util/concurrent/locks/Lock;Ljava/lang/String;)V 383 <appendix> member <vmtarget> ; # com/mysql/cj/NativeSession$$Lambda+0x0000000039182c70
instanceKlass com/mysql/cj/jdbc/DatabaseMetaData
instanceKlass com/mysql/cj/QueryAttributesBindings
instanceKlass com/mysql/cj/BindValue
instanceKlass com/mysql/cj/protocol/a/NativeMessageBuilder
instanceKlass com/mysql/cj/protocol/a/MultiPacketReader
instanceKlass com/mysql/cj/protocol/a/TimeTrackingPacketReader
instanceKlass com/mysql/cj/protocol/a/TimeTrackingPacketSender
instanceKlass com/mysql/cj/protocol/a/NativeServerSessionStateController$NativeServerSessionStateChanges
instanceKlass com/mysql/cj/protocol/a/result/OkPacket
instanceKlass com/mysql/cj/protocol/a/NativeUtils
instanceKlass com/mysql/cj/protocol/a/PacketSplitter
instanceKlass com/mysql/cj/protocol/a/authentication/AuthenticationOpenidConnectClient
instanceKlass com/mysql/cj/protocol/a/authentication/AuthenticationWebAuthnClient
instanceKlass com/mysql/cj/protocol/a/authentication/AuthenticationOciClient
instanceKlass  @bci com/mysql/cj/protocol/a/authentication/AuthenticationKerberosClient <init> ()V 43 <appendix> member <vmtarget> ; # com/mysql/cj/protocol/a/authentication/AuthenticationKerberosClient$$Lambda+0x000000003917c980
instanceKlass com/mysql/cj/protocol/a/authentication/AuthenticationKerberosClient
instanceKlass  @bci com/mysql/cj/protocol/a/authentication/AuthenticationLdapSaslClientPlugin <init> ()V 46 <appendix> member <vmtarget> ; # com/mysql/cj/protocol/a/authentication/AuthenticationLdapSaslClientPlugin$$Lambda+0x000000003917c240
instanceKlass javax/security/auth/callback/Callback
instanceKlass javax/security/auth/callback/CallbackHandler
instanceKlass javax/security/auth/login/Configuration
instanceKlass com/mysql/cj/protocol/a/authentication/AuthenticationLdapSaslClientPlugin
instanceKlass com/mysql/cj/protocol/a/authentication/MysqlOldPasswordPlugin
instanceKlass com/mysql/cj/protocol/a/authentication/Sha256PasswordPlugin
instanceKlass com/mysql/cj/protocol/a/authentication/MysqlClearPasswordPlugin
instanceKlass com/mysql/cj/protocol/a/authentication/MysqlNativePasswordPlugin
instanceKlass com/mysql/cj/protocol/AuthenticationPlugin
instanceKlass com/mysql/cj/protocol/a/NativePacketPayload$1
instanceKlass com/mysql/cj/protocol/a/NativeCapabilities
instanceKlass com/mysql/cj/protocol/a/NativePacketHeader
instanceKlass com/mysql/cj/Collation
instanceKlass sun/nio/cs/DelegatableDecoder
instanceKlass java/nio/charset/Charset$ExtendedProviderHolder
instanceKlass  @bci com/mysql/cj/MysqlCharset <init> (Ljava/lang/String;II[Ljava/lang/String;Lcom/mysql/cj/ServerVersion;)V 76 <appendix> member <vmtarget> ; # com/mysql/cj/MysqlCharset$$Lambda+0x00000000391748f8
instanceKlass com/mysql/cj/ServerVersion
instanceKlass com/mysql/cj/MysqlCharset
instanceKlass com/mysql/cj/CharsetMapping
instanceKlass com/mysql/cj/protocol/a/NativeServerSessionStateController
instanceKlass sun/util/calendar/ZoneInfoFile$ZoneOffsetTransitionRule
instanceKlass jdk/internal/util/ByteArray
instanceKlass sun/util/calendar/ZoneInfoFile
instanceKlass java/time/ZoneId
instanceKlass java/util/TimeZone
instanceKlass com/mysql/cj/protocol/ServerSessionStateController
instanceKlass com/mysql/cj/protocol/a/NativeServerSession
instanceKlass com/mysql/cj/protocol/a/BinaryResultsetReader
instanceKlass com/mysql/cj/protocol/ResultsetRows
instanceKlass com/mysql/cj/result/RowList
instanceKlass com/mysql/cj/protocol/a/TextResultsetReader
instanceKlass com/mysql/cj/protocol/a/ResultsetRowReader
instanceKlass com/mysql/cj/protocol/ResultsetRow
instanceKlass com/mysql/cj/result/Row
instanceKlass com/mysql/cj/protocol/a/ColumnDefinitionReader
instanceKlass com/mysql/cj/protocol/ProtocolEntityReader
instanceKlass  @bci com/mysql/cj/protocol/a/NativeAuthenticationProvider <init> ()V 26 <appendix> member <vmtarget> ; # com/mysql/cj/protocol/a/NativeAuthenticationProvider$$Lambda+0x0000000039171e08
instanceKlass com/mysql/cj/callback/MysqlCallback
instanceKlass com/mysql/cj/protocol/a/NativeAuthenticationProvider
instanceKlass com/mysql/cj/protocol/a/SimplePacketReader
instanceKlass com/mysql/cj/protocol/a/SimplePacketSender
instanceKlass com/mysql/cj/protocol/a/NativePacketPayload
instanceKlass com/mysql/cj/log/BaseMetricsHolder
instanceKlass com/mysql/cj/protocol/AbstractProtocol$2
instanceKlass com/mysql/cj/protocol/AbstractProtocol$1
instanceKlass  @bci com/mysql/cj/protocol/a/NativeProtocol <clinit> ()V 505 <appendix> argL0 ; # com/mysql/cj/protocol/a/NativeProtocol$$Lambda+0x0000000039170828
instanceKlass java/time/ZonedDateTime
instanceKlass java/time/chrono/ChronoZonedDateTime
instanceKlass  @bci com/mysql/cj/protocol/a/NativeProtocol <clinit> ()V 488 <appendix> argL0 ; # com/mysql/cj/protocol/a/NativeProtocol$$Lambda+0x0000000039170300
instanceKlass  @bci com/mysql/cj/protocol/a/NativeProtocol <clinit> ()V 471 <appendix> argL0 ; # com/mysql/cj/protocol/a/NativeProtocol$$Lambda+0x000000003916fc58
instanceKlass  @bci com/mysql/cj/protocol/a/NativeProtocol <clinit> ()V 454 <appendix> argL0 ; # com/mysql/cj/protocol/a/NativeProtocol$$Lambda+0x000000003916f730
instanceKlass  @bci com/mysql/cj/protocol/a/NativeProtocol <clinit> ()V 437 <appendix> argL0 ; # com/mysql/cj/protocol/a/NativeProtocol$$Lambda+0x000000003916f208
instanceKlass  @bci com/mysql/cj/protocol/a/NativeProtocol <clinit> ()V 420 <appendix> argL0 ; # com/mysql/cj/protocol/a/NativeProtocol$$Lambda+0x000000003916efe0
instanceKlass  @bci com/mysql/cj/protocol/a/NativeProtocol <clinit> ()V 403 <appendix> argL0 ; # com/mysql/cj/protocol/a/NativeProtocol$$Lambda+0x000000003916edb8
instanceKlass java/time/OffsetTime
instanceKlass  @bci com/mysql/cj/protocol/a/NativeProtocol <clinit> ()V 386 <appendix> argL0 ; # com/mysql/cj/protocol/a/NativeProtocol$$Lambda+0x000000003916e890
instanceKlass java/time/OffsetDateTime
instanceKlass  @bci com/mysql/cj/protocol/a/NativeProtocol <clinit> ()V 369 <appendix> argL0 ; # com/mysql/cj/protocol/a/NativeProtocol$$Lambda+0x000000003916e368
instanceKlass  @bci com/mysql/cj/protocol/a/NativeProtocol <clinit> ()V 352 <appendix> argL0 ; # com/mysql/cj/protocol/a/NativeProtocol$$Lambda+0x000000003916e140
instanceKlass java/time/LocalTime
instanceKlass  @bci com/mysql/cj/protocol/a/NativeProtocol <clinit> ()V 335 <appendix> argL0 ; # com/mysql/cj/protocol/a/NativeProtocol$$Lambda+0x000000003916dc18
instanceKlass java/time/LocalDateTime
instanceKlass java/time/chrono/ChronoLocalDateTime
instanceKlass  @bci com/mysql/cj/protocol/a/NativeProtocol <clinit> ()V 318 <appendix> argL0 ; # com/mysql/cj/protocol/a/NativeProtocol$$Lambda+0x000000003916d6f0
instanceKlass java/time/LocalDate
instanceKlass java/time/chrono/ChronoLocalDate
instanceKlass  @bci com/mysql/cj/protocol/a/NativeProtocol <clinit> ()V 301 <appendix> argL0 ; # com/mysql/cj/protocol/a/NativeProtocol$$Lambda+0x000000003916d1c8
instanceKlass  @bci com/mysql/cj/protocol/a/NativeProtocol <clinit> ()V 284 <appendix> argL0 ; # com/mysql/cj/protocol/a/NativeProtocol$$Lambda+0x000000003916cfa0
instanceKlass java/time/Instant
instanceKlass java/time/temporal/TemporalAdjuster
instanceKlass java/time/temporal/Temporal
instanceKlass java/time/temporal/TemporalAccessor
instanceKlass  @bci com/mysql/cj/protocol/a/NativeProtocol <clinit> ()V 267 <appendix> argL0 ; # com/mysql/cj/protocol/a/NativeProtocol$$Lambda+0x000000003916ca78
instanceKlass  @bci com/mysql/cj/protocol/a/NativeProtocol <clinit> ()V 250 <appendix> argL0 ; # com/mysql/cj/protocol/a/NativeProtocol$$Lambda+0x000000003916c850
instanceKlass  @bci com/mysql/cj/protocol/a/NativeProtocol <clinit> ()V 233 <appendix> argL0 ; # com/mysql/cj/protocol/a/NativeProtocol$$Lambda+0x000000003916c628
instanceKlass java/time/Duration
instanceKlass java/time/temporal/TemporalAmount
instanceKlass  @bci com/mysql/cj/protocol/a/NativeProtocol <clinit> ()V 216 <appendix> argL0 ; # com/mysql/cj/protocol/a/NativeProtocol$$Lambda+0x000000003916c100
instanceKlass  @bci com/mysql/cj/protocol/a/NativeProtocol <clinit> ()V 199 <appendix> argL0 ; # com/mysql/cj/protocol/a/NativeProtocol$$Lambda+0x000000003916bed8
instanceKlass  @bci com/mysql/cj/protocol/a/NativeProtocol <clinit> ()V 182 <appendix> argL0 ; # com/mysql/cj/protocol/a/NativeProtocol$$Lambda+0x000000003916b9b0
instanceKlass  @bci com/mysql/cj/protocol/a/NativeProtocol <clinit> ()V 165 <appendix> argL0 ; # com/mysql/cj/protocol/a/NativeProtocol$$Lambda+0x000000003916b488
instanceKlass  @bci com/mysql/cj/protocol/a/NativeProtocol <clinit> ()V 148 <appendix> argL0 ; # com/mysql/cj/protocol/a/NativeProtocol$$Lambda+0x000000003916ac50
instanceKlass java/util/Calendar
instanceKlass  @bci com/mysql/cj/protocol/a/NativeProtocol <clinit> ()V 131 <appendix> argL0 ; # com/mysql/cj/protocol/a/NativeProtocol$$Lambda+0x000000003916a728
instanceKlass  @bci com/mysql/cj/protocol/a/NativeProtocol <clinit> ()V 114 <appendix> argL0 ; # com/mysql/cj/protocol/a/NativeProtocol$$Lambda+0x000000003916a200
instanceKlass  @bci com/mysql/cj/protocol/a/NativeProtocol <clinit> ()V 97 <appendix> argL0 ; # com/mysql/cj/protocol/a/NativeProtocol$$Lambda+0x0000000039169fd8
instanceKlass  @bci com/mysql/cj/protocol/a/NativeProtocol <clinit> ()V 81 <appendix> argL0 ; # com/mysql/cj/protocol/a/NativeProtocol$$Lambda+0x0000000039169ab0
instanceKlass  @bci com/mysql/cj/protocol/a/NativeProtocol <clinit> ()V 64 <appendix> argL0 ; # com/mysql/cj/protocol/a/NativeProtocol$$Lambda+0x0000000039169278
instanceKlass  @bci com/mysql/cj/protocol/a/NativeProtocol <clinit> ()V 47 <appendix> argL0 ; # com/mysql/cj/protocol/a/NativeProtocol$$Lambda+0x0000000039169050
instanceKlass com/mysql/cj/protocol/a/AbstractValueEncoder
instanceKlass com/mysql/cj/protocol/ValueEncoder
instanceKlass com/mysql/cj/CharsetSettings
instanceKlass com/mysql/cj/protocol/ServerCapabilities
instanceKlass com/mysql/cj/MessageBuilder
instanceKlass com/mysql/cj/protocol/MessageHeader
instanceKlass com/mysql/cj/protocol/ServerSessionStateController$ServerSessionStateChanges
instanceKlass com/mysql/cj/protocol/AuthenticationProvider
instanceKlass com/mysql/cj/protocol/ServerSession
instanceKlass com/mysql/cj/protocol/MessageReader
instanceKlass com/mysql/cj/protocol/MessageSender
instanceKlass com/mysql/cj/protocol/PacketReceivedTimeHolder
instanceKlass com/mysql/cj/protocol/AbstractProtocol
instanceKlass com/mysql/cj/protocol/Protocol$ProtocolEventHandler
instanceKlass com/mysql/cj/conf/RuntimeProperty$RuntimePropertyListener
instanceKlass sun/net/NetHooks
instanceKlass sun/net/spi/DefaultProxySelector$NonProxyInfo
instanceKlass sun/net/NetProperties
instanceKlass java/net/Proxy
instanceKlass java/net/ProxySelector
instanceKlass java/net/InetSocketAddress$InetSocketAddressHolder
instanceKlass sun/nio/ch/ExtendedSocketOption$1
instanceKlass sun/nio/ch/ExtendedSocketOption
instanceKlass sun/nio/ch/OptionKey
instanceKlass sun/nio/ch/SocketOptionRegistry$LazyInitialization
instanceKlass sun/nio/ch/SocketOptionRegistry$RegistryKey
instanceKlass sun/nio/ch/SocketOptionRegistry
instanceKlass java/net/StandardSocketOptions$StdSocketOption
instanceKlass java/net/StandardSocketOptions
instanceKlass  @bci sun/nio/ch/NioSocketImpl closerFor (Ljava/io/FileDescriptor;)Ljava/lang/Runnable; 1 <appendix> member <vmtarget> ; # sun/nio/ch/NioSocketImpl$$Lambda+0x0000000039124900
instanceKlass jdk/net/ExtendedSocketOptions$2
instanceKlass jdk/net/ExtendedSocketOptions$PlatformSocketOptions
instanceKlass jdk/net/ExtendedSocketOptions$ExtSocketOption
instanceKlass java/net/SocketOption
instanceKlass jdk/net/ExtendedSocketOptions
instanceKlass sun/net/ext/ExtendedSocketOptions
instanceKlass jdk/internal/lang/stable/StableValueImpl
instanceKlass java/lang/StableValue
instanceKlass sun/nio/ch/Net$1
instanceKlass java/net/ProtocolFamily
instanceKlass sun/nio/ch/Net
instanceKlass java/net/SocksConsts
instanceKlass sun/net/PlatformSocketImpl
instanceKlass java/net/SocketImpl
instanceKlass java/net/SocketOptions
instanceKlass java/net/Socket
instanceKlass java/util/concurrent/ThreadLocalRandom$Access$1
instanceKlass jdk/internal/access/JavaUtilConcurrentTLRAccess
instanceKlass java/util/concurrent/ThreadLocalRandom$Access
instanceKlass jdk/internal/util/random/RandomSupport
instanceKlass java/net/InetAddress$CachedLookup
instanceKlass sun/net/InetAddressCachePolicy
instanceKlass  @bci java/net/InetAddress getAddressesFromNameService (Ljava/lang/String;)[Ljava/net/InetAddress; 94 <appendix> argL0 ; # java/net/InetAddress$$Lambda+0x000000003911fdb0
instanceKlass  @bci java/net/InetAddress loadResolver ()Ljava/net/spi/InetAddressResolver; 8 <appendix> argL0 ; # java/net/InetAddress$$Lambda+0x000000003911fb68
instanceKlass java/net/spi/InetAddressResolverProvider
instanceKlass java/net/InetAddress$NameServiceAddresses
instanceKlass java/net/InetAddress$Addresses
instanceKlass java/util/concurrent/ConcurrentSkipListMap$Iter
instanceKlass java/net/SocketAddress
instanceKlass com/mysql/cj/protocol/StandardSocketFactory
instanceKlass com/mysql/cj/protocol/PacketSentTimeHolder
instanceKlass com/mysql/cj/protocol/SocketFactory
instanceKlass com/mysql/cj/protocol/SocketMetadata
instanceKlass com/mysql/cj/protocol/AbstractSocketConnection
instanceKlass  @bci com/mysql/cj/jdbc/ConnectionImpl initializeSafeQueryInterceptors ()V 45 <appendix> argL0 ; # com/mysql/cj/jdbc/ConnectionImpl$$Lambda+0x00000000391636f8
instanceKlass  @bci com/mysql/cj/jdbc/ConnectionImpl initializeSafeQueryInterceptors ()V 35 <appendix> member <vmtarget> ; # com/mysql/cj/jdbc/ConnectionImpl$$Lambda+0x00000000391634a8
instanceKlass com/mysql/cj/NoSubInterceptorWrapper
instanceKlass java/util/LinkedList$LLSpliterator
instanceKlass  @bci java/util/stream/Collectors castingIdentity ()Ljava/util/function/Function; 0 <appendix> argL0 ; # java/util/stream/Collectors$$Lambda+0x800000042
instanceKlass  @bci java/util/stream/Collectors toCollection (Ljava/util/function/Supplier;)Ljava/util/stream/Collector; 10 <appendix> argL0 ; # java/util/stream/Collectors$$Lambda+0x000000003911dad0
instanceKlass  @bci java/util/stream/Collectors toCollection (Ljava/util/function/Supplier;)Ljava/util/stream/Collector; 5 <appendix> argL0 ; # java/util/stream/Collectors$$Lambda+0x000000003911d898
instanceKlass  @bci com/mysql/cj/util/Util loadClasses (Ljava/lang/Class;Ljava/lang/String;Ljava/lang/String;Lcom/mysql/cj/exceptions/ExceptionInterceptor;)Ljava/util/List; 34 <appendix> argL0 ; # com/mysql/cj/util/Util$$Lambda+0x0000000039162fe0
instanceKlass  @bci com/mysql/cj/util/Util loadClasses (Ljava/lang/Class;Ljava/lang/String;Ljava/lang/String;Lcom/mysql/cj/exceptions/ExceptionInterceptor;)Ljava/util/List; 24 <appendix> member <vmtarget> ; # com/mysql/cj/util/Util$$Lambda+0x0000000039162d90
instanceKlass  @bci com/mysql/cj/util/Util loadClasses (Ljava/lang/Class;Ljava/lang/String;Ljava/lang/String;Lcom/mysql/cj/exceptions/ExceptionInterceptor;)Ljava/util/List; 12 <appendix> argL0 ; # com/mysql/cj/util/Util$$Lambda+0x0000000039162b38
instanceKlass com/mysql/cj/interceptors/QueryInterceptor
instanceKlass  @bci com/mysql/cj/jdbc/ConnectionImpl <init> (Lcom/mysql/cj/conf/HostInfo;)V 409 <appendix> argL0 ; # com/mysql/cj/jdbc/ConnectionImpl$$Lambda+0x0000000039162708
instanceKlass  @bci com/mysql/cj/jdbc/ConnectionImpl <init> (Lcom/mysql/cj/conf/HostInfo;)V 392 <appendix> argL0 ; # com/mysql/cj/jdbc/ConnectionImpl$$Lambda+0x00000000391624e0
instanceKlass  @bci com/mysql/cj/jdbc/ConnectionImpl <init> (Lcom/mysql/cj/conf/HostInfo;)V 342 <appendix> member <vmtarget> ; # com/mysql/cj/jdbc/ConnectionImpl$$Lambda+0x00000000391622b0
instanceKlass  @bci com/mysql/cj/jdbc/ConnectionImpl <init> (Lcom/mysql/cj/conf/HostInfo;)V 310 <appendix> member <vmtarget> ; # com/mysql/cj/jdbc/ConnectionImpl$$Lambda+0x0000000039162080
instanceKlass com/mysql/cj/telemetry/NoopTelemetryScope
instanceKlass com/mysql/cj/telemetry/TelemetryScope
instanceKlass com/mysql/cj/telemetry/NoopTelemetrySpan
instanceKlass com/mysql/cj/telemetry/NoopTelemetryHandler
instanceKlass com/mysql/cj/telemetry/TelemetrySpan
instanceKlass com/mysql/cj/otel/OpenTelemetryHandler
instanceKlass com/mysql/cj/log/LogFactory
instanceKlass com/mysql/cj/log/NullLogger
instanceKlass com/mysql/cj/result/ValueFactory
instanceKlass com/mysql/cj/protocol/Message
instanceKlass com/mysql/cj/protocol/Protocol
instanceKlass com/mysql/cj/protocol/SocketConnection
instanceKlass com/mysql/cj/telemetry/TelemetryHandler
instanceKlass com/mysql/cj/DataStoreMetadata
instanceKlass com/mysql/cj/CoreSession
instanceKlass com/mysql/cj/protocol/a/result/NativeResultset
instanceKlass com/mysql/cj/WarningListener
instanceKlass com/mysql/cj/jdbc/result/ResultSetInternalMethods
instanceKlass com/mysql/cj/protocol/Resultset
instanceKlass com/mysql/cj/protocol/ResultsetRowsOwner
instanceKlass java/sql/ResultSet
instanceKlass com/mysql/cj/jdbc/result/ResultSetFactory
instanceKlass com/mysql/cj/conf/AbstractRuntimeProperty
instanceKlass com/mysql/cj/PerConnectionLRUFactory
instanceKlass com/mysql/cj/util/PerVmServerConfigCacheFactory
instanceKlass com/mysql/cj/CacheAdapterFactory
instanceKlass java/util/Date
instanceKlass com/mysql/cj/callback/OpenidConnectIdTokenFromFileCallbackHandler
instanceKlass com/mysql/cj/callback/MysqlCallbackHandler
instanceKlass com/mysql/cj/conf/AbstractPropertyDefinition
instanceKlass com/mysql/cj/log/StandardLogger
instanceKlass com/mysql/cj/log/Log
instanceKlass com/mysql/cj/conf/PropertyDefinitions
instanceKlass com/mysql/cj/conf/RuntimeProperty
instanceKlass com/mysql/cj/conf/PropertyDefinition
instanceKlass com/mysql/cj/conf/DefaultPropertySet
instanceKlass  @bci com/mysql/cj/conf/HostInfo exposeAsProperties ()Ljava/util/Properties; 23 <appendix> member <vmtarget> ; # com/mysql/cj/conf/HostInfo$$Lambda+0x0000000039153498
instanceKlass com/mysql/cj/Session
instanceKlass com/mysql/cj/jdbc/StatementImpl
instanceKlass com/mysql/cj/jdbc/JdbcPreparedStatement
instanceKlass com/mysql/cj/jdbc/JdbcStatement
instanceKlass com/mysql/cj/Query
instanceKlass java/sql/SQLXML
instanceKlass java/sql/NClob
instanceKlass java/sql/Savepoint
instanceKlass java/sql/DatabaseMetaData
instanceKlass java/sql/CallableStatement
instanceKlass java/sql/PreparedStatement
instanceKlass java/sql/Statement
instanceKlass java/sql/Blob
instanceKlass java/sql/Clob
instanceKlass com/mysql/cj/jdbc/result/CachedResultSetMetaData
instanceKlass com/mysql/cj/protocol/ColumnDefinition
instanceKlass com/mysql/cj/protocol/ProtocolEntity
instanceKlass com/mysql/cj/protocol/ProtocolEntityFactory
instanceKlass com/mysql/cj/exceptions/ExceptionInterceptor
instanceKlass com/mysql/cj/jdbc/ConnectionImpl
instanceKlass com/mysql/cj/Session$SessionEventListener
instanceKlass com/mysql/cj/jdbc/JdbcConnection
instanceKlass com/mysql/cj/TransactionEventHandler
instanceKlass com/mysql/cj/MysqlConnection
instanceKlass com/mysql/cj/jdbc/NonRegisteringDriver$1
instanceKlass  @bci com/mysql/cj/conf/ConnectionUrl fixHostInfo (Lcom/mysql/cj/conf/HostInfo;)Lcom/mysql/cj/conf/HostInfo; 33 <appendix> member <vmtarget> ; # com/mysql/cj/conf/ConnectionUrl$$Lambda+0x0000000039147660
instanceKlass java/util/stream/ForEachOps$ForEachOp
instanceKlass java/util/stream/ForEachOps
instanceKlass  @bci com/mysql/cj/conf/ConnectionUrl collectHostsInfo (Lcom/mysql/cj/conf/ConnectionUrlParser;)V 29 <appendix> member <vmtarget> ; # com/mysql/cj/conf/ConnectionUrl$$Lambda+0x0000000039147420
instanceKlass  @bci com/mysql/cj/conf/ConnectionUrl collectHostsInfo (Lcom/mysql/cj/conf/ConnectionUrlParser;)V 10 <appendix> member <vmtarget> ; # com/mysql/cj/conf/ConnectionUrl$$Lambda+0x00000000391471d0
instanceKlass  @cpi com/mysql/cj/conf/ConnectionUrl 494 form vmentry <vmtarget> ; # java/lang/invoke/LambdaForm$DMH+0x0000000039148400
instanceKlass java/util/ArrayList$ArrayListSpliterator
instanceKlass  @bci com/mysql/cj/conf/ConnectionUrl collectProperties (Lcom/mysql/cj/conf/ConnectionUrlParser;Ljava/util/Properties;)V 40 <appendix> member <vmtarget> ; # com/mysql/cj/conf/ConnectionUrl$$Lambda+0x0000000039146f90
instanceKlass  @bci java/util/Collections$UnmodifiableMap$UnmodifiableEntrySet entryConsumer (Ljava/util/function/Consumer;)Ljava/util/function/Consumer; 1 <appendix> member <vmtarget> ; # java/util/Collections$UnmodifiableMap$UnmodifiableEntrySet$$Lambda+0x000000003911cf78
instanceKlass  @cpi com/mysql/cj/conf/HostInfo 158 form vmentry <vmtarget> ; # java/lang/invoke/LambdaForm$DMH+0x0000000039148000
instanceKlass  @bci com/mysql/cj/conf/ConnectionUrl collectProperties (Lcom/mysql/cj/conf/ConnectionUrlParser;Ljava/util/Properties;)V 15 <appendix> member <vmtarget> ; # com/mysql/cj/conf/ConnectionUrl$$Lambda+0x0000000039146d50
instanceKlass java/util/Collections$UnmodifiableMap$UnmodifiableEntrySet$UnmodifiableEntrySetSpliterator
# instanceKlass java/lang/invoke/LambdaForm$MH+0x0000000039143c00
# instanceKlass java/lang/invoke/LambdaForm$MH+0x0000000039143800
instanceKlass jdk/internal/math/ToDecimal
instanceKlass jdk/internal/math/FormattedFPDecimal
instanceKlass java/util/concurrent/ForkJoinTask$Aux
instanceKlass java/text/FieldPosition
instanceKlass java/text/StringBufFactory$StringBuilderImpl
instanceKlass java/text/Format$StringBuf
instanceKlass java/text/StringBufFactory
instanceKlass java/text/Format
instanceKlass sun/util/resources/Bundles
instanceKlass java/util/stream/AbstractSpinedBuffer
instanceKlass  @bci java/util/ResourceBundle$ResourceBundleControlProviderHolder <clinit> ()V 11 <appendix> argL0 ; # java/util/ResourceBundle$ResourceBundleControlProviderHolder$$Lambda+0x00000000391197f0
instanceKlass  @cpi sun/net/httpserver/ExchangeImpl 621 form vmentry <vmtarget> ; # java/lang/invoke/LambdaForm$DMH+0x0000000039143400
instanceKlass java/util/ServiceLoader$ProviderSpliterator
instanceKlass java/util/spi/ResourceBundleControlProvider
instanceKlass java/util/ResourceBundle$ResourceBundleControlProviderHolder
instanceKlass com/mysql/cj/Messages
instanceKlass com/mysql/cj/Constants
instanceKlass com/mysql/cj/util/Util
instanceKlass com/mysql/cj/conf/HostInfo
instanceKlass com/mysql/cj/conf/ConnectionUrlParser$Pair
instanceKlass com/mysql/cj/util/StringInspector
instanceKlass  @bci com/mysql/cj/conf/ConnectionUrl buildConnectionStringCacheKey (Ljava/lang/String;Ljava/util/Properties;)Ljava/lang/String; 35 <appendix> member <vmtarget> ; # com/mysql/cj/conf/ConnectionUrl$$Lambda+0x0000000039145610
instanceKlass java/util/HashMap$HashMapSpliterator
instanceKlass java/util/TreeMap$Entry
instanceKlass java/net/URLDecoder
instanceKlass com/mysql/cj/util/StringUtils
instanceKlass java/util/regex/IntHashSet
instanceKlass java/util/regex/Matcher
instanceKlass java/util/regex/MatchResult
instanceKlass java/util/regex/Pattern$TreeInfo
instanceKlass  @bci java/util/regex/Pattern DOT ()Ljava/util/regex/Pattern$CharPredicate; 0 <appendix> argL0 ; # java/util/regex/Pattern$$Lambda+0x0000000039117b80
instanceKlass  @bci java/util/regex/Pattern Single (I)Ljava/util/regex/Pattern$BmpCharPredicate; 1 <appendix> member <vmtarget> ; # java/util/regex/Pattern$$Lambda+0x800000027
instanceKlass  @bci java/util/regex/Pattern negate (Ljava/util/regex/Pattern$CharPredicate;)Ljava/util/regex/Pattern$CharPredicate; 1 <appendix> member <vmtarget> ; # java/util/regex/Pattern$$Lambda+0x80000002f
instanceKlass  @bci java/util/regex/CharPredicates ASCII_SPACE ()Ljava/util/regex/Pattern$BmpCharPredicate; 0 <appendix> argL0 ; # java/util/regex/CharPredicates$$Lambda+0x800000025
instanceKlass  @bci java/util/regex/Pattern union (Ljava/util/regex/Pattern$CharPredicate;Ljava/util/regex/Pattern$CharPredicate;Z)Ljava/util/regex/Pattern$CharPredicate; 6 <appendix> member <vmtarget> ; # java/util/regex/Pattern$$Lambda+0x800000030
instanceKlass  @bci java/util/regex/CharPredicates ASCII_WORD ()Ljava/util/regex/Pattern$BmpCharPredicate; 0 <appendix> argL0 ; # java/util/regex/CharPredicates$$Lambda+0x00000000391174c0
instanceKlass java/util/regex/CharPredicates
instanceKlass java/util/regex/Pattern$BitClass
instanceKlass java/util/regex/Pattern$BmpCharPredicate
instanceKlass java/util/regex/Pattern$CharPredicate
instanceKlass java/util/regex/ASCII
instanceKlass java/util/regex/Pattern$Node
instanceKlass java/util/regex/Pattern
instanceKlass com/mysql/cj/conf/ConnectionUrlParser
instanceKlass com/mysql/cj/conf/ConnectionUrl
instanceKlass com/mysql/cj/conf/DatabaseUrlContainer
instanceKlass java/sql/DriverInfo
instanceKlass  @bci java/util/concurrent/Executors$AutoShutdownDelegatedExecutorService <init> (Ljava/util/concurrent/ExecutorService;)V 6 <appendix> member <vmtarget> ; # java/util/concurrent/Executors$AutoShutdownDelegatedExecutorService$$Lambda+0x0000000039116490
instanceKlass  @cpi sun/nio/ch/NioSocketImpl 895 form vmentry <vmtarget> ; # java/lang/invoke/LambdaForm$DMH+0x0000000039143000
instanceKlass java/util/concurrent/LinkedBlockingQueue$Node
instanceKlass java/util/concurrent/ThreadPoolExecutor$AbortPolicy
instanceKlass java/util/concurrent/RejectedExecutionHandler
instanceKlass java/util/concurrent/Executors$DelegatedExecutorService
instanceKlass java/util/concurrent/Executors
instanceKlass  @bci com/mysql/cj/jdbc/AbandonedConnectionCleanupThread <clinit> ()V 51 <appendix> argL0 ; # com/mysql/cj/jdbc/AbandonedConnectionCleanupThread$$Lambda+0x0000000039140b80
instanceKlass com/mysql/cj/jdbc/AbandonedConnectionCleanupThread
instanceKlass com/mysql/cj/jdbc/JdbcPropertySet
instanceKlass com/mysql/cj/conf/PropertySet
instanceKlass java/sql/Connection
instanceKlass java/sql/Wrapper
instanceKlass com/mysql/cj/jdbc/NonRegisteringDriver
instanceKlass java/util/zip/Checksum$1
instanceKlass java/util/zip/CRC32
instanceKlass java/util/zip/Checksum
instanceKlass java/util/jar/Attributes
instanceKlass java/io/Reader
instanceKlass sun/net/www/MessageHeader
instanceKlass sun/net/www/protocol/jar/JarFileFactory
instanceKlass sun/net/www/protocol/jar/URLJarFile$URLJarFileCloseController
instanceKlass java/net/URLConnection
instanceKlass java/sql/Driver
instanceKlass java/sql/DriverManager
instanceKlass database/DatabaseConnection
instanceKlass jdk/internal/util/ByteArrayLittleEndian
instanceKlass sun/security/provider/AbstractDrbg$NonceProvider
instanceKlass  @bci sun/security/provider/AbstractDrbg$SeederHolder <clinit> ()V 42 <appendix> member <vmtarget> ; # sun/security/provider/AbstractDrbg$SeederHolder$$Lambda+0x0000000039111028
instanceKlass  @cpi sun/security/provider/AbstractDrbg$SeederHolder 91 form vmentry <vmtarget> ; # java/lang/invoke/LambdaForm$DMH+0x00000000390c7400
# instanceKlass java/lang/invoke/LambdaForm$DMH+0x00000000390c7000
instanceKlass sun/nio/fs/BasicFileAttributesHolder
instanceKlass sun/nio/fs/WindowsDirectoryStream$WindowsDirectoryIterator
instanceKlass sun/nio/fs/WindowsDirectoryStream
instanceKlass java/nio/file/DirectoryStream
instanceKlass java/nio/file/Files$AcceptAllFilter
instanceKlass java/nio/file/DirectoryStream$Filter
instanceKlass java/net/NetworkInterface$1
instanceKlass java/net/DefaultInterface
instanceKlass java/net/Inet6Address$Inet6AddressHolder
instanceKlass java/net/InetAddress$PlatformResolver
instanceKlass java/net/spi/InetAddressResolver
instanceKlass java/net/spi/InetAddressResolver$LookupPolicy
instanceKlass java/net/Inet4AddressImpl
instanceKlass java/net/Inet6AddressImpl
instanceKlass java/net/InetAddressImpl
instanceKlass java/util/concurrent/ConcurrentSkipListMap$Node
instanceKlass java/util/concurrent/ConcurrentSkipListMap$Index
instanceKlass java/util/concurrent/ConcurrentNavigableMap
instanceKlass java/util/NavigableMap
instanceKlass java/util/SortedMap
instanceKlass java/util/NavigableSet
instanceKlass java/util/SortedSet
instanceKlass java/net/InetAddress$InetAddressHolder
instanceKlass jdk/internal/util/Exceptions
instanceKlass java/net/InetAddress$1
instanceKlass jdk/internal/access/JavaNetInetAddressAccess
instanceKlass java/net/InetAddress
instanceKlass java/net/InterfaceAddress
instanceKlass java/net/NetworkInterface
instanceKlass java/util/Collections$UnmodifiableCollection$1
instanceKlass java/util/Properties$EntrySet
instanceKlass sun/security/provider/SeedGenerator
instanceKlass sun/security/provider/AbstractDrbg$SeederHolder
instanceKlass java/security/DrbgParameters$NextBytes
instanceKlass  @bci sun/security/provider/AbstractDrbg <clinit> ()V 12 <appendix> argL0 ; # sun/security/provider/AbstractDrbg$$Lambda+0x000000003910e830
instanceKlass  @cpi sun/security/provider/AbstractDrbg 383 form vmentry <vmtarget> ; # java/lang/invoke/LambdaForm$DMH+0x00000000390c6c00
# instanceKlass java/lang/invoke/LambdaForm$DMH+0x00000000390c6800
instanceKlass sun/security/provider/EntropySource
instanceKlass sun/security/provider/AbstractDrbg
instanceKlass java/security/DrbgParameters$Instantiation
instanceKlass java/security/DrbgParameters
instanceKlass sun/security/provider/MoreDrbgParameters
# instanceKlass java/lang/invoke/LambdaForm$MH+0x00000000390c6400
instanceKlass java/security/SecureRandomSpi
instanceKlass java/util/AbstractList$Itr
instanceKlass java/util/Random
instanceKlass java/util/random/RandomGenerator
instanceKlass java/util/UUID$Holder
instanceKlass java/util/UUID
instanceKlass java/util/Formatter$FormatSpecifier
instanceKlass java/util/Formatter$FormatString
instanceKlass java/util/Formatter$Flags
instanceKlass java/util/Formatter$FormatSpecifierParser
instanceKlass java/util/Formatter$Conversion
instanceKlass java/util/Formatter
instanceKlass sun/security/provider/ByteArrayAccess$BE
instanceKlass sun/security/provider/ByteArrayAccess
instanceKlass sun/security/util/MessageDigestSpi2
instanceKlass sun/security/jca/GetInstance$Instance
instanceKlass jdk/internal/event/Event
instanceKlass sun/security/util/SecurityProviderConstants
instanceKlass java/security/Provider$UString
instanceKlass java/security/Provider$Service
instanceKlass sun/security/provider/NativePRNG$NonBlocking
instanceKlass sun/security/provider/NativePRNG$Blocking
instanceKlass sun/security/provider/NativePRNG
instanceKlass sun/security/provider/SunEntries
instanceKlass java/security/Permission
instanceKlass java/security/Guard
instanceKlass sun/security/util/SecurityConstants
instanceKlass jdk/internal/math/FloatingDecimal$ASCIIToBinaryBuffer
instanceKlass jdk/internal/math/MathUtils
instanceKlass jdk/internal/math/FloatingDecimal$PreparedASCIIToBinaryBuffer
instanceKlass jdk/internal/math/FloatingDecimal$ASCIIToBinaryConverter
instanceKlass jdk/internal/math/FloatingDecimal$BinaryToASCIIBuffer
instanceKlass jdk/internal/math/FloatingDecimal$ExceptionalBinaryToASCIIBuffer
instanceKlass jdk/internal/math/FloatingDecimal$BinaryToASCIIConverter
instanceKlass jdk/internal/math/FloatingDecimal
instanceKlass javax/security/auth/login/Configuration$Parameters
instanceKlass java/security/Policy$Parameters
instanceKlass javax/crypto/KDFParameters
instanceKlass java/security/cert/CertStoreParameters
instanceKlass java/security/SecureRandomParameters
instanceKlass java/security/Provider$EngineDescription
instanceKlass  @bci java/security/Provider <clinit> ()V 28 <appendix> argL0 ; # java/security/Provider$$Lambda+0x0000000039105f28
instanceKlass java/security/Provider$ServiceKey
instanceKlass sun/security/jca/ProviderConfig
instanceKlass sun/security/jca/ProviderList
instanceKlass sun/security/jca/Providers
instanceKlass sun/security/jca/GetInstance
instanceKlass java/security/Security$2
instanceKlass jdk/internal/access/JavaSecurityPropertiesAccess
instanceKlass java/util/concurrent/ConcurrentHashMap$MapEntry
instanceKlass java/util/Properties$LineReader
instanceKlass sun/nio/ch/SelChImpl
instanceKlass java/nio/channels/NetworkChannel
instanceKlass sun/nio/ch/Streams
instanceKlass java/nio/channels/Channels
instanceKlass sun/nio/ch/FileChannelImpl$Closer
instanceKlass sun/nio/fs/WindowsChannelFactory$Flags
instanceKlass sun/nio/fs/WindowsChannelFactory$1
instanceKlass sun/nio/fs/WindowsChannelFactory
instanceKlass sun/nio/fs/WindowsSecurityDescriptor
instanceKlass sun/nio/fs/WindowsLinkSupport
instanceKlass java/net/URI$Parser
instanceKlass java/nio/file/FileSystems$DefaultFileSystemHolder
instanceKlass java/nio/file/FileSystems
instanceKlass java/security/Security$SecPropLoader
instanceKlass java/security/Security
instanceKlass sun/security/util/SecurityProperties
instanceKlass sun/security/util/CryptoAlgorithmConstraints$CryptoHolder
instanceKlass sun/security/util/AbstractAlgorithmConstraints
instanceKlass java/security/AlgorithmConstraints
instanceKlass java/security/MessageDigestSpi
instanceKlass model/User
instanceKlass javax/swing/event/CaretListener
instanceKlass javax/swing/text/GapContent$UndoPosRef
instanceKlass com/sun/java/swing/plaf/windows/WindowsTextFieldUI$WindowsFieldCaret$SafeScroller
instanceKlass javax/swing/event/UndoableEditListener
instanceKlass sun/swing/text/UndoableEditLockSupport
instanceKlass javax/swing/text/DefaultCaret$1
instanceKlass javax/swing/text/AbstractDocument$UndoRedoDocumentEvent
instanceKlass javax/swing/event/DocumentEvent$ElementChange
instanceKlass javax/swing/event/DocumentEvent$EventType
instanceKlass javax/swing/event/DocumentEvent
instanceKlass javax/swing/undo/AbstractUndoableEdit
instanceKlass javax/swing/undo/UndoableEdit
instanceKlass javax/swing/JComponent$ActionStandin
instanceKlass sun/awt/ModalExclude
instanceKlass javax/swing/JComponent$IntVector
instanceKlass javax/swing/JComponent$KeyboardState
instanceKlass sun/awt/DebugSettings
instanceKlass javax/swing/Autoscroller
instanceKlass javax/swing/KeyboardManager$ComponentKeyStrokePair
instanceKlass javax/swing/KeyboardManager
instanceKlass java/awt/KeyboardFocusManager$2
instanceKlass java/awt/font/TextHitInfo
instanceKlass sun/awt/windows/WInputMethod$1
instanceKlass java/util/EnumMap$EnumMapIterator
instanceKlass java/util/WeakHashMap$HashIterator
instanceKlass com/sun/java/swing/plaf/windows/AnimationController$AnimationState
instanceKlass com/sun/java/swing/plaf/windows/AnimationController$1
instanceKlass java/awt/Toolkit$SelectiveAWTEventListener
instanceKlass java/awt/Container$MouseEventTargetFilter
instanceKlass java/awt/Container$EventTargetFilter
instanceKlass java/awt/Cursor$CursorDisposer
instanceKlass java/awt/event/MouseEvent$1
instanceKlass sun/awt/AWTAccessor$MouseEventAccessor
instanceKlass jdk/internal/vm/ThreadContainers
instanceKlass java/util/concurrent/ForkJoinPool$DefaultForkJoinWorkerThreadFactory
instanceKlass java/util/concurrent/ForkJoinPool$1
instanceKlass jdk/internal/access/JavaUtilConcurrentFJPAccess
instanceKlass java/util/concurrent/ForkJoinTask
instanceKlass java/util/concurrent/Future
instanceKlass java/util/concurrent/ForkJoinPool$WorkQueue
instanceKlass jdk/internal/vm/StackableScope
instanceKlass java/util/concurrent/CountDownLatch
instanceKlass java/util/concurrent/ForkJoinPool$ForkJoinWorkerThreadFactory
instanceKlass java/util/concurrent/ScheduledExecutorService
instanceKlass java/util/concurrent/AbstractExecutorService
instanceKlass java/util/concurrent/ExecutorService
instanceKlass java/util/concurrent/Executor
instanceKlass java/util/concurrent/ForkJoinPool$ManagedBlocker
instanceKlass java/util/concurrent/locks/AbstractQueuedSynchronizer$Node
instanceKlass javax/swing/TimerQueue$DelayedTimer
instanceKlass java/util/concurrent/Delayed
instanceKlass java/util/concurrent/BlockingQueue
instanceKlass javax/swing/TimerQueue
instanceKlass java/text/AttributedString$AttributedStringIterator
instanceKlass java/text/AttributedCharacterIterator
instanceKlass java/text/AttributedString
instanceKlass sun/awt/im/CompositionAreaHandler
instanceKlass java/util/Collections$EmptyIterator
instanceKlass javax/swing/text/JTextComponent$InputMethodRequestsHandler
instanceKlass sun/util/locale/InternalLocaleBuilder$CaseInsensitiveChar
instanceKlass sun/util/locale/InternalLocaleBuilder
instanceKlass sun/util/locale/StringTokenIterator
instanceKlass java/text/ParsePosition
instanceKlass sun/awt/im/InputMethodAdapter
instanceKlass java/awt/im/spi/InputMethod
instanceKlass java/awt/im/spi/InputMethodContext
instanceKlass java/awt/im/InputMethodRequests
instanceKlass java/awt/im/InputContext
instanceKlass java/awt/KeyboardFocusManager$LightweightFocusRequest
instanceKlass java/awt/DefaultKeyboardFocusManager$TypeAheadMarker
instanceKlass java/awt/KeyboardFocusManager$HeavyweightFocusRequest
instanceKlass sun/awt/KeyboardFocusManagerPeerImpl$KfmAccessor
instanceKlass java/awt/MenuComponent
instanceKlass java/awt/geom/RectIterator
instanceKlass java/awt/geom/PathIterator
instanceKlass  @bci javax/swing/border/LineBorder paintBorder (Ljava/awt/Component;Ljava/awt/Graphics;IIII)V 10 <appendix> member <vmtarget> ; # javax/swing/border/LineBorder$$Lambda+0x00000000390d6628
instanceKlass  @cpi javax/swing/border/LineBorder 159 form vmentry <vmtarget> ; # java/lang/invoke/LambdaForm$DMH+0x00000000390c6000
instanceKlass com/sun/java/swing/SwingUtilities3$UnscaledBorderPainter
instanceKlass com/sun/java/swing/plaf/windows/WindowsGraphicsUtils
instanceKlass sun/swing/ImageCache$Entry
instanceKlass com/sun/java/swing/plaf/windows/AnimationController$PartUIClientPropertyKey
instanceKlass com/sun/java/swing/plaf/windows/AnimationController
instanceKlass com/sun/java/swing/plaf/windows/WindowsButtonUI$1
instanceKlass sun/java2d/loops/FontInfo
instanceKlass java/awt/PrintGraphics
instanceKlass java/awt/print/PrinterGraphics
instanceKlass sun/awt/image/BufImgSurfaceData$ICMColorData
instanceKlass java/awt/image/WritableRenderedImage
instanceKlass java/awt/image/RenderedImage
instanceKlass sun/awt/image/NativeLibLoader
instanceKlass java/awt/image/SampleModel
instanceKlass java/awt/image/DataBuffer$1
instanceKlass sun/awt/image/SunWritableRaster$DataStealer
instanceKlass java/awt/image/DataBuffer
instanceKlass java/awt/image/Raster
instanceKlass sun/awt/SunGraphicsCallback
instanceKlass sun/java2d/pipe/hw/AccelSurface
instanceKlass java/util/LinkedList$ListItr
instanceKlass sun/awt/GlobalCursorManager$NativeUpdater
instanceKlass sun/awt/GlobalCursorManager
instanceKlass  @bci sun/awt/windows/WWindowPeer displayChanged ()V 5 <appendix> member <vmtarget> ; # sun/awt/windows/WWindowPeer$$Lambda+0x00000000390f99c8
instanceKlass  @cpi sun/awt/windows/WWindowPeer 855 form vmentry <vmtarget> ; # java/lang/invoke/LambdaForm$DMH+0x00000000390c5c00
instanceKlass java/awt/SequencedEvent$1
instanceKlass sun/awt/AWTAccessor$SequencedEventAccessor
instanceKlass java/awt/SplashScreen
instanceKlass javax/swing/plaf/basic/BasicGraphicsUtils
instanceKlass javax/swing/text/Utilities
instanceKlass javax/swing/text/Segment
instanceKlass java/text/CharacterIterator
instanceKlass javax/swing/text/SegmentCache
# instanceKlass java/lang/invoke/LambdaForm$MH+0x00000000390c5800
# instanceKlass java/lang/invoke/LambdaForm$BMH+0x00000000390c5400
# instanceKlass java/lang/invoke/LambdaForm$DMH+0x00000000390c5000
# instanceKlass java/lang/invoke/LambdaForm$DMH+0x00000000390c4c00
# instanceKlass java/lang/invoke/LambdaForm$MH+0x00000000390c4800
# instanceKlass java/lang/invoke/LambdaForm$DMH+0x00000000390c4400
instanceKlass java/lang/invoke/ClassSpecializer$Factory$1$5$1
instanceKlass java/lang/classfile/attribute/ExceptionsAttribute
instanceKlass java/lang/invoke/ClassSpecializer$Factory$1$5
instanceKlass java/lang/invoke/ClassSpecializer$Factory$1$4
instanceKlass java/lang/invoke/ClassSpecializer$Factory$1$3
instanceKlass java/lang/invoke/ClassSpecializer$Factory$1$2
instanceKlass java/lang/invoke/ClassSpecializer$Factory$1$1Var
instanceKlass java/lang/invoke/ClassSpecializer$Factory$1$1
instanceKlass java/lang/invoke/ClassSpecializer$Factory$1
instanceKlass java/lang/invoke/MethodHandles$1
# instanceKlass java/lang/invoke/LambdaForm$BMH+0x00000000390c4000
# instanceKlass java/lang/invoke/LambdaForm$DMH+0x00000000390c3c00
# instanceKlass java/lang/invoke/LambdaForm$DMH+0x00000000390c3800
instanceKlass java/lang/invoke/VarHandle$AccessDescriptor
instanceKlass sun/font/CMap
instanceKlass sun/font/FontScaler
instanceKlass sun/font/StrikeCache$DisposableStrike
instanceKlass sun/font/FontStrikeDisposer
instanceKlass sun/java2d/Disposer$PollDisposable
instanceKlass sun/font/FontStrikeDesc
instanceKlass sun/font/FontDesignMetrics$MetricsKey
instanceKlass java/awt/FontMetrics
instanceKlass sun/swing/SwingUtilities2$KeyPair
instanceKlass javax/swing/SizeRequirements
instanceKlass sun/awt/NullComponentPeer
instanceKlass sun/awt/LightweightPeerHolder
instanceKlass java/awt/peer/LightweightPeer
instanceKlass sun/awt/im/InputMethodLocator
instanceKlass sun/awt/windows/WInputMethodDescriptor
instanceKlass java/awt/im/spi/InputMethodDescriptor
instanceKlass sun/awt/im/InputMethodManager
instanceKlass  @bci sun/awt/windows/WToolkit getFontPeer (Ljava/lang/String;I)Ljava/awt/peer/FontPeer; 89 <appendix> form vmentry <vmtarget> ; # java/lang/invoke/LambdaForm$MH+0x00000000390c3400
instanceKlass sun/awt/NativeLibLoader
instanceKlass sun/awt/PlatformFont
instanceKlass java/awt/peer/FontPeer
instanceKlass sun/java2d/StateTracker$2
instanceKlass sun/java2d/StateTracker$1
instanceKlass sun/java2d/StateTracker
instanceKlass sun/java2d/SurfaceDataProxy
instanceKlass sun/awt/image/SurfaceManager$FlushableCacheData
instanceKlass sun/java2d/DefaultDisposerRecord
instanceKlass java/util/TimSort
instanceKlass sun/java2d/loops/GraphicsPrimitiveMgr$PrimitiveSpec
instanceKlass sun/java2d/loops/RenderLoops
instanceKlass sun/java2d/windows/GDIRenderer
instanceKlass sun/java2d/loops/GraphicsPrimitiveMgr$2
instanceKlass sun/java2d/loops/GraphicsPrimitiveMgr$1
instanceKlass sun/java2d/loops/GeneralRenderer
instanceKlass sun/java2d/loops/CustomComponent
instanceKlass sun/java2d/pipe/ValidatePipe
instanceKlass java/awt/BasicStroke
instanceKlass java/awt/Stroke
instanceKlass java/awt/AlphaComposite
instanceKlass sun/awt/ConstrainableGraphics
instanceKlass sun/java2d/loops/GraphicsPrimitiveMgr
instanceKlass sun/java2d/loops/CompositeType
instanceKlass sun/java2d/loops/GraphicsPrimitiveMgr$GeneralPrimitives
instanceKlass sun/java2d/loops/GraphicsPrimitive
instanceKlass sun/java2d/loops/XORComposite
instanceKlass java/awt/Composite
instanceKlass sun/awt/image/SurfaceManager$Factory
instanceKlass sun/java2d/pipe/hw/AccelGraphicsConfig
instanceKlass sun/java2d/pipe/hw/BufferedContextProvider
instanceKlass  @bci sun/java2d/d3d/D3DScreenUpdateManager <init> ()V 21 <appendix> member <vmtarget> ; # sun/java2d/d3d/D3DScreenUpdateManager$$Lambda+0x00000000390e4488
instanceKlass sun/java2d/ScreenUpdateManager
instanceKlass sun/awt/windows/WComponentPeer$2
instanceKlass sun/awt/im/InputMethodWindow
instanceKlass sun/awt/ExtendedKeyCodes
instanceKlass sun/awt/RepaintArea
instanceKlass sun/awt/windows/WWindowPeer$GuiDisposedListener
instanceKlass sun/awt/windows/WWindowPeer$ActiveWindowListener
instanceKlass java/awt/peer/CanvasPeer
instanceKlass java/awt/peer/PanelPeer
instanceKlass java/awt/peer/FramePeer
instanceKlass java/awt/peer/WindowPeer
instanceKlass java/awt/peer/ContainerPeer
instanceKlass  @bci gui/LoginWindow <init> ()V 722 <appendix> member <vmtarget> ; # gui/LoginWindow$$Lambda+0x00000000390477b0
instanceKlass  @bci gui/LoginWindow <init> ()V 605 <appendix> member <vmtarget> ; # gui/LoginWindow$$Lambda+0x0000000039047580
instanceKlass  @bci gui/LoginWindow <init> ()V 532 <appendix> member <vmtarget> ; # gui/LoginWindow$$Lambda+0x0000000039047350
instanceKlass java/beans/VetoableChangeListener
instanceKlass javax/swing/event/AncestorListener
instanceKlass javax/swing/plaf/basic/BasicButtonListener
instanceKlass javax/swing/AbstractButton$Handler
instanceKlass javax/swing/DefaultButtonModel
instanceKlass javax/swing/ButtonModel
instanceKlass javax/swing/JTextField$ScrollRepainter
instanceKlass javax/swing/DefaultBoundedRangeModel
instanceKlass javax/swing/BoundedRangeModel
instanceKlass javax/swing/plaf/synth/SynthUI
instanceKlass javax/swing/plaf/synth/SynthConstants
instanceKlass java/util/Hashtable$Enumerator
instanceKlass javax/swing/text/JTextComponent$DefaultKeymap
instanceKlass javax/swing/text/Keymap
instanceKlass java/awt/Graphics
instanceKlass javax/swing/text/PlainView$FPMethodItem
instanceKlass javax/swing/text/TabExpander
instanceKlass javax/swing/text/StyleContext$KeyEnumeration
instanceKlass javax/swing/text/GapContent$StickyPosition
instanceKlass javax/swing/text/Position
instanceKlass javax/swing/text/AbstractDocument$AbstractElement
instanceKlass javax/swing/tree/TreeNode
instanceKlass javax/swing/text/Element
instanceKlass java/util/LinkedHashMap$LinkedHashIterator
instanceKlass java/util/Collections$3
instanceKlass javax/swing/text/StyleContext$SmallAttributeSet
instanceKlass javax/swing/text/StyleContext$NamedStyle
instanceKlass javax/swing/text/Style
instanceKlass java/util/SequencedMap
instanceKlass javax/swing/text/SimpleAttributeSet$EmptyAttributeSet
instanceKlass javax/swing/text/SimpleAttributeSet
instanceKlass javax/swing/text/MutableAttributeSet
instanceKlass javax/swing/text/AttributeSet
instanceKlass javax/swing/text/StyleContext$FontKey
instanceKlass javax/swing/text/AttributeSet$ParagraphAttribute
instanceKlass javax/swing/text/AttributeSet$ColorAttribute
instanceKlass javax/swing/text/AttributeSet$FontAttribute
instanceKlass javax/swing/text/AttributeSet$CharacterAttribute
instanceKlass javax/swing/text/StyleConstants
instanceKlass javax/swing/text/StyleContext
instanceKlass javax/swing/text/AbstractDocument$AttributeContext
instanceKlass javax/swing/text/GapVector
instanceKlass javax/swing/text/AbstractDocument$Content
instanceKlass javax/swing/text/AbstractDocument
instanceKlass javax/swing/TransferHandler$TransferSupport
instanceKlass javax/swing/TransferHandler$DropHandler
instanceKlass java/awt/datatransfer/SystemFlavorMap$SoftCache
instanceKlass  @bci java/awt/datatransfer/SystemFlavorMap getDefaultFlavorMap ()Ljava/awt/datatransfer/FlavorMap; 3 <appendix> argL0 ; # java/awt/datatransfer/SystemFlavorMap$$Lambda+0x00000000390a9c60
instanceKlass java/awt/datatransfer/DataFlavor
instanceKlass java/io/Externalizable
instanceKlass java/util/SequencedSet
instanceKlass sun/awt/datatransfer/DesktopDatatransferServiceImpl
instanceKlass sun/datatransfer/DataFlavorUtil$DefaultDesktopDatatransferService
instanceKlass sun/datatransfer/DesktopDatatransferService
instanceKlass sun/datatransfer/DataFlavorUtil
instanceKlass java/awt/datatransfer/SystemFlavorMap
instanceKlass java/awt/datatransfer/FlavorTable
instanceKlass java/awt/datatransfer/FlavorMap
instanceKlass java/awt/dnd/DropTargetContext$1
instanceKlass sun/awt/AWTAccessor$DropTargetContextAccessor
instanceKlass java/awt/dnd/DropTargetContext
instanceKlass java/awt/dnd/DropTarget
instanceKlass java/awt/dnd/DropTargetListener
instanceKlass javax/swing/ClientPropertyKey$1
instanceKlass sun/awt/AWTAccessor$ClientPropertyKeyAccessor
instanceKlass javax/swing/text/DefaultHighlighter$SafeDamager
instanceKlass javax/swing/text/LayeredHighlighter$LayerPainter
instanceKlass javax/swing/text/Highlighter$HighlightPainter
instanceKlass javax/swing/text/Highlighter$Highlight
instanceKlass javax/swing/text/LayeredHighlighter
instanceKlass javax/swing/text/Highlighter
instanceKlass javax/swing/Timer$DoPostEvent
instanceKlass javax/swing/Timer
instanceKlass javax/swing/text/Document
instanceKlass javax/swing/text/DefaultCaret$Handler
instanceKlass java/awt/datatransfer/ClipboardOwner
instanceKlass javax/swing/text/Caret
instanceKlass java/awt/event/MouseAdapter
instanceKlass javax/swing/event/MouseInputListener
instanceKlass javax/swing/plaf/basic/DragRecognitionSupport$BeforeDrag
instanceKlass javax/swing/plaf/basic/BasicTextUI$UpdateHandler
instanceKlass javax/swing/event/DocumentListener
instanceKlass javax/swing/text/View
instanceKlass javax/swing/text/Position$Bias
instanceKlass sun/swing/UIAction
instanceKlass javax/swing/TransferHandler
instanceKlass javax/swing/text/EditorKit
instanceKlass javax/swing/text/ViewFactory
instanceKlass java/awt/AWTEventMulticaster
instanceKlass java/awt/event/MouseWheelListener
instanceKlass java/awt/event/HierarchyBoundsListener
instanceKlass java/awt/event/HierarchyListener
instanceKlass java/awt/event/InputMethodListener
instanceKlass java/awt/event/TextListener
instanceKlass java/awt/event/AdjustmentListener
instanceKlass java/awt/event/ItemListener
instanceKlass java/awt/event/WindowStateListener
instanceKlass java/awt/event/WindowFocusListener
instanceKlass java/awt/event/WindowListener
instanceKlass java/awt/event/MouseMotionListener
instanceKlass java/awt/event/KeyListener
instanceKlass java/awt/event/ContainerListener
instanceKlass java/awt/event/ComponentListener
instanceKlass java/awt/event/MouseListener
instanceKlass java/awt/event/FocusListener
instanceKlass javax/swing/event/ChangeListener
instanceKlass javax/swing/AbstractAction
instanceKlass javax/swing/Action
instanceKlass java/awt/event/ActionListener
instanceKlass com/sun/beans/util/Cache$CacheEntry
instanceKlass com/sun/beans/util/Cache
instanceKlass javax/swing/text/JTextComponent$1
instanceKlass sun/swing/SwingAccessor$JTextComponentAccessor
instanceKlass javax/swing/plaf/basic/BasicHTML
instanceKlass javax/swing/BoxLayout
instanceKlass jdk/internal/module/ModulePatcher$PatchedModuleReader
instanceKlass database/UserDAO
instanceKlass javax/swing/ActionMap
instanceKlass  @bci jdk/internal/reflect/MethodHandleIntegerFieldAccessorImpl getInt (Ljava/lang/Object;)I 11 <adapter> ; # java/lang/invoke/LambdaForm$MH+0x00000000390c2400
instanceKlass java/awt/event/KeyEvent$1
instanceKlass sun/awt/AWTAccessor$KeyEventAccessor
instanceKlass java/awt/VKCollection
instanceKlass javax/swing/InputMap
instanceKlass javax/swing/LayoutComparator
instanceKlass javax/swing/RepaintManager$PaintManager
instanceKlass javax/swing/JRootPane$RootLayout
instanceKlass javax/swing/ArrayTable
instanceKlass com/sun/java/swing/SwingUtilities3
instanceKlass javax/swing/RepaintManager$ProcessingRunnable
instanceKlass java/nio/charset/CoderResult
instanceKlass java/lang/Readable
instanceKlass sun/font/TrueTypeFont$DirectoryEntry
instanceKlass sun/nio/ch/Util$BufferCache
instanceKlass sun/nio/ch/Util
instanceKlass jdk/internal/misc/Blocker
instanceKlass sun/nio/ch/IOStatus
instanceKlass sun/nio/ch/NativeThread
instanceKlass sun/nio/ch/NativeThreadSet
instanceKlass java/nio/channels/spi/AbstractInterruptibleChannel$1
instanceKlass sun/nio/ch/Interruptible
instanceKlass sun/nio/ch/IOUtil
instanceKlass sun/nio/ch/NativeDispatcher
instanceKlass java/nio/file/attribute/FileAttribute
instanceKlass java/nio/channels/ScatteringByteChannel
instanceKlass java/nio/channels/GatheringByteChannel
instanceKlass java/nio/channels/SeekableByteChannel
instanceKlass java/nio/channels/ByteChannel
instanceKlass java/nio/channels/WritableByteChannel
instanceKlass java/nio/channels/ReadableByteChannel
instanceKlass java/nio/channels/spi/AbstractInterruptibleChannel
instanceKlass java/nio/channels/InterruptibleChannel
instanceKlass java/nio/channels/Channel
instanceKlass sun/font/TrueTypeFont$TTDisposerRecord
instanceKlass sun/font/SunFontManager$FamilyDescription
instanceKlass sun/font/FontFamily
instanceKlass sun/font/CompositeFontDescriptor
instanceKlass sun/font/SunFontManager$FontRegistrationInfo
instanceKlass java/util/StringTokenizer
instanceKlass sun/awt/FontDescriptor
instanceKlass sun/awt/FontConfiguration
instanceKlass  @bci sun/awt/Win32FontManager <clinit> ()V 0 <appendix> argL0 ; # sun/awt/Win32FontManager$$Lambda+0x00000000390858c8
instanceKlass sun/font/GlyphList
instanceKlass  @bci java/lang/invoke/VarHandles filterValue (Ljava/lang/invoke/VarHandle;Ljava/lang/invoke/MethodHandle;Ljava/lang/invoke/MethodHandle;)Ljava/lang/invoke/VarHandle; 391 <appendix> member <vmtarget> ; # java/lang/invoke/VarHandles$$Lambda+0x0000000039085270
instanceKlass  @bci java/util/stream/MatchOps makeRef (Ljava/util/function/Predicate;Ljava/util/stream/MatchOps$MatchKind;)Ljava/util/stream/TerminalOp; 20 <appendix> member <vmtarget> ; # java/util/stream/MatchOps$$Lambda+0x800000004
instanceKlass java/util/stream/MatchOps$BooleanTerminalSink
instanceKlass java/util/stream/MatchOps$MatchOp
instanceKlass java/util/stream/MatchOps
instanceKlass  @bci java/lang/invoke/VarHandles adaptForCheckedExceptions (Ljava/lang/invoke/MethodHandle;)Ljava/lang/invoke/MethodHandle; 13 <appendix> argL0 ; # java/lang/invoke/VarHandles$$Lambda+0x0000000039085018
instanceKlass java/util/function/Predicate
instanceKlass jdk/internal/foreign/abi/LinkerOptions
instanceKlass java/lang/foreign/Linker
instanceKlass jdk/internal/foreign/abi/AbstractLinker$UpcallStubFactory
instanceKlass jdk/internal/foreign/abi/CallingSequence
instanceKlass java/lang/foreign/FunctionDescriptor
instanceKlass java/lang/invoke/VarHandleSegmentAsLongs
instanceKlass java/lang/invoke/VarHandleSegmentAsBytes
instanceKlass java/lang/invoke/VarHandleSegmentAsChars
instanceKlass  @bci java/lang/invoke/VarHandles insertCoordinates (Ljava/lang/invoke/VarHandle;I[Ljava/lang/Object;)Ljava/lang/invoke/VarHandle; 204 <appendix> form vmentry <vmtarget> ; # java/lang/invoke/LambdaForm$DMH+0x00000000390c2000
instanceKlass  @bci java/lang/invoke/VarHandles insertCoordinates (Ljava/lang/invoke/VarHandle;I[Ljava/lang/Object;)Ljava/lang/invoke/VarHandle; 204 <appendix> member <vmtarget> ; # java/lang/invoke/VarHandles$$Lambda+0x0000000039083878
instanceKlass  @cpi java/lang/invoke/VarHandles 962 form vmentry <vmtarget> ; # java/lang/invoke/LambdaForm$DMH+0x00000000390c1c00
instanceKlass java/lang/invoke/VarHandleSegmentAsFloats
instanceKlass  @bci jdk/internal/foreign/layout/AbstractLayout varHandleInternal ([Ljava/lang/foreign/MemoryLayout$PathElement;)Ljava/lang/invoke/VarHandle; 7 <appendix> argL0 ; # jdk/internal/foreign/layout/AbstractLayout$$Lambda+0x0000000039082ce0
instanceKlass java/lang/WeakPairMap$Pair$Lookup
instanceKlass java/lang/WeakPairMap$Pair
instanceKlass java/lang/WeakPairMap
instanceKlass java/lang/Module$ReflectionData
# instanceKlass java/lang/invoke/LambdaForm$DMH+0x00000000390c1800
# instanceKlass java/lang/invoke/LambdaForm$DMH+0x00000000390c1400
# instanceKlass java/lang/invoke/LambdaForm$DMH+0x00000000390c1000
# instanceKlass java/lang/invoke/LambdaForm$DMH+0x00000000390c0c00
# instanceKlass java/lang/invoke/LambdaForm$DMH+0x00000000390c0800
# instanceKlass java/lang/invoke/LambdaForm$DMH+0x00000000390c0400
# instanceKlass java/lang/invoke/LambdaForm$DMH+0x00000000390c0000
instanceKlass jdk/internal/foreign/LayoutPath
instanceKlass java/util/function/UnaryOperator
instanceKlass java/lang/foreign/MemoryLayout$PathElement
instanceKlass java/util/stream/Nodes$ArrayNode
instanceKlass java/util/stream/Node$Builder
instanceKlass java/util/stream/Node$OfDouble
instanceKlass java/util/stream/Node$OfLong
instanceKlass java/util/stream/Node$OfInt
instanceKlass java/util/stream/Node$OfPrimitive
instanceKlass java/util/stream/Nodes$EmptyNode
instanceKlass java/util/stream/Node
instanceKlass java/util/stream/Nodes
instanceKlass  @bci java/util/stream/ReferencePipeline toArray ()[Ljava/lang/Object; 1 <appendix> argL0 ; # java/util/stream/ReferencePipeline$$Lambda+0x0000000039080e40
instanceKlass java/util/function/IntFunction
instanceKlass  @bci java/lang/foreign/MemoryLayout lambda$structLayout$0 ([Ljava/lang/foreign/MemoryLayout;)Ljava/lang/foreign/StructLayout; 4 <appendix> argL0 ; # java/lang/foreign/MemoryLayout$$Lambda+0x0000000039080bf8
instanceKlass  @bci java/lang/foreign/MemoryLayout structLayout ([Ljava/lang/foreign/MemoryLayout;)Ljava/lang/foreign/StructLayout; 6 <appendix> member <vmtarget> ; # java/lang/foreign/MemoryLayout$$Lambda+0x00000000390809c8
instanceKlass java/lang/classfile/constantpool/InterfaceMethodRefEntry
instanceKlass java/lang/foreign/StructLayout
instanceKlass java/lang/foreign/GroupLayout
instanceKlass java/lang/foreign/PaddingLayout
instanceKlass java/lang/foreign/ValueLayout$OfDouble
instanceKlass java/lang/foreign/ValueLayout$OfFloat
instanceKlass java/lang/foreign/ValueLayout$OfLong
instanceKlass java/lang/foreign/ValueLayout$OfInt
instanceKlass java/lang/foreign/ValueLayout$OfShort
instanceKlass java/lang/foreign/ValueLayout$OfChar
instanceKlass java/lang/foreign/ValueLayout$OfBoolean
instanceKlass java/lang/foreign/ValueLayout$OfByte
instanceKlass jdk/internal/foreign/layout/MemoryLayoutUtil
instanceKlass jdk/internal/foreign/layout/ValueLayouts
instanceKlass jdk/internal/foreign/layout/AbstractLayout
instanceKlass sun/font/StrikeCache
instanceKlass sun/font/FontStrike
instanceKlass sun/font/CharToGlyphMapper
instanceKlass java/awt/geom/Path2D
instanceKlass sun/font/StrikeMetrics
instanceKlass sun/font/Font2D
instanceKlass sun/font/FontManagerNativeLibrary
instanceKlass sun/font/SunFontManager$T1Filter
instanceKlass sun/font/SunFontManager$TTFilter
instanceKlass java/io/FilenameFilter
instanceKlass sun/font/Font2DHandle
instanceKlass sun/font/SunFontManager
instanceKlass sun/font/FontManagerForSGE
instanceKlass sun/font/FontManager
instanceKlass sun/java2d/FontSupport
instanceKlass sun/font/PlatformFontInfo
instanceKlass sun/font/FontManagerFactory
# instanceKlass java/lang/invoke/LambdaForm$MH+0x0000000039048400
instanceKlass  @bci sun/net/httpserver/HttpConnection close ()V 41 <appendix> form vmentry <vmtarget> ; # java/lang/invoke/LambdaForm$MH+0x0000000039048000
# instanceKlass java/lang/invoke/LambdaForm$MH+0x0000000039045c00
instanceKlass java/awt/FlowLayout
instanceKlass java/awt/Window$WindowDisposerRecord
instanceKlass java/awt/geom/RectangularShape
instanceKlass java/awt/Shape
instanceKlass java/awt/BorderLayout
instanceKlass java/awt/LayoutManager2
instanceKlass java/awt/GraphicsConfiguration
instanceKlass sun/awt/image/SurfaceManager$ProxiedGraphicsConfig
instanceKlass sun/awt/image/SurfaceManager$ProxyCache
instanceKlass sun/java2d/pipe/hw/ContextCapabilities
instanceKlass sun/java2d/d3d/D3DGraphicsDevice$1
instanceKlass sun/java2d/d3d/D3DGraphicsDevice$1Result
instanceKlass sun/java2d/d3d/D3DRenderQueue$1
instanceKlass jdk/internal/foreign/MemorySessionImpl$ResourceList$ResourceCleanup
# instanceKlass java/lang/invoke/LambdaForm$DMH+0x0000000039045800
# instanceKlass java/lang/invoke/LambdaForm$DMH+0x0000000039045400
instanceKlass  @cpi java/lang/foreign/MemoryLayout 148 form vmentry <vmtarget> ; # java/lang/invoke/LambdaForm$DMH+0x0000000039045000
instanceKlass java/lang/foreign/AddressLayout
instanceKlass java/lang/foreign/ValueLayout
instanceKlass java/lang/foreign/MemoryLayout
# instanceKlass java/lang/invoke/LambdaForm$DMH+0x0000000039044c00
# instanceKlass java/lang/invoke/LambdaForm$DMH+0x0000000039044800
instanceKlass jdk/internal/foreign/abi/SharedUtils
instanceKlass jdk/internal/foreign/Utils
instanceKlass jdk/internal/foreign/AbstractMemorySegmentImpl
instanceKlass java/lang/foreign/MemorySegment
instanceKlass jdk/internal/foreign/SegmentFactories
instanceKlass jdk/internal/foreign/ArenaImpl
instanceKlass  @bci jdk/internal/foreign/MemorySessionImpl <clinit> ()V 47 <appendix> argL0 ; # jdk/internal/foreign/MemorySessionImpl$$Lambda+0x00000000390560d0
instanceKlass  @bci jdk/internal/foreign/MemorySessionImpl <clinit> ()V 32 <appendix> argL0 ; # jdk/internal/foreign/MemorySessionImpl$$Lambda+0x0000000039055c40
instanceKlass jdk/internal/foreign/MemorySessionImpl
instanceKlass java/lang/foreign/MemorySegment$Scope
instanceKlass java/lang/foreign/Arena$1Holder
instanceKlass java/lang/foreign/Arena
instanceKlass java/lang/foreign/SegmentAllocator
instanceKlass sun/java2d/pipe/RenderBuffer
instanceKlass sun/java2d/pipe/RenderQueue
instanceKlass java/awt/GraphicsDevice
instanceKlass java/awt/Cursor$1
instanceKlass sun/awt/AWTAccessor$CursorAccessor
instanceKlass java/awt/Cursor
instanceKlass java/util/stream/Sink$ChainedReference
instanceKlass java/util/stream/ReduceOps$AccumulatingSink
instanceKlass java/util/stream/TerminalSink
instanceKlass java/util/stream/Sink
instanceKlass java/util/stream/ReduceOps$Box
instanceKlass java/util/stream/ReduceOps$ReduceOp
instanceKlass java/util/stream/TerminalOp
instanceKlass java/util/stream/ReduceOps
instanceKlass  @bci java/util/stream/Collectors joining (Ljava/lang/CharSequence;Ljava/lang/CharSequence;Ljava/lang/CharSequence;)Ljava/util/stream/Collector; 22 <appendix> argL0 ; # java/util/stream/Collectors$$Lambda+0x800000043
instanceKlass  @bci java/util/stream/Collectors joining (Ljava/lang/CharSequence;Ljava/lang/CharSequence;Ljava/lang/CharSequence;)Ljava/util/stream/Collector; 17 <appendix> argL0 ; # java/util/stream/Collectors$$Lambda+0x800000041
instanceKlass java/util/function/BinaryOperator
instanceKlass  @bci java/util/stream/Collectors joining (Ljava/lang/CharSequence;Ljava/lang/CharSequence;Ljava/lang/CharSequence;)Ljava/util/stream/Collector; 12 <appendix> argL0 ; # java/util/stream/Collectors$$Lambda+0x80000003e
instanceKlass java/util/function/BiConsumer
instanceKlass  @bci java/util/stream/Collectors joining (Ljava/lang/CharSequence;Ljava/lang/CharSequence;Ljava/lang/CharSequence;)Ljava/util/stream/Collector; 7 <appendix> member <vmtarget> ; # java/util/stream/Collectors$$Lambda+0x800000046
instanceKlass java/util/StringJoiner
instanceKlass java/util/stream/Collector
instanceKlass java/util/stream/Collectors
instanceKlass  @bci java/lang/Class methodToString (Ljava/lang/String;[Ljava/lang/Class;)Ljava/lang/String; 42 <appendix> argL0 ; # java/lang/Class$$Lambda+0x0000000039053020
instanceKlass java/awt/ComponentOrientation
instanceKlass java/awt/Frame$1
instanceKlass sun/awt/AWTAccessor$FrameAccessor
instanceKlass java/awt/Window$1
instanceKlass sun/awt/AWTAccessor$WindowAccessor
instanceKlass jdk/internal/invoke/MhUtil
instanceKlass java/util/concurrent/atomic/AtomicBoolean
instanceKlass javax/swing/Scrollable
instanceKlass javax/swing/RootPaneContainer
instanceKlass javax/swing/WindowConstants
instanceKlass java/lang/Package$VersionInfo
instanceKlass sun/awt/dnd/SunDragSourceContextPeer
instanceKlass java/awt/dnd/peer/DragSourceContextPeer
instanceKlass java/awt/ModalEventFilter
instanceKlass java/awt/EventDispatchThread$HierarchyEventFilter
instanceKlass java/awt/EventFilter
instanceKlass java/awt/EventDispatchThread$1
instanceKlass java/awt/Conditional
instanceKlass sun/awt/EventQueueItem
instanceKlass java/awt/event/InvocationEvent$1
instanceKlass sun/awt/AWTAccessor$InvocationEventAccessor
instanceKlass java/awt/ActiveEvent
instanceKlass  @bci App main ([Ljava/lang/String;)V 10 <appendix> argL0 ; # App$$Lambda+0x0000000039040210
instanceKlass  @bci com/sun/java/swing/plaf/windows/WindowsLookAndFeel initVistaComponentDefaults (Ljavax/swing/UIDefaults;)V 842 <appendix> argL0 ; # com/sun/java/swing/plaf/windows/WindowsLookAndFeel$$Lambda+0x0000000039073c88
instanceKlass  @bci com/sun/java/swing/plaf/windows/WindowsLookAndFeel initVistaComponentDefaults (Ljavax/swing/UIDefaults;)V 809 <appendix> argL0 ; # com/sun/java/swing/plaf/windows/WindowsLookAndFeel$$Lambda+0x0000000039073a60
instanceKlass com/sun/java/swing/plaf/windows/WindowsLookAndFeel$SkinIcon
instanceKlass javax/swing/BorderFactory
instanceKlass  @bci com/sun/java/swing/plaf/windows/WindowsLookAndFeel initVistaComponentDefaults (Ljavax/swing/UIDefaults;)V 762 <appendix> argL0 ; # com/sun/java/swing/plaf/windows/WindowsLookAndFeel$$Lambda+0x0000000039072e78
instanceKlass com/sun/java/swing/plaf/windows/WindowsLookAndFeel$1
instanceKlass  @bci sun/awt/windows/ThemeReader getThemeImpl (Ljava/lang/String;I)Ljava/lang/Long; 23 <appendix> form vmentry <vmtarget> ; # java/lang/invoke/LambdaForm$DMH+0x0000000039044400
instanceKlass  @bci sun/awt/windows/ThemeReader getThemeImpl (Ljava/lang/String;I)Ljava/lang/Long; 23 <appendix> member <vmtarget> ; # sun/awt/windows/ThemeReader$$Lambda+0x00000000390727f8
instanceKlass  @cpi sun/awt/windows/ThemeReader 336 form vmentry <vmtarget> ; # java/lang/invoke/LambdaForm$DMH+0x0000000039044000
instanceKlass  @bci sun/awt/windows/ThemeReader getThemeImpl (Ljava/lang/String;I)Ljava/lang/Long; 7 <appendix> argL0 ; # sun/awt/windows/ThemeReader$$Lambda+0x00000000390725b0
instanceKlass com/sun/java/swing/plaf/windows/WindowsIconFactory$RadioButtonMenuItemIcon
instanceKlass javax/swing/plaf/basic/BasicIconFactory$CheckBoxMenuItemIcon
instanceKlass javax/swing/plaf/basic/BasicIconFactory$MenuItemCheckIcon
instanceKlass javax/swing/plaf/basic/BasicIconFactory
instanceKlass java/awt/ItemSelectable
instanceKlass javax/swing/MenuElement
instanceKlass javax/accessibility/Accessible
instanceKlass com/sun/java/swing/plaf/windows/WindowsIconFactory$VistaMenuItemCheckIconFactory$VistaMenuItemCheckIcon
instanceKlass com/sun/java/swing/plaf/windows/WindowsIconFactory$MenuItemCheckIcon
instanceKlass com/sun/java/swing/plaf/windows/WindowsIconFactory$VistaMenuItemCheckIconFactory
instanceKlass sun/swing/MenuItemCheckIconFactory
instanceKlass sun/util/ResourceBundleEnumeration
instanceKlass  @bci com/sun/java/swing/plaf/windows/WindowsLookAndFeel getLazyValueDefaults ()[Ljava/lang/Object; 860 <appendix> argL0 ; # com/sun/java/swing/plaf/windows/WindowsLookAndFeel$$Lambda+0x0000000039069290
instanceKlass  @bci com/sun/java/swing/plaf/windows/WindowsLookAndFeel getLazyValueDefaults ()[Ljava/lang/Object; 855 <appendix> argL0 ; # com/sun/java/swing/plaf/windows/WindowsLookAndFeel$$Lambda+0x0000000039069068
instanceKlass  @bci com/sun/java/swing/plaf/windows/WindowsLookAndFeel getLazyValueDefaults ()[Ljava/lang/Object; 832 <appendix> argL0 ; # com/sun/java/swing/plaf/windows/WindowsLookAndFeel$$Lambda+0x0000000039068e40
instanceKlass  @bci com/sun/java/swing/plaf/windows/WindowsLookAndFeel getLazyValueDefaults ()[Ljava/lang/Object; 827 <appendix> argL0 ; # com/sun/java/swing/plaf/windows/WindowsLookAndFeel$$Lambda+0x0000000039068c18
instanceKlass com/sun/java/swing/plaf/windows/WindowsLookAndFeel$2
instanceKlass  @bci com/sun/java/swing/plaf/windows/WindowsLookAndFeel getLazyValueDefaults ()[Ljava/lang/Object; 276 <appendix> argL0 ; # com/sun/java/swing/plaf/windows/WindowsLookAndFeel$$Lambda+0x00000000390687b8
instanceKlass  @bci com/sun/java/swing/plaf/windows/WindowsLookAndFeel getLazyValueDefaults ()[Ljava/lang/Object; 269 <appendix> argL0 ; # com/sun/java/swing/plaf/windows/WindowsLookAndFeel$$Lambda+0x0000000039068590
instanceKlass  @bci com/sun/java/swing/plaf/windows/WindowsLookAndFeel getLazyValueDefaults ()[Ljava/lang/Object; 262 <appendix> argL0 ; # com/sun/java/swing/plaf/windows/WindowsLookAndFeel$$Lambda+0x0000000039068368
instanceKlass  @bci com/sun/java/swing/plaf/windows/WindowsLookAndFeel getLazyValueDefaults ()[Ljava/lang/Object; 255 <appendix> argL0 ; # com/sun/java/swing/plaf/windows/WindowsLookAndFeel$$Lambda+0x0000000039068140
instanceKlass  @bci com/sun/java/swing/plaf/windows/WindowsLookAndFeel getLazyValueDefaults ()[Ljava/lang/Object; 248 <appendix> argL0 ; # com/sun/java/swing/plaf/windows/WindowsLookAndFeel$$Lambda+0x0000000039067f18
instanceKlass  @bci com/sun/java/swing/plaf/windows/WindowsLookAndFeel getLazyValueDefaults ()[Ljava/lang/Object; 241 <appendix> argL0 ; # com/sun/java/swing/plaf/windows/WindowsLookAndFeel$$Lambda+0x0000000039067cf0
instanceKlass  @bci com/sun/java/swing/plaf/windows/WindowsLookAndFeel getLazyValueDefaults ()[Ljava/lang/Object; 234 <appendix> argL0 ; # com/sun/java/swing/plaf/windows/WindowsLookAndFeel$$Lambda+0x0000000039067ac8
instanceKlass  @bci com/sun/java/swing/plaf/windows/WindowsLookAndFeel getLazyValueDefaults ()[Ljava/lang/Object; 227 <appendix> argL0 ; # com/sun/java/swing/plaf/windows/WindowsLookAndFeel$$Lambda+0x00000000390678a0
instanceKlass  @bci com/sun/java/swing/plaf/windows/WindowsLookAndFeel getLazyValueDefaults ()[Ljava/lang/Object; 220 <appendix> argL0 ; # com/sun/java/swing/plaf/windows/WindowsLookAndFeel$$Lambda+0x0000000039067678
instanceKlass  @bci com/sun/java/swing/plaf/windows/WindowsLookAndFeel getLazyValueDefaults ()[Ljava/lang/Object; 186 <appendix> argL0 ; # com/sun/java/swing/plaf/windows/WindowsLookAndFeel$$Lambda+0x0000000039067450
instanceKlass  @bci com/sun/java/swing/plaf/windows/WindowsLookAndFeel getLazyValueDefaults ()[Ljava/lang/Object; 179 <appendix> argL0 ; # com/sun/java/swing/plaf/windows/WindowsLookAndFeel$$Lambda+0x0000000039067228
instanceKlass  @bci com/sun/java/swing/plaf/windows/WindowsLookAndFeel getLazyValueDefaults ()[Ljava/lang/Object; 169 <appendix> argL0 ; # com/sun/java/swing/plaf/windows/WindowsLookAndFeel$$Lambda+0x0000000039067000
instanceKlass  @bci com/sun/java/swing/plaf/windows/WindowsLookAndFeel getLazyValueDefaults ()[Ljava/lang/Object; 155 <appendix> argL0 ; # com/sun/java/swing/plaf/windows/WindowsLookAndFeel$$Lambda+0x0000000039066dd8
instanceKlass  @bci com/sun/java/swing/plaf/windows/WindowsLookAndFeel getLazyValueDefaults ()[Ljava/lang/Object; 148 <appendix> argL0 ; # com/sun/java/swing/plaf/windows/WindowsLookAndFeel$$Lambda+0x0000000039066bb0
instanceKlass  @bci com/sun/java/swing/plaf/windows/WindowsLookAndFeel getLazyValueDefaults ()[Ljava/lang/Object; 141 <appendix> argL0 ; # com/sun/java/swing/plaf/windows/WindowsLookAndFeel$$Lambda+0x0000000039066988
instanceKlass  @bci com/sun/java/swing/plaf/windows/WindowsLookAndFeel getLazyValueDefaults ()[Ljava/lang/Object; 134 <appendix> argL0 ; # com/sun/java/swing/plaf/windows/WindowsLookAndFeel$$Lambda+0x0000000039066760
instanceKlass  @bci com/sun/java/swing/plaf/windows/WindowsLookAndFeel getLazyValueDefaults ()[Ljava/lang/Object; 127 <appendix> argL0 ; # com/sun/java/swing/plaf/windows/WindowsLookAndFeel$$Lambda+0x0000000039066538
instanceKlass  @bci com/sun/java/swing/plaf/windows/WindowsLookAndFeel getLazyValueDefaults ()[Ljava/lang/Object; 120 <appendix> argL0 ; # com/sun/java/swing/plaf/windows/WindowsLookAndFeel$$Lambda+0x0000000039066310
instanceKlass  @bci com/sun/java/swing/plaf/windows/WindowsLookAndFeel getLazyValueDefaults ()[Ljava/lang/Object; 23 <appendix> argL0 ; # com/sun/java/swing/plaf/windows/WindowsLookAndFeel$$Lambda+0x00000000390660e8
instanceKlass  @bci com/sun/java/swing/plaf/windows/WindowsLookAndFeel getLazyValueDefaults ()[Ljava/lang/Object; 7 <appendix> argL0 ; # com/sun/java/swing/plaf/windows/WindowsLookAndFeel$$Lambda+0x0000000039065ec0
instanceKlass com/sun/java/swing/plaf/windows/WindowsLookAndFeel$ActiveWindowsIcon
instanceKlass  @bci com/sun/java/swing/plaf/windows/WindowsLookAndFeel initComponentDefaults (Ljavax/swing/UIDefaults;)V 5270 <appendix> member <vmtarget> ; # com/sun/java/swing/plaf/windows/WindowsLookAndFeel$$Lambda+0x0000000039065818
instanceKlass com/sun/java/swing/plaf/windows/WindowsIconFactory$FrameButtonIcon
instanceKlass com/sun/java/swing/plaf/windows/WindowsIconFactory
instanceKlass  @bci com/sun/java/swing/plaf/windows/WindowsLookAndFeel initComponentDefaults (Ljavax/swing/UIDefaults;)V 4315 <appendix> argL0 ; # com/sun/java/swing/plaf/windows/WindowsLookAndFeel$$Lambda+0x00000000390651a0
instanceKlass com/sun/java/swing/plaf/windows/WindowsLookAndFeel$LazyWindowsIcon
instanceKlass java/util/EventListenerProxy
instanceKlass com/sun/java/swing/plaf/windows/XPStyle$Skin
instanceKlass com/sun/java/swing/plaf/windows/WindowsLookAndFeel$XPColorValue$XPColorValueKey
instanceKlass java/awt/geom/Point2D
instanceKlass com/sun/java/swing/plaf/windows/WindowsLookAndFeel$XPValue
instanceKlass sun/swing/plaf/DesktopProperty
instanceKlass com/sun/java/swing/plaf/windows/WindowsTreeUI$ExpandedIcon
instanceKlass javax/swing/Icon
instanceKlass  @bci com/sun/java/swing/plaf/windows/WindowsLookAndFeel initComponentDefaults (Ljavax/swing/UIDefaults;)V 29 <appendix> argL0 ; # com/sun/java/swing/plaf/windows/WindowsLookAndFeel$$Lambda+0x00000000390615a0
instanceKlass  @bci com/sun/java/swing/plaf/windows/WindowsLookAndFeel initComponentDefaults (Ljavax/swing/UIDefaults;)V 22 <appendix> argL0 ; # com/sun/java/swing/plaf/windows/WindowsLookAndFeel$$Lambda+0x0000000039061378
instanceKlass  @bci com/sun/java/swing/plaf/windows/WindowsLookAndFeel initComponentDefaults (Ljavax/swing/UIDefaults;)V 16 <appendix> argL0 ; # com/sun/java/swing/plaf/windows/WindowsLookAndFeel$$Lambda+0x0000000039061150
instanceKlass  @bci com/sun/java/swing/plaf/windows/WindowsLookAndFeel initComponentDefaults (Ljavax/swing/UIDefaults;)V 10 <appendix> argL0 ; # com/sun/java/swing/plaf/windows/WindowsLookAndFeel$$Lambda+0x0000000039060f28
instanceKlass  @bci javax/swing/plaf/basic/BasicLookAndFeel initComponentDefaults (Ljavax/swing/UIDefaults;)V 10900 <appendix> argL0 ; # javax/swing/plaf/basic/BasicLookAndFeel$$Lambda+0x0000000039060d00
instanceKlass  @bci javax/swing/plaf/basic/BasicLookAndFeel initComponentDefaults (Ljavax/swing/UIDefaults;)V 10882 <appendix> argL0 ; # javax/swing/plaf/basic/BasicLookAndFeel$$Lambda+0x0000000039060ad8
instanceKlass  @bci javax/swing/plaf/basic/BasicLookAndFeel initComponentDefaults (Ljavax/swing/UIDefaults;)V 2622 <appendix> argL0 ; # javax/swing/plaf/basic/BasicLookAndFeel$$Lambda+0x00000000390608b0
instanceKlass  @bci javax/swing/plaf/basic/BasicLookAndFeel initComponentDefaults (Ljavax/swing/UIDefaults;)V 2604 <appendix> argL0 ; # javax/swing/plaf/basic/BasicLookAndFeel$$Lambda+0x0000000039060688
instanceKlass  @bci javax/swing/plaf/basic/BasicLookAndFeel initComponentDefaults (Ljavax/swing/UIDefaults;)V 2586 <appendix> argL0 ; # javax/swing/plaf/basic/BasicLookAndFeel$$Lambda+0x0000000039060460
instanceKlass  @bci javax/swing/plaf/basic/BasicLookAndFeel initComponentDefaults (Ljavax/swing/UIDefaults;)V 2568 <appendix> argL0 ; # javax/swing/plaf/basic/BasicLookAndFeel$$Lambda+0x0000000039060238
instanceKlass javax/swing/UIDefaults$LazyInputMap
instanceKlass  @bci javax/swing/plaf/basic/BasicLookAndFeel initComponentDefaults (Ljavax/swing/UIDefaults;)V 789 <appendix> argL0 ; # javax/swing/plaf/basic/BasicLookAndFeel$$Lambda+0x000000003903fdc0
instanceKlass  @bci javax/swing/plaf/basic/BasicLookAndFeel initComponentDefaults (Ljavax/swing/UIDefaults;)V 730 <appendix> argL0 ; # javax/swing/plaf/basic/BasicLookAndFeel$$Lambda+0x000000003903fb98
instanceKlass  @bci javax/swing/plaf/basic/BasicLookAndFeel initComponentDefaults (Ljavax/swing/UIDefaults;)V 723 <appendix> argL0 ; # javax/swing/plaf/basic/BasicLookAndFeel$$Lambda+0x000000003903f970
instanceKlass  @bci javax/swing/plaf/basic/BasicLookAndFeel initComponentDefaults (Ljavax/swing/UIDefaults;)V 671 <appendix> argL0 ; # javax/swing/plaf/basic/BasicLookAndFeel$$Lambda+0x000000003903f748
instanceKlass  @bci javax/swing/plaf/basic/BasicLookAndFeel initComponentDefaults (Ljavax/swing/UIDefaults;)V 664 <appendix> member <vmtarget> ; # javax/swing/plaf/basic/BasicLookAndFeel$$Lambda+0x000000003903f520
instanceKlass  @bci javax/swing/plaf/basic/BasicLookAndFeel initComponentDefaults (Ljavax/swing/UIDefaults;)V 655 <appendix> member <vmtarget> ; # javax/swing/plaf/basic/BasicLookAndFeel$$Lambda+0x000000003903f2f8
instanceKlass  @bci javax/swing/plaf/basic/BasicLookAndFeel initComponentDefaults (Ljavax/swing/UIDefaults;)V 642 <appendix> member <vmtarget> ; # javax/swing/plaf/basic/BasicLookAndFeel$$Lambda+0x000000003903f0d0
instanceKlass  @cpi javax/swing/plaf/basic/BasicLookAndFeel 2637 form vmentry <vmtarget> ; # java/lang/invoke/LambdaForm$DMH+0x0000000039043c00
instanceKlass  @bci javax/swing/plaf/basic/BasicLookAndFeel initComponentDefaults (Ljavax/swing/UIDefaults;)V 611 <appendix> argL0 ; # javax/swing/plaf/basic/BasicLookAndFeel$$Lambda+0x000000003903ec60
instanceKlass  @bci javax/swing/plaf/basic/BasicLookAndFeel initComponentDefaults (Ljavax/swing/UIDefaults;)V 604 <appendix> argL0 ; # javax/swing/plaf/basic/BasicLookAndFeel$$Lambda+0x000000003903ea38
instanceKlass  @bci javax/swing/plaf/basic/BasicLookAndFeel initComponentDefaults (Ljavax/swing/UIDefaults;)V 597 <appendix> argL0 ; # javax/swing/plaf/basic/BasicLookAndFeel$$Lambda+0x000000003903e810
instanceKlass  @bci javax/swing/plaf/basic/BasicLookAndFeel initComponentDefaults (Ljavax/swing/UIDefaults;)V 590 <appendix> argL0 ; # javax/swing/plaf/basic/BasicLookAndFeel$$Lambda+0x000000003903e5e8
instanceKlass  @bci javax/swing/plaf/basic/BasicLookAndFeel initComponentDefaults (Ljavax/swing/UIDefaults;)V 583 <appendix> argL0 ; # javax/swing/plaf/basic/BasicLookAndFeel$$Lambda+0x000000003903e3c0
instanceKlass  @bci javax/swing/plaf/basic/BasicLookAndFeel initComponentDefaults (Ljavax/swing/UIDefaults;)V 576 <appendix> argL0 ; # javax/swing/plaf/basic/BasicLookAndFeel$$Lambda+0x000000003903e198
instanceKlass  @bci javax/swing/plaf/basic/BasicLookAndFeel initComponentDefaults (Ljavax/swing/UIDefaults;)V 569 <appendix> argL0 ; # javax/swing/plaf/basic/BasicLookAndFeel$$Lambda+0x000000003903df70
instanceKlass  @bci javax/swing/plaf/basic/BasicLookAndFeel initComponentDefaults (Ljavax/swing/UIDefaults;)V 562 <appendix> argL0 ; # javax/swing/plaf/basic/BasicLookAndFeel$$Lambda+0x000000003903dd48
instanceKlass javax/swing/plaf/basic/BasicLookAndFeel$2
instanceKlass  @bci javax/swing/plaf/basic/BasicLookAndFeel initComponentDefaults (Ljavax/swing/UIDefaults;)V 545 <appendix> argL0 ; # javax/swing/plaf/basic/BasicLookAndFeel$$Lambda+0x000000003903d8f0
instanceKlass  @bci sun/swing/SwingUtilities2 makeIcon (Ljava/lang/Class;Ljava/lang/Class;Ljava/lang/String;)Ljava/lang/Object; 3 <appendix> member <vmtarget> ; # sun/swing/SwingUtilities2$$Lambda+0x000000003903d6c0
instanceKlass  @bci javax/swing/plaf/basic/BasicLookAndFeel initComponentDefaults (Ljavax/swing/UIDefaults;)V 398 <appendix> argL0 ; # javax/swing/plaf/basic/BasicLookAndFeel$$Lambda+0x000000003903d498
instanceKlass  @bci javax/swing/plaf/basic/BasicLookAndFeel initComponentDefaults (Ljavax/swing/UIDefaults;)V 391 <appendix> argL0 ; # javax/swing/plaf/basic/BasicLookAndFeel$$Lambda+0x000000003903d270
instanceKlass  @bci javax/swing/plaf/basic/BasicLookAndFeel initComponentDefaults (Ljavax/swing/UIDefaults;)V 384 <appendix> argL0 ; # javax/swing/plaf/basic/BasicLookAndFeel$$Lambda+0x000000003903d048
instanceKlass  @bci jdk/internal/foreign/abi/BindingSpecializer specializeHelper (Ljava/lang/invoke/MethodType;Ljava/lang/invoke/MethodType;Ljdk/internal/foreign/abi/CallingSequence;Ljdk/internal/foreign/abi/ABIDescriptor;)[B 28 <appendix> form vmentry <vmtarget> ; # java/lang/invoke/LambdaForm$DMH+0x0000000039043800
instanceKlass  @bci javax/swing/plaf/basic/BasicLookAndFeel initComponentDefaults (Ljavax/swing/UIDefaults;)V 377 <appendix> member <vmtarget> ; # javax/swing/plaf/basic/BasicLookAndFeel$$Lambda+0x000000003903ce18
instanceKlass javax/swing/border/AbstractBorder
instanceKlass javax/swing/border/Border
instanceKlass  @bci javax/swing/plaf/basic/BasicLookAndFeel initComponentDefaults (Ljavax/swing/UIDefaults;)V 349 <appendix> member <vmtarget> ; # javax/swing/plaf/basic/BasicLookAndFeel$$Lambda+0x000000003903c280
instanceKlass  @bci javax/swing/plaf/basic/BasicLookAndFeel initComponentDefaults (Ljavax/swing/UIDefaults;)V 340 <appendix> argL0 ; # javax/swing/plaf/basic/BasicLookAndFeel$$Lambda+0x000000003903c058
instanceKlass  @bci javax/swing/plaf/basic/BasicLookAndFeel initComponentDefaults (Ljavax/swing/UIDefaults;)V 333 <appendix> argL0 ; # javax/swing/plaf/basic/BasicLookAndFeel$$Lambda+0x000000003903be30
instanceKlass  @bci javax/swing/plaf/basic/BasicLookAndFeel initComponentDefaults (Ljavax/swing/UIDefaults;)V 326 <appendix> argL0 ; # javax/swing/plaf/basic/BasicLookAndFeel$$Lambda+0x000000003903bc08
instanceKlass  @bci javax/swing/plaf/basic/BasicLookAndFeel initComponentDefaults (Ljavax/swing/UIDefaults;)V 319 <appendix> argL0 ; # javax/swing/plaf/basic/BasicLookAndFeel$$Lambda+0x000000003903b9e0
instanceKlass  @bci javax/swing/plaf/basic/BasicLookAndFeel initComponentDefaults (Ljavax/swing/UIDefaults;)V 312 <appendix> argL0 ; # javax/swing/plaf/basic/BasicLookAndFeel$$Lambda+0x000000003903b7b8
instanceKlass javax/swing/UIDefaults$ActiveValue
instanceKlass  @bci javax/swing/plaf/basic/BasicLookAndFeel initComponentDefaults (Ljavax/swing/UIDefaults;)V 47 <appendix> argL0 ; # javax/swing/plaf/basic/BasicLookAndFeel$$Lambda+0x000000003903b170
instanceKlass  @bci javax/swing/plaf/basic/BasicLookAndFeel initComponentDefaults (Ljavax/swing/UIDefaults;)V 40 <appendix> argL0 ; # javax/swing/plaf/basic/BasicLookAndFeel$$Lambda+0x000000003903af48
instanceKlass  @bci javax/swing/plaf/basic/BasicLookAndFeel initComponentDefaults (Ljavax/swing/UIDefaults;)V 33 <appendix> argL0 ; # javax/swing/plaf/basic/BasicLookAndFeel$$Lambda+0x000000003903ad20
instanceKlass  @bci javax/swing/plaf/basic/BasicLookAndFeel initComponentDefaults (Ljavax/swing/UIDefaults;)V 26 <appendix> argL0 ; # javax/swing/plaf/basic/BasicLookAndFeel$$Lambda+0x000000003903aaf8
instanceKlass  @bci javax/swing/plaf/basic/BasicLookAndFeel initComponentDefaults (Ljavax/swing/UIDefaults;)V 19 <appendix> argL0 ; # javax/swing/plaf/basic/BasicLookAndFeel$$Lambda+0x000000003903a8d0
instanceKlass javax/swing/UIDefaults$LazyValue
instanceKlass javax/swing/plaf/UIResource
instanceKlass jdk/internal/reflect/FieldAccessorImpl
instanceKlass jdk/internal/reflect/FieldAccessor
instanceKlass  @bci java/awt/SystemColor <clinit> ()V 643 <appendix> argL0 ; # java/awt/SystemColor$$Lambda+0x0000000039039c28
instanceKlass  @cpi java/awt/SystemColor 241 form vmentry <vmtarget> ; # java/lang/invoke/LambdaForm$DMH+0x0000000039043400
instanceKlass sun/awt/AWTAccessor$SystemColorAccessor
instanceKlass sun/swing/MnemonicHandler
instanceKlass com/sun/java/swing/plaf/windows/WindowsRootPaneUI$AltProcessor
instanceKlass javax/swing/plaf/ComponentUI
instanceKlass javax/swing/JComponent$2
instanceKlass javax/swing/JComponent$1
instanceKlass sun/swing/SwingAccessor$JComponentAccessor
instanceKlass java/awt/Container$1
instanceKlass sun/awt/AWTAccessor$ContainerAccessor
instanceKlass java/awt/geom/Dimension2D
instanceKlass java/awt/LightweightDispatcher
instanceKlass java/awt/event/AWTEventListener
instanceKlass java/awt/LayoutManager
instanceKlass javax/swing/TransferHandler$HasGetTransferHandler
instanceKlass java/util/LinkedList$Node
instanceKlass javax/swing/UIManager$1
instanceKlass sun/awt/KeyboardFocusManagerPeerImpl
instanceKlass java/awt/peer/KeyboardFocusManagerPeer
instanceKlass java/util/Collections$UnmodifiableCollection
instanceKlass javax/swing/KeyStroke$1
instanceKlass sun/swing/SwingAccessor$KeyStrokeAccessor
instanceKlass java/awt/AWTKeyStroke
instanceKlass java/awt/FocusTraversalPolicy
instanceKlass java/awt/DefaultKeyboardFocusManager$1
instanceKlass sun/awt/AWTAccessor$DefaultKeyboardFocusManagerAccessor
instanceKlass java/awt/KeyboardFocusManager$1
instanceKlass sun/awt/AWTAccessor$KeyboardFocusManagerAccessor
instanceKlass java/awt/KeyboardFocusManager
instanceKlass java/awt/KeyEventPostProcessor
instanceKlass java/awt/KeyEventDispatcher
instanceKlass sun/awt/PaintEventDispatcher
instanceKlass sun/awt/SunDisplayChanger
instanceKlass sun/java2d/windows/WindowsFlags
instanceKlass java/awt/GraphicsEnvironment$LocalGE
instanceKlass javax/swing/RepaintManager$1
instanceKlass sun/swing/SwingAccessor$RepaintManagerAccessor
instanceKlass javax/swing/RepaintManager$DisplayChangedHandler
instanceKlass javax/swing/RepaintManager
instanceKlass sun/swing/ImageCache
instanceKlass java/awt/image/MultiResolutionImage
instanceKlass sun/swing/CachedPainter
instanceKlass com/sun/java/swing/plaf/windows/XPStyle
instanceKlass sun/swing/DefaultLookup
instanceKlass sun/swing/SwingAccessor
instanceKlass  @bci javax/swing/UIDefaults <clinit> ()V 10 <appendix> argL0 ; # javax/swing/UIDefaults$$Lambda+0x000000003902d070
instanceKlass  @cpi sun/awt/datatransfer/SunClipboard 410 form vmentry <vmtarget> ; # java/lang/invoke/LambdaForm$DMH+0x0000000039043000
instanceKlass sun/swing/SwingAccessor$UIDefaultsAccessor
instanceKlass javax/swing/UIManager$LAFState
instanceKlass sun/swing/SwingUtilities2$LSBCacheEntry
instanceKlass java/awt/font/FontRenderContext
instanceKlass sun/swing/SwingUtilities2
instanceKlass sun/swing/StringUIClientPropertyKey
instanceKlass javax/swing/UIClientPropertyKey
instanceKlass javax/swing/LookAndFeel
instanceKlass javax/swing/SwingUtilities
instanceKlass javax/swing/SwingConstants
instanceKlass java/util/IdentityHashMap$IdentityHashMapIterator
instanceKlass java/util/Collections$SynchronizedCollection
instanceKlass sun/awt/PostEventQueue
instanceKlass sun/awt/MostRecentKeyValue
instanceKlass java/awt/Queue
instanceKlass java/awt/EventQueue$2
instanceKlass sun/awt/AWTAccessor$EventQueueAccessor
instanceKlass java/awt/EventQueue$1
instanceKlass java/awt/EventQueue
instanceKlass sun/awt/AppContext$3
instanceKlass jdk/internal/access/JavaAWTAccess
instanceKlass sun/awt/AppContext$GetAppContextLock
instanceKlass sun/awt/AppContext
instanceKlass java/awt/Toolkit$DesktopPropertyChangeSupport$1
instanceKlass java/util/ComparableTimSort
instanceKlass java/util/Arrays$LegacyMergeSort
instanceKlass sun/awt/SunHints$Value
instanceKlass java/awt/RenderingHints$Key
instanceKlass sun/awt/SunHints
instanceKlass java/awt/RenderingHints
instanceKlass sun/awt/windows/WDesktopProperties$WinPlaySound
instanceKlass java/awt/Color
instanceKlass java/awt/Paint
instanceKlass  @bci sun/awt/datatransfer/SunClipboard <init> (Ljava/lang/String;)V 16 <appendix> form vmentry <vmtarget> ; # java/lang/invoke/LambdaForm$MH+0x0000000039042c00
instanceKlass java/util/concurrent/locks/ReentrantReadWriteLock$WriteLock
instanceKlass java/util/concurrent/locks/ReentrantReadWriteLock$ReadLock
instanceKlass java/util/concurrent/locks/ReentrantReadWriteLock
instanceKlass java/util/concurrent/locks/ReadWriteLock
instanceKlass sun/awt/windows/ThemeReader
instanceKlass sun/awt/windows/WDesktopProperties
instanceKlass java/lang/Shutdown$Lock
instanceKlass java/lang/Shutdown
instanceKlass java/lang/ApplicationShutdownHooks$1
instanceKlass java/lang/ApplicationShutdownHooks
instanceKlass  @bci sun/awt/windows/WToolkit registerShutdownHook ()V 8 <appendix> member <vmtarget> ; # sun/awt/windows/WToolkit$$Lambda+0x0000000039023548
instanceKlass sun/awt/AWTAutoShutdown
instanceKlass java/util/concurrent/ConcurrentLinkedDeque$Node
instanceKlass sun/awt/util/ThreadGroupUtils
instanceKlass sun/java2d/Disposer
instanceKlass sun/awt/windows/WToolkit$ToolkitDisposer
instanceKlass sun/java2d/DisposerRecord
instanceKlass  @bci sun/net/httpserver/ExchangeImpl sendResponseHeaders (IJ)V 476 <appendix> form vmentry <vmtarget> ; # java/lang/invoke/LambdaForm$MH+0x0000000039042800
instanceKlass sun/awt/util/PerformanceLogger$TimeData
instanceKlass sun/awt/util/PerformanceLogger
instanceKlass sun/awt/SunToolkit$ModalityListenerList
instanceKlass sun/awt/ModalityListener
instanceKlass java/beans/PropertyChangeListener
instanceKlass java/beans/ChangeListenerMap
instanceKlass java/beans/PropertyChangeSupport
instanceKlass sun/util/logging/PlatformLogger$ConfigurableBridge$LoggerConfiguration
instanceKlass jdk/internal/logger/BootstrapLogger$RedirectedLoggers
instanceKlass javax/swing/event/EventListenerList
instanceKlass sun/awt/windows/WDesktopPeer
instanceKlass java/awt/peer/DesktopPeer
instanceKlass java/awt/Component$DummyRequestFocusController
instanceKlass sun/awt/RequestFocusController
instanceKlass java/awt/Component$1
instanceKlass sun/awt/AWTAccessor$ComponentAccessor
instanceKlass java/awt/font/JavaAWTFontAccessImpl
instanceKlass jdk/internal/access/JavaAWTFontAccess
instanceKlass java/text/AttributedCharacterIterator$Attribute
instanceKlass sun/font/AttributeValues
instanceKlass java/awt/geom/AffineTransform
instanceKlass sun/font/FontAccess
instanceKlass java/awt/Font
instanceKlass sun/awt/windows/WObjectPeer
instanceKlass java/awt/dnd/peer/DropTargetPeer
instanceKlass java/awt/peer/ComponentPeer
instanceKlass java/awt/event/InputEvent$1
instanceKlass sun/awt/AWTAccessor$InputEventAccessor
instanceKlass java/awt/event/NativeLibLoader
instanceKlass java/awt/AWTEvent$1
instanceKlass sun/awt/AWTAccessor$AWTEventAccessor
instanceKlass java/util/EventObject
instanceKlass java/awt/Component$AWTTreeLock
instanceKlass java/awt/Component
instanceKlass java/awt/MenuContainer
instanceKlass java/awt/image/ImageObserver
instanceKlass sun/awt/DisplayChangedListener
instanceKlass java/util/EventListener
instanceKlass sun/awt/image/SurfaceManager
instanceKlass sun/awt/image/SurfaceManager$ImageAccessor
instanceKlass java/awt/ImageCapabilities
instanceKlass java/awt/Image
instanceKlass sun/java2d/DestSurfaceProvider
instanceKlass sun/java2d/loops/RenderCache$Entry
instanceKlass sun/java2d/loops/RenderCache
instanceKlass sun/java2d/pipe/DrawImage
instanceKlass sun/java2d/pipe/GeneralCompositePipe
instanceKlass sun/java2d/pipe/SpanShapeRenderer
instanceKlass sun/java2d/pipe/AlphaPaintPipe
instanceKlass sun/java2d/pipe/AAShapePipe
instanceKlass sun/java2d/pipe/RegionIterator
instanceKlass sun/java2d/pipe/Region
instanceKlass sun/java2d/pipe/SpanClipRenderer
instanceKlass sun/java2d/pipe/PixelToShapeConverter
instanceKlass sun/java2d/pipe/AlphaColorPipe
instanceKlass sun/java2d/pipe/CompositePipe
instanceKlass sun/font/FontUtilities
instanceKlass sun/java2d/pipe/GlyphListPipe
instanceKlass sun/java2d/pipe/OutlineTextRenderer
instanceKlass java/lang/invoke/VarForm
instanceKlass java/lang/invoke/VarHandleGuards
instanceKlass java/lang/invoke/VarHandles
instanceKlass java/util/concurrent/ConcurrentLinkedQueue$Node
instanceKlass sun/java2d/ReentrantContextProvider
instanceKlass sun/java2d/marlin/FloatMath
instanceKlass sun/java2d/marlin/MarlinProperties
instanceKlass sun/java2d/marlin/MarlinConst
instanceKlass sun/java2d/pipe/RenderingEngine
instanceKlass sun/java2d/pipe/LoopPipe
instanceKlass sun/java2d/pipe/LoopBasedPipe
instanceKlass sun/java2d/pipe/ParallelogramPipe
instanceKlass sun/java2d/pipe/NullPipe
instanceKlass sun/java2d/pipe/DrawImagePipe
instanceKlass sun/java2d/pipe/TextPipe
instanceKlass sun/java2d/pipe/ShapeDrawPipe
instanceKlass sun/java2d/pipe/PixelFillPipe
instanceKlass sun/java2d/pipe/PixelDrawPipe
instanceKlass sun/java2d/StateTrackableDelegate$2
instanceKlass sun/java2d/StateTrackableDelegate
instanceKlass sun/java2d/cmm/ProfileDeferralInfo
instanceKlass java/awt/color/ICC_Profile$BuiltInProfile
instanceKlass  @bci java/awt/color/ICC_Profile <clinit> ()V 0 <appendix> argL0 ; # java/awt/color/ICC_Profile$$Lambda+0x000000003900e860
instanceKlass sun/java2d/cmm/Profile
instanceKlass sun/awt/AWTAccessor$ICC_ProfileAccessor
instanceKlass java/awt/color/ICC_Profile
instanceKlass java/awt/color/ColorSpace$BuiltInSpace
instanceKlass java/awt/color/ColorSpace
instanceKlass java/awt/image/ColorModel$1RGBdefault
instanceKlass java/awt/image/ColorModel
instanceKlass sun/awt/image/PixelConverter
instanceKlass sun/java2d/loops/SurfaceType
instanceKlass sun/java2d/SurfaceData
instanceKlass sun/java2d/Surface
instanceKlass sun/java2d/StateTrackable
instanceKlass sun/java2d/DisposerTarget
instanceKlass java/awt/Transparency
instanceKlass jdk/internal/logger/LazyLoggers$LazyLoggerAccessor
instanceKlass jdk/internal/logger/LazyLoggers$LoggerAccessor
instanceKlass jdk/internal/logger/AbstractLoggerWrapper
instanceKlass java/util/ServiceLoader$ProviderImpl
instanceKlass java/util/ServiceLoader$Provider
instanceKlass sun/util/logging/internal/LoggingProviderImpl$LogManagerAccess
instanceKlass java/util/concurrent/CopyOnWriteArrayList$COWIterator
instanceKlass sun/security/util/Debug
instanceKlass sun/security/util/SignatureFileVerifier
instanceKlass java/util/zip/ZipFile$InflaterCleanupAction
instanceKlass java/util/zip/Inflater$InflaterZStreamRef
instanceKlass java/util/zip/Inflater
instanceKlass java/util/zip/ZipEntry
instanceKlass jdk/internal/perf/PerfCounter$CoreCounters
instanceKlass jdk/internal/perf/Perf
instanceKlass jdk/internal/perf/PerfCounter
instanceKlass java/nio/file/attribute/FileTime
instanceKlass java/util/zip/ZipUtils
instanceKlass java/util/zip/ZipFile$Source$End
instanceKlass java/io/RandomAccessFile$2
instanceKlass jdk/internal/access/JavaIORandomAccessFileAccess
instanceKlass java/io/RandomAccessFile
instanceKlass java/io/DataInput
instanceKlass java/io/DataOutput
instanceKlass sun/nio/fs/WindowsNativeDispatcher$CompletionStatus
instanceKlass sun/nio/fs/WindowsNativeDispatcher$AclInformation
instanceKlass sun/nio/fs/WindowsNativeDispatcher$Account
instanceKlass sun/nio/fs/WindowsNativeDispatcher$DiskFreeSpace
instanceKlass sun/nio/fs/WindowsNativeDispatcher$VolumeInformation
instanceKlass sun/nio/fs/WindowsNativeDispatcher$FirstStream
instanceKlass sun/nio/fs/WindowsNativeDispatcher$FirstFile
instanceKlass sun/nio/fs/WindowsNativeDispatcher
instanceKlass sun/nio/fs/NativeBuffer$Deallocator
instanceKlass sun/nio/fs/NativeBuffer
instanceKlass java/lang/ThreadLocal$ThreadLocalMap
instanceKlass java/lang/ThreadLocal
instanceKlass sun/nio/fs/NativeBuffers
instanceKlass sun/nio/fs/WindowsFileAttributes
instanceKlass java/nio/file/attribute/DosFileAttributes
instanceKlass sun/nio/fs/AbstractBasicFileAttributeView
instanceKlass sun/nio/fs/DynamicFileAttributeView
instanceKlass sun/nio/fs/WindowsFileAttributeViews
instanceKlass sun/nio/fs/Util
instanceKlass java/nio/file/attribute/BasicFileAttributeView
instanceKlass java/nio/file/attribute/FileAttributeView
instanceKlass java/nio/file/attribute/AttributeView
instanceKlass java/nio/file/Files
instanceKlass java/nio/file/CopyOption
instanceKlass java/nio/file/attribute/BasicFileAttributes
instanceKlass java/util/zip/ZipFile$Source$Key
instanceKlass java/util/zip/ZipFile$Source
instanceKlass java/util/zip/ZipFile$CleanableResource
instanceKlass java/util/zip/ZipCoder
instanceKlass java/lang/Runtime$Version
instanceKlass java/util/jar/JavaUtilJarAccessImpl
instanceKlass jdk/internal/access/JavaUtilJarAccess
instanceKlass jdk/internal/loader/FileURLMapper
instanceKlass java/util/zip/ZipFile$1
instanceKlass jdk/internal/access/JavaUtilZipFileAccess
instanceKlass java/util/BitSet
instanceKlass java/util/zip/ZipFile
instanceKlass java/util/zip/ZipConstants
instanceKlass jdk/internal/loader/URLClassPath$1
instanceKlass java/lang/CompoundEnumeration
instanceKlass jdk/internal/loader/BuiltinClassLoader$1
instanceKlass java/util/Collections$EmptyEnumeration
instanceKlass java/util/ServiceLoader$2
instanceKlass java/util/ServiceLoader$1
instanceKlass java/util/ServiceLoader$LazyClassPathLookupIterator
instanceKlass java/util/ArrayList$Itr
instanceKlass java/util/ImmutableCollections$Set12$1
instanceKlass java/util/ImmutableCollections$SetN$SetNIterator
instanceKlass java/util/Spliterators$1Adapter
instanceKlass java/util/EnumMap$1
instanceKlass java/util/stream/StreamOpFlag$MaskBuilder
instanceKlass java/util/stream/Stream
instanceKlass java/util/stream/BaseStream
instanceKlass java/util/stream/PipelineHelper
instanceKlass java/util/stream/StreamSupport
instanceKlass java/util/Spliterators$ArraySpliterator
instanceKlass java/util/Spliterator
instanceKlass java/util/Spliterators
instanceKlass jdk/internal/loader/AbstractClassLoaderValue$Memoizer
instanceKlass java/util/ServiceLoader$ModuleServicesLookupIterator
instanceKlass java/util/ServiceLoader
instanceKlass java/lang/System$LoggerFinder
instanceKlass jdk/internal/logger/BootstrapLogger$DetectBackend
instanceKlass jdk/internal/logger/BootstrapLogger
instanceKlass sun/util/logging/PlatformLogger$ConfigurableBridge
instanceKlass sun/util/logging/PlatformLogger$Bridge
instanceKlass java/lang/System$Logger
instanceKlass jdk/internal/logger/LazyLoggers$LazyLoggerFactories
instanceKlass jdk/internal/logger/LazyLoggers$1
instanceKlass jdk/internal/logger/LazyLoggers
instanceKlass sun/util/logging/PlatformLogger
instanceKlass java/util/Collections$SynchronizedMap
instanceKlass sun/awt/WeakIdentityHashMap
instanceKlass java/util/concurrent/locks/AbstractQueuedSynchronizer$ConditionObject
instanceKlass java/util/concurrent/locks/Condition
instanceKlass sun/awt/KeyboardFocusManagerPeerProvider
instanceKlass sun/awt/InputMethodSupport
instanceKlass sun/awt/ComponentFactory
instanceKlass sun/awt/PlatformGraphicsInfo
instanceKlass java/awt/GraphicsEnvironment
instanceKlass java/awt/Insets
instanceKlass  @bci dashboard/DashboardHandler card (Ljava/lang/String;DLjava/lang/String;)Ljava/lang/String; 20 <appendix> form vmentry <vmtarget> ; # java/lang/invoke/LambdaForm$MH+0x0000000039042400
instanceKlass  @bci java/awt/datatransfer/MimeType getBaseType ()Ljava/lang/String; 8 <appendix> form vmentry <vmtarget> ; # java/lang/invoke/LambdaForm$MH+0x0000000039041c00
instanceKlass java/lang/invoke/StringConcatFactory$InlineHiddenClassStrategy$6
instanceKlass java/lang/invoke/StringConcatFactory$InlineHiddenClassStrategy$3$4
instanceKlass jdk/internal/jimage/ImageLocation
instanceKlass  @bci jdk/internal/module/SystemModuleFinders$SystemModuleReader open (Ljava/lang/String;)Ljava/util/Optional; 6 <appendix> member <vmtarget> ; # jdk/internal/module/SystemModuleFinders$SystemModuleReader$$Lambda+0x0000000039003c40
instanceKlass jdk/internal/module/SystemModuleFinders
instanceKlass java/lang/invoke/TypeConvertingMethodAdapter
instanceKlass java/lang/invoke/InnerClassLambdaMetafactory$6
instanceKlass java/lang/invoke/InnerClassLambdaMetafactory$3
instanceKlass java/lang/classfile/Interfaces
instanceKlass java/util/ImmutableCollections$Access$1
instanceKlass jdk/internal/access/JavaUtilCollectionAccess
instanceKlass java/util/ImmutableCollections$Access
instanceKlass java/lang/invoke/InnerClassLambdaMetafactory$1
instanceKlass jdk/internal/jimage/decompressor/Decompressor
instanceKlass jdk/internal/jimage/ImageStringsReader
instanceKlass jdk/internal/jimage/ImageStrings
instanceKlass jdk/internal/jimage/ImageHeader
instanceKlass java/nio/Bits$1
instanceKlass jdk/internal/misc/VM$BufferPool
instanceKlass java/nio/Bits
instanceKlass sun/nio/ch/DirectBuffer
instanceKlass java/util/Enumeration
instanceKlass java/util/concurrent/ConcurrentHashMap$Traverser
instanceKlass jdk/internal/loader/NativeLibraries$2
instanceKlass jdk/internal/loader/NativeLibrary
instanceKlass java/util/ArrayDeque$DeqIterator
instanceKlass jdk/internal/loader/NativeLibraries$NativeLibraryContext$1
instanceKlass jdk/internal/loader/NativeLibraries$NativeLibraryContext
instanceKlass jdk/internal/loader/NativeLibraries$1
instanceKlass jdk/internal/loader/NativeLibraries$LibraryPaths
instanceKlass jdk/internal/reflect/Reflection$1Holder
instanceKlass jdk/internal/jimage/NativeImageBuffer$1
instanceKlass jdk/internal/jimage/NativeImageBuffer
instanceKlass java/security/AccessControlContext
instanceKlass java/security/AccessController
instanceKlass jdk/internal/jimage/BasicImageReader$1
instanceKlass java/security/PrivilegedAction
instanceKlass jdk/internal/jimage/BasicImageReader
instanceKlass jdk/internal/jimage/ImageReader
instanceKlass jdk/internal/jimage/ImageReaderFactory$1
instanceKlass sun/nio/fs/WindowsPath
instanceKlass java/nio/file/Path
instanceKlass java/nio/file/Watchable
instanceKlass sun/nio/fs/WindowsPathParser
instanceKlass java/nio/file/FileSystem
instanceKlass java/nio/file/OpenOption
instanceKlass java/nio/file/spi/FileSystemProvider
instanceKlass sun/nio/fs/DefaultFileSystemProvider
instanceKlass jdk/internal/jimage/ImageReaderFactory
instanceKlass jdk/internal/module/SystemModuleFinders$SystemImage
instanceKlass jdk/internal/module/SystemModuleFinders$SystemModuleReader
instanceKlass java/lang/module/ModuleReader
instanceKlass jdk/internal/loader/BuiltinClassLoader$2
instanceKlass jdk/internal/module/Checks
instanceKlass jdk/internal/module/Resources
instanceKlass java/util/ResourceBundle$ResourceBundleProviderHelper
instanceKlass  @bci java/util/ResourceBundle$Control getCandidateLocales (Ljava/lang/String;Ljava/util/Locale;)Ljava/util/List; 23 <appendix> argL0 ; # java/util/ResourceBundle$Control$$Lambda+0x80000001d
instanceKlass java/util/ResourceBundle$CacheKeyReference
instanceKlass java/util/ResourceBundle$CacheKey
instanceKlass  @bci java/util/ResourceBundle$Control <clinit> ()V 39 <appendix> argL0 ; # java/util/ResourceBundle$Control$$Lambda+0x80000001e
instanceKlass java/lang/invoke/LambdaProxyClassArchive
instanceKlass java/lang/invoke/InfoFromMemberName
instanceKlass java/lang/invoke/MethodHandleInfo
instanceKlass java/lang/invoke/AbstractValidatingLambdaMetafactory
instanceKlass java/lang/invoke/LambdaMetafactory
instanceKlass java/util/ResourceBundle$Control
instanceKlass java/util/ResourceBundle$1
instanceKlass jdk/internal/access/JavaUtilResourceBundleAccess
instanceKlass java/util/ResourceBundle
instanceKlass sun/awt/AWTAccessor
instanceKlass java/awt/Toolkit$1
instanceKlass sun/awt/AWTAccessor$ToolkitAccessor
instanceKlass java/awt/Toolkit
instanceKlass  @bci com/sun/java/swing/plaf/windows/WindowsScrollBarUI$Grid getGrid (Ljava/awt/Color;Ljava/awt/Color;)Lcom/sun/java/swing/plaf/windows/WindowsScrollBarUI$Grid; 8 <appendix> form vmentry <vmtarget> ; # java/lang/invoke/LambdaForm$MH+0x0000000039041400
instanceKlass java/lang/StringConcatHelper$StringConcatBase
instanceKlass java/lang/invoke/StringConcatFactory$InlineHiddenClassStrategy$4
instanceKlass java/lang/invoke/StringConcatFactory$InlineHiddenClassStrategy$3$1
instanceKlass jdk/internal/classfile/impl/BytecodeHelpers$1
instanceKlass java/lang/invoke/StringConcatFactory$InlineHiddenClassStrategy$7
instanceKlass java/lang/invoke/StringConcatFactory$InlineHiddenClassStrategy$3$2
instanceKlass java/lang/invoke/StringConcatFactory$InlineHiddenClassStrategy$5
instanceKlass java/lang/invoke/StringConcatFactory$InlineHiddenClassStrategy$3$3
instanceKlass java/lang/invoke/StringConcatFactory$InlineHiddenClassStrategy$3
instanceKlass java/lang/invoke/StringConcatFactory$InlineHiddenClassStrategy$2
instanceKlass java/lang/invoke/StringConcatFactory$InlineHiddenClassStrategy$1
instanceKlass java/lang/invoke/StringConcatFactory$InlineHiddenClassStrategy
instanceKlass java/lang/invoke/BootstrapMethodInvoker
instanceKlass java/lang/invoke/StringConcatFactory
instanceKlass sun/awt/OSInfo$1
# instanceKlass java/lang/invoke/LambdaForm$MH+0x0000000039040c00
instanceKlass java/lang/invoke/LambdaFormBuffer
instanceKlass java/lang/invoke/LambdaFormEditor$TransformKey
instanceKlass java/lang/invoke/LambdaFormEditor
instanceKlass java/lang/invoke/Invokers$Holder
instanceKlass java/lang/invoke/DelegatingMethodHandle$Holder
instanceKlass java/lang/invoke/DirectMethodHandle$2
instanceKlass java/lang/invoke/ClassSpecializer$Factory
instanceKlass java/lang/invoke/ClassSpecializer$SpeciesData
instanceKlass java/lang/invoke/ClassSpecializer$1
instanceKlass jdk/internal/vm/annotation/Stable
instanceKlass java/lang/invoke/ClassSpecializer
instanceKlass  @cpi sun/awt/Win32FontManager 393 form vmentry <vmtarget> ; # java/lang/invoke/LambdaForm$DMH+0x0000000039040800
instanceKlass jdk/internal/util/ModifiedUtf
instanceKlass jdk/internal/classfile/impl/ClassReaderImpl
instanceKlass java/lang/classfile/ClassReader
instanceKlass jdk/internal/classfile/impl/ClassHierarchyImpl$CachedClassHierarchyResolver$1
instanceKlass java/lang/classfile/ClassHierarchyResolver$ClassHierarchyInfo
instanceKlass jdk/internal/classfile/impl/ClassHierarchyImpl$CachedClassHierarchyResolver
instanceKlass jdk/internal/classfile/impl/ClassHierarchyImpl$ClassLoadingClassHierarchyResolver$1
instanceKlass jdk/internal/classfile/impl/ClassHierarchyImpl$ClassLoadingClassHierarchyResolver
instanceKlass java/lang/classfile/ClassHierarchyResolver
instanceKlass jdk/internal/classfile/impl/ClassHierarchyImpl
instanceKlass jdk/internal/classfile/impl/RawBytecodeHelper$1
instanceKlass jdk/internal/classfile/impl/RawBytecodeHelper
instanceKlass jdk/internal/classfile/impl/StackMapGenerator$Frame
instanceKlass jdk/internal/classfile/impl/StackMapGenerator
instanceKlass java/util/ImmutableCollections$ListItr
instanceKlass java/util/ListIterator
instanceKlass jdk/internal/classfile/impl/AnnotationReader
instanceKlass java/lang/classfile/CustomAttribute
instanceKlass jdk/internal/classfile/impl/TerminalFieldBuilder
instanceKlass java/lang/classfile/FieldBuilder
instanceKlass java/lang/invoke/InvokerBytecodeGenerator$2
instanceKlass jdk/internal/classfile/impl/BytecodeHelpers
instanceKlass sun/invoke/empty/Empty
instanceKlass java/lang/classfile/constantpool/MethodRefEntry
instanceKlass sun/invoke/util/VerifyType
instanceKlass jdk/internal/classfile/impl/DirectCodeBuilder$8
instanceKlass java/lang/classfile/instruction/LabelTarget
instanceKlass java/lang/classfile/Label
instanceKlass jdk/internal/classfile/impl/BufWriterImpl
instanceKlass java/lang/classfile/BufWriter
instanceKlass java/lang/classfile/instruction/LocalVariableType
instanceKlass java/lang/classfile/instruction/LocalVariable
instanceKlass java/lang/classfile/instruction/CharacterRange
instanceKlass java/lang/classfile/PseudoInstruction
instanceKlass java/lang/classfile/CodeElement
instanceKlass jdk/internal/classfile/impl/TerminalCodeBuilder
instanceKlass jdk/internal/classfile/impl/LabelContext
instanceKlass java/lang/classfile/CodeBuilder
instanceKlass java/lang/invoke/InvokerBytecodeGenerator$4$1
instanceKlass java/lang/classfile/constantpool/FieldRefEntry
instanceKlass java/lang/classfile/constantpool/MemberRefEntry
instanceKlass java/lang/classfile/constantpool/NameAndTypeEntry
instanceKlass jdk/internal/classfile/impl/TerminalMethodBuilder
instanceKlass jdk/internal/classfile/impl/MethodInfo
instanceKlass java/lang/classfile/MethodBuilder
instanceKlass java/lang/invoke/InvokerBytecodeGenerator$4
instanceKlass java/lang/classfile/attribute/SourceFileAttribute
instanceKlass java/lang/classfile/Superclass
instanceKlass jdk/internal/classfile/impl/AttributeHolder
instanceKlass java/lang/classfile/ClassBuilder
instanceKlass java/lang/classfile/ClassFileBuilder
instanceKlass jdk/internal/classfile/impl/AbstractDirectBuilder
instanceKlass java/lang/invoke/InvokerBytecodeGenerator$1
instanceKlass jdk/internal/classfile/impl/ClassFileImpl
instanceKlass java/lang/classfile/ClassFile
instanceKlass java/lang/invoke/InvokerBytecodeGenerator$3
instanceKlass java/util/function/Consumer
instanceKlass java/lang/classfile/constantpool/ClassEntry
instanceKlass java/lang/classfile/constantpool/LoadableConstantEntry
instanceKlass jdk/internal/classfile/impl/Util
instanceKlass jdk/internal/classfile/impl/EntryMap
instanceKlass jdk/internal/classfile/impl/BootstrapMethodEntryImpl
instanceKlass java/lang/classfile/BootstrapMethodEntry
instanceKlass jdk/internal/classfile/impl/SplitConstantPool
instanceKlass java/lang/invoke/InvokerBytecodeGenerator$8
instanceKlass jdk/internal/classfile/impl/AbstractAttributeMapper
instanceKlass java/lang/classfile/AttributeMapper
instanceKlass java/lang/classfile/Attributes
instanceKlass jdk/internal/classfile/impl/Util$Writable
instanceKlass jdk/internal/classfile/impl/AbstractElement
instanceKlass java/lang/classfile/attribute/RuntimeVisibleAnnotationsAttribute
instanceKlass java/lang/classfile/FieldElement
instanceKlass java/lang/classfile/MethodElement
instanceKlass java/lang/classfile/ClassElement
instanceKlass java/lang/classfile/Attribute
instanceKlass java/lang/classfile/ClassFileElement
instanceKlass java/lang/classfile/constantpool/Utf8Entry
instanceKlass java/lang/classfile/constantpool/AnnotationConstantValueEntry
instanceKlass java/lang/classfile/constantpool/PoolEntry
instanceKlass jdk/internal/classfile/impl/AbstractPoolEntry
instanceKlass jdk/internal/classfile/impl/TemporaryConstantPool
instanceKlass java/lang/classfile/constantpool/ConstantPoolBuilder
instanceKlass java/lang/classfile/constantpool/ConstantPool
instanceKlass java/lang/classfile/Annotation
instanceKlass java/lang/classfile/AnnotationElement
instanceKlass java/lang/invoke/InvokerBytecodeGenerator
instanceKlass java/lang/invoke/LambdaForm$Holder
instanceKlass java/lang/invoke/LambdaForm$Name
instanceKlass java/lang/reflect/Array
instanceKlass java/lang/invoke/Invokers
instanceKlass sun/invoke/util/ValueConversions
instanceKlass java/lang/invoke/DirectMethodHandle$Holder
instanceKlass java/lang/constant/DynamicConstantDesc
instanceKlass jdk/internal/constant/DirectMethodHandleDescImpl$1
instanceKlass jdk/internal/constant/DirectMethodHandleDescImpl
instanceKlass java/lang/constant/DirectMethodHandleDesc
instanceKlass java/lang/constant/MethodHandleDesc$1
instanceKlass java/lang/constant/MethodHandleDesc
instanceKlass jdk/internal/constant/MethodTypeDescImpl
instanceKlass java/lang/constant/MethodTypeDesc
instanceKlass jdk/internal/constant/ConstantUtils
instanceKlass jdk/internal/constant/ArrayClassDescImpl
instanceKlass jdk/internal/constant/ClassOrInterfaceDescImpl
instanceKlass java/lang/constant/ClassDesc
instanceKlass java/lang/constant/ConstantDescs
instanceKlass sun/invoke/util/Wrapper$Format
instanceKlass java/lang/invoke/MethodHandleImpl$1
instanceKlass jdk/internal/access/JavaLangInvokeAccess
instanceKlass java/lang/invoke/LambdaForm$NamedFunction
instanceKlass jdk/internal/reflect/MethodHandleAccessorFactory$LazyStaticHolder
instanceKlass java/lang/invoke/MethodTypeForm
instanceKlass jdk/internal/util/StrongReferenceKey
instanceKlass jdk/internal/util/ReferenceKey
instanceKlass jdk/internal/util/ReferencedKeyMap
instanceKlass java/lang/invoke/MethodType$1
instanceKlass sun/reflect/annotation/AnnotationParser
instanceKlass java/util/Optional
instanceKlass sun/util/locale/LocaleUtils
instanceKlass java/util/Locale
instanceKlass sun/awt/OSInfo$WindowsVersion
instanceKlass sun/awt/OSInfo
instanceKlass javax/swing/UIManager$LookAndFeelInfo
instanceKlass javax/swing/UIManager
instanceKlass java/lang/PublicMethods$Key
instanceKlass java/lang/PublicMethods$MethodList
instanceKlass jdk/internal/misc/MethodFinder
instanceKlass java/lang/NamedPackage
instanceKlass App
instanceKlass java/security/PermissionCollection
instanceKlass java/security/SecureClassLoader$1
instanceKlass java/io/FileInputStream$1
instanceKlass sun/nio/ByteBuffered
instanceKlass jdk/internal/ref/CleanerImpl$CleanableList$Node
instanceKlass jdk/internal/ref/CleanerImpl$CleanableList
instanceKlass jdk/internal/ref/CleanerImpl
instanceKlass java/lang/ref/Cleaner$1
instanceKlass java/lang/ref/Cleaner
instanceKlass jdk/internal/ref/CleanerFactory$1
instanceKlass java/util/concurrent/ThreadFactory
instanceKlass jdk/internal/ref/CleanerFactory
instanceKlass java/lang/ref/Cleaner$Cleanable
instanceKlass jdk/internal/loader/Resource
instanceKlass jdk/internal/loader/URLClassPath$Loader
instanceKlass sun/net/util/URLUtil
instanceKlass java/lang/StringCoding
instanceKlass sun/nio/cs/MS1252$Holder
instanceKlass sun/nio/cs/ArrayDecoder
instanceKlass java/nio/charset/CharsetDecoder
instanceKlass sun/launcher/LauncherHelper
instanceKlass jdk/internal/vm/ContinuationSupport
instanceKlass java/util/Deque
instanceKlass java/util/Queue
instanceKlass sun/net/util/IPAddressUtil$MASKS
instanceKlass sun/net/util/IPAddressUtil
instanceKlass java/net/URLStreamHandler
instanceKlass sun/net/www/ParseUtil
instanceKlass java/net/URL$1
instanceKlass jdk/internal/access/JavaNetURLAccess
instanceKlass java/net/URL$DefaultFactory
instanceKlass java/net/URLStreamHandlerFactory
instanceKlass jdk/internal/loader/URLClassPath
instanceKlass java/lang/Module$EnableNativeAccess
instanceKlass jdk/internal/loader/BootLoader
instanceKlass java/util/concurrent/ConcurrentHashMap$CollectionView
instanceKlass jdk/internal/loader/ClassLoaderHelper
instanceKlass java/lang/ClassLoader$ParallelLoaders
instanceKlass java/security/cert/Certificate
instanceKlass java/net/URI$1
instanceKlass jdk/internal/access/JavaNetUriAccess
instanceKlass jdk/internal/loader/AbstractClassLoaderValue
instanceKlass jdk/internal/module/ModuleBootstrap$Counters
instanceKlass jdk/internal/module/ModuleLoaderMap$Modules
instanceKlass jdk/internal/module/ModuleLoaderMap
instanceKlass jdk/internal/module/ModulePatcher
instanceKlass jdk/internal/util/DecimalDigits
instanceKlass java/io/FileSystem
instanceKlass java/io/DefaultFileSystem
instanceKlass java/io/File
instanceKlass java/lang/module/ModuleDescriptor$1
instanceKlass jdk/internal/access/JavaLangModuleAccess
instanceKlass sun/invoke/util/VerifyAccess
instanceKlass java/util/KeyValueHolder
instanceKlass java/util/ImmutableCollections$MapN$MapNIterator
instanceKlass java/lang/invoke/MethodHandles$Lookup
instanceKlass java/lang/invoke/MemberName$Factory
instanceKlass java/lang/invoke/MethodHandles
instanceKlass jdk/internal/module/ModuleBootstrap
instanceKlass java/util/HexFormat
instanceKlass jdk/internal/util/ClassFileDumper
instanceKlass java/lang/CharacterData
instanceKlass java/lang/invoke/MethodHandleStatics
instanceKlass java/util/Collections
instanceKlass java/lang/Thread$ThreadIdentifiers
instanceKlass sun/io/Win32ErrorMode
instanceKlass jdk/internal/misc/OSEnvironment
instanceKlass jdk/internal/misc/Signal$NativeHandler
instanceKlass java/util/Hashtable$Entry
instanceKlass jdk/internal/misc/Signal
instanceKlass java/lang/Terminator$1
instanceKlass jdk/internal/misc/Signal$Handler
instanceKlass java/lang/Terminator
instanceKlass java/nio/ByteOrder
instanceKlass java/nio/Buffer$2
instanceKlass jdk/internal/access/JavaNioAccess
instanceKlass java/nio/Buffer$1
instanceKlass jdk/internal/misc/ScopedMemoryAccess
instanceKlass java/nio/charset/CodingErrorAction
instanceKlass sun/nio/cs/SingleByte
instanceKlass java/lang/StringUTF16
instanceKlass sun/nio/cs/IBM850$Holder
instanceKlass sun/nio/cs/ArrayEncoder
instanceKlass java/nio/charset/CharsetEncoder
instanceKlass java/io/Writer
instanceKlass java/io/OutputStream
instanceKlass java/io/Flushable
instanceKlass java/io/FileDescriptor$1
instanceKlass jdk/internal/access/JavaIOFileDescriptorAccess
instanceKlass java/io/FileDescriptor
instanceKlass jdk/internal/util/StaticProperty
instanceKlass jdk/internal/reflect/MethodHandleAccessorFactory
instanceKlass jdk/internal/reflect/Reflection
instanceKlass java/lang/reflect/Modifier
instanceKlass java/lang/Class$Atomic
instanceKlass java/lang/Class$ReflectionData
instanceKlass java/nio/charset/StandardCharsets
instanceKlass sun/nio/cs/HistoricallyNamedCharset
instanceKlass java/util/Arrays
instanceKlass jdk/internal/util/Preconditions$3
instanceKlass jdk/internal/util/Preconditions$2
instanceKlass jdk/internal/util/Preconditions$4
instanceKlass java/util/function/BiFunction
instanceKlass jdk/internal/util/Preconditions$1
instanceKlass jdk/internal/util/Preconditions
instanceKlass java/nio/charset/spi/CharsetProvider
instanceKlass java/nio/charset/Charset
instanceKlass java/util/HashMap$HashIterator
instanceKlass java/util/Objects
instanceKlass java/util/concurrent/locks/LockSupport
instanceKlass java/util/concurrent/ConcurrentHashMap$CounterCell
instanceKlass java/util/concurrent/locks/ReentrantLock
instanceKlass java/util/concurrent/locks/Lock
instanceKlass java/lang/Runtime
instanceKlass java/lang/VersionProps
instanceKlass java/lang/StringConcatHelper
instanceKlass jdk/internal/util/ArraysSupport
instanceKlass java/lang/StringLatin1
instanceKlass java/lang/StrictMath
instanceKlass jdk/internal/util/SystemProps$Raw
instanceKlass jdk/internal/util/SystemProps
instanceKlass java/lang/System$1
instanceKlass jdk/internal/access/JavaLangAccess
instanceKlass java/lang/ref/ReferenceQueue$Lock
instanceKlass java/lang/ref/ReferenceQueue
instanceKlass java/lang/ref/Reference$1
instanceKlass jdk/internal/access/JavaLangRefAccess
instanceKlass java/lang/Math
instanceKlass java/io/ObjectStreamClass
instanceKlass jdk/internal/reflect/ReflectionFactory
instanceKlass jdk/internal/access/SharedSecrets
instanceKlass java/lang/reflect/ReflectAccess
instanceKlass jdk/internal/access/JavaLangReflectAccess
instanceKlass jdk/internal/misc/CDS
instanceKlass jdk/internal/misc/VM
instanceKlass java/lang/String$CaseInsensitiveComparator
instanceKlass java/util/Comparator
instanceKlass java/io/ObjectStreamField
instanceKlass java/lang/Module$ArchivedData
instanceKlass jdk/internal/module/ArchivedBootLayer
instanceKlass jdk/internal/loader/BuiltinClassLoader$LoadedModule
instanceKlass jdk/internal/module/ServicesCatalog$ServiceProvider
instanceKlass java/util/concurrent/CopyOnWriteArrayList
instanceKlass jdk/internal/module/ServicesCatalog
instanceKlass java/util/concurrent/ConcurrentHashMap$Node
instanceKlass jdk/internal/loader/NativeLibraries
instanceKlass java/security/Principal
instanceKlass jdk/internal/loader/ArchivedClassLoaders
instanceKlass jdk/internal/math/FDBigInteger
instanceKlass java/lang/ModuleLayer
instanceKlass java/util/ImmutableCollections
instanceKlass jdk/internal/module/ModuleLoaderMap$Mapper
instanceKlass java/util/function/Function
instanceKlass java/lang/module/ResolvedModule
instanceKlass java/lang/module/Configuration
instanceKlass java/util/HashMap$Node
instanceKlass java/util/Map$Entry
instanceKlass java/util/Collections$UnmodifiableMap
instanceKlass jdk/internal/module/ModuleHashes
instanceKlass jdk/internal/module/ModuleTarget
instanceKlass jdk/internal/module/SystemModuleFinders$2
instanceKlass jdk/internal/module/ModuleHashes$HashSupplier
instanceKlass jdk/internal/module/SystemModuleFinders$1
instanceKlass java/util/function/Supplier
instanceKlass java/net/URI
instanceKlass java/lang/module/ModuleDescriptor$Provides
instanceKlass java/lang/module/ModuleDescriptor$Opens
instanceKlass java/lang/module/ModuleDescriptor$Exports
instanceKlass java/lang/module/ModuleDescriptor$Requires
instanceKlass java/lang/module/ModuleDescriptor$Version
instanceKlass java/lang/module/ModuleDescriptor
instanceKlass java/lang/module/ModuleReference
instanceKlass java/util/Set
instanceKlass jdk/internal/module/SystemModuleFinders$SystemModuleFinder
instanceKlass java/lang/module/ModuleFinder
instanceKlass jdk/internal/module/ArchivedModuleGraph
instanceKlass sun/util/locale/BaseLocale
instanceKlass java/util/jar/Attributes$Name
instanceKlass java/lang/Character$CharacterCache
instanceKlass java/lang/Short$ShortCache
instanceKlass java/lang/Byte$ByteCache
instanceKlass java/lang/Long$LongCache
instanceKlass java/lang/Integer$IntegerCache
instanceKlass jdk/internal/vm/FillerObject
instanceKlass jdk/internal/vm/vector/VectorSupport$VectorPayload
instanceKlass jdk/internal/vm/vector/VectorSupport
instanceKlass java/lang/reflect/RecordComponent
instanceKlass java/util/Iterator
instanceKlass java/lang/Void
instanceKlass java/lang/Number
instanceKlass java/lang/Character
instanceKlass java/lang/Boolean
instanceKlass java/util/concurrent/locks/AbstractOwnableSynchronizer
instanceKlass java/lang/LiveStackFrame
instanceKlass java/lang/ClassFrameInfo
instanceKlass java/lang/StackWalker$StackFrame
instanceKlass java/lang/StackStreamFactory$AbstractStackWalker
instanceKlass java/lang/StackWalker
instanceKlass java/nio/Buffer
instanceKlass java/lang/StackTraceElement
instanceKlass java/util/RandomAccess
instanceKlass java/util/List
instanceKlass java/util/SequencedCollection
instanceKlass java/util/AbstractCollection
instanceKlass java/util/Collection
instanceKlass java/lang/Iterable
instanceKlass java/util/concurrent/ConcurrentMap
instanceKlass java/util/AbstractMap
instanceKlass java/security/CodeSource
instanceKlass jdk/internal/loader/ClassLoaders
instanceKlass java/util/jar/Manifest
instanceKlass java/lang/Enum
instanceKlass java/net/URL
instanceKlass java/io/InputStream
instanceKlass java/io/Closeable
instanceKlass java/lang/AutoCloseable
instanceKlass jdk/internal/module/Modules
instanceKlass jdk/internal/misc/Unsafe
instanceKlass jdk/internal/misc/UnsafeConstants
instanceKlass java/lang/AbstractStringBuilder
instanceKlass java/lang/Appendable
instanceKlass java/lang/AssertionStatusDirectives
instanceKlass jdk/internal/foreign/abi/ABIDescriptor
instanceKlass jdk/internal/foreign/abi/NativeEntryPoint
instanceKlass java/lang/invoke/CallSite
instanceKlass java/lang/invoke/MethodType
instanceKlass java/lang/invoke/TypeDescriptor$OfMethod
instanceKlass java/lang/invoke/LambdaForm
instanceKlass java/lang/invoke/MethodHandleNatives
instanceKlass java/lang/invoke/MethodHandleImpl
instanceKlass java/lang/invoke/ResolvedMethodName
instanceKlass java/lang/invoke/MemberName
instanceKlass java/lang/invoke/VarHandle
instanceKlass java/lang/invoke/MethodHandle
instanceKlass jdk/internal/reflect/ConstructorAccessorImpl
instanceKlass jdk/internal/reflect/ConstructorAccessor
instanceKlass jdk/internal/reflect/CallerSensitive
instanceKlass java/lang/annotation/Annotation
instanceKlass jdk/internal/reflect/ConstantPool
instanceKlass jdk/internal/reflect/MethodAccessorImpl
instanceKlass jdk/internal/reflect/MethodAccessor
instanceKlass jdk/internal/vm/StackChunk
instanceKlass jdk/internal/vm/Continuation
instanceKlass jdk/internal/vm/ContinuationScope
instanceKlass java/lang/reflect/Parameter
instanceKlass java/lang/reflect/Member
instanceKlass java/lang/reflect/AccessibleObject
instanceKlass java/lang/Module
instanceKlass java/util/Map
instanceKlass java/util/Dictionary
instanceKlass java/lang/ThreadGroup
instanceKlass java/lang/Thread$UncaughtExceptionHandler
instanceKlass java/lang/Thread$Constants
instanceKlass java/lang/Thread$FieldHolder
instanceKlass java/lang/Thread
instanceKlass java/lang/Runnable
instanceKlass java/lang/ref/Reference
instanceKlass java/lang/Record
instanceKlass java/security/ProtectionDomain
instanceKlass java/lang/Throwable
instanceKlass java/lang/System
instanceKlass java/lang/ClassLoader
instanceKlass java/lang/Cloneable
instanceKlass java/lang/Class
instanceKlass java/lang/invoke/TypeDescriptor$OfField
instanceKlass java/lang/invoke/TypeDescriptor
instanceKlass java/lang/reflect/Type
instanceKlass java/lang/reflect/GenericDeclaration
instanceKlass java/lang/reflect/AnnotatedElement
instanceKlass java/lang/String
instanceKlass java/lang/constant/ConstantDesc
instanceKlass java/lang/constant/Constable
instanceKlass java/lang/CharSequence
instanceKlass java/lang/Comparable
instanceKlass java/io/Serializable
ciInstanceKlass java/lang/Object 1 1 115 7 1 10 12 1 1 10 7 12 1 1 1 10 7 12 1 1 1 10 12 1 1 8 1 10 12 1 1 10 7 12 1 1 1 10 12 1 10 12 1 1 100 1 8 1 10 12 1 10 7 12 1 1 1 7 1 10 12 1 7 1 10 12 1 1 8 1 3 8 1 100 1 5 0 1 1 1 1 1 1 1 1 1 1 1 1 1 1 1 1 7 1 1 1 1 1 1 1 1 1 1 1 1 1 7 1 1 1 1 1 1 3 1 1
ciInstanceKlass java/io/Serializable 1 0 7 100 1 100 1 1 1
ciInstanceKlass java/lang/System 1 1 591 10 100 12 1 1 1 10 7 12 1 1 1 10 12 1 1 10 12 1 9 12 1 1 10 7 12 1 1 1 11 100 12 1 1 1 10 100 12 1 1 1 10 12 1 1 100 1 8 1 10 12 1 9 12 1 1 9 12 1 1 10 7 12 1 1 1 10 7 12 1 1 1 10 12 1 1 10 12 1 10 7 12 1 1 1 10 12 1 10 12 1 1 7 1 10 12 1 1 100 1 8 1 10 10 12 1 1 100 1 8 1 10 10 7 12 1 1 10 12 10 7 12 1 1 10 7 12 1 1 1 100 1 8 1 10 10 7 12 1 1 1 10 7 12 1 1 1 100 1 10 100 12 1 1 1 10 12 1 1 10 7 12 1 1 1 10 12 1 1 10 12 1 10 12 1 8 1 10 12 1 1 10 12 1 1 8 1 10 12 1 7 1 7 1 10 12 1 9 7 12 1 1 1 10 7 12 1 1 1 10 12 1 10 12 1 10 7 12 1 1 1 100 1 8 1 10 9 12 1 1 9 12 1 10 12 1 10 100 12 1 1 10 12 1 10 12 1 1 100 1 10 8 1 10 12 1 1 10 12 1 10 12 1 1 10 12 1 1 8 1 11 7 12 1 1 10 12 11 12 1 1 11 7 12 1 1 1 11 7 12 1 1 11 12 1 1 7 1 11 12 1 10 12 1 8 1 10 12 1 1 8 1 8 1 8 1 8 1 11 12 1 10 12 1 1 10 12 1 10 12 1 8 1 10 12 1 1 8 1 9 12 1 8 1 10 7 12 1 1 8 1 7 1 9 7 12 1 1 1 10 12 1 7 1 9 12 10 9 12 7 1 10 12 9 12 1 1 8 1 10 12 1 1 8 1 9 12 1 10 7 12 1 1 10 12 1 10 12 1 1 11 7 12 1 1 10 12 10 7 12 1 1 1 9 12 1 1 100 1 100 1 8 1 10 12 1 1 10 12 1 8 1 8 1 10 8 1 8 1 8 1 8 1 8 1 10 8 1 10 7 12 1 1 1 10 7 12 1 1 1 10 12 1 1 7 1 10 10 12 1 10 12 1 9 12 1 1 1 1 1 1 1 1 1 1 1 1 100 1 1 100 1 1 1 1 1 1 1 1 1 1 3 1 1 1 1 1 1 1 1 1 1 1 1 1 1 1 1 1 1 1 1 1 1 1 1 1 1 1 1 1 1 1 1 1 1 1 1 1 1 1 1 1 1 1 1 1 1 1 1 1 1 1 100 1 1 1 1 1 1 1 1 1 1 1 1 1 1 1 1 1 1 1 1 1 1 1 1 1 100 1 100 1 1 1 1 1 1 1 1
staticfield java/lang/System in Ljava/io/InputStream; java/io/BufferedInputStream
staticfield java/lang/System out Ljava/io/PrintStream; java/io/PrintStream
staticfield java/lang/System err Ljava/io/PrintStream; java/io/PrintStream
instanceKlass java/security/Provider
instanceKlass java/security/Security$1
ciInstanceKlass java/util/Properties 1 1 690 10 7 12 1 1 1 100 1 10 7 12 1 1 7 1 10 12 1 9 12 1 1 9 12 1 1 9 12 1 1 10 7 12 1 1 1 10 12 1 1 8 1 10 7 12 1 1 1 7 1 10 12 1 10 12 1 1 8 1 10 12 1 7 1 10 12 10 12 1 1 9 12 1 1 10 12 1 1 7 1 10 12 1 10 12 1 10 12 1 1 100 1 8 1 10 12 1 10 12 1 10 12 1 1 10 12 1 100 1 3 10 10 100 12 1 1 1 10 12 1 10 12 1 1 8 1 10 12 1 10 12 1 1 8 1 10 100 12 1 1 10 12 1 1 10 12 1 10 12 1 1 100 1 10 12 1 10 12 1 1 100 1 9 100 12 1 1 1 10 12 1 10 12 1 1 10 12 1 1 10 12 1 1 100 1 9 12 1 1 7 1 100 1 10 12 1 100 1 11 7 12 1 1 1 11 12 1 1 11 100 12 1 1 1 11 7 12 1 1 1 11 12 1 1 11 12 1 11 12 1 10 12 1 1 8 1 10 12 1 10 100 12 1 1 10 12 1 100 1 10 10 12 1 10 12 1 100 1 10 10 12 1 1 10 100 12 1 1 9 100 12 1 1 10 12 1 1 10 100 12 1 1 1 100 1 100 1 100 1 10 8 1 8 1 10 12 1 10 12 1 10 12 1 1 10 10 12 1 1 10 12 1 1 7 1 10 10 12 1 11 7 12 1 1 10 7 12 1 1 1 8 1 10 100 12 1 1 11 11 7 1 8 1 10 100 1 11 10 12 1 10 10 12 1 10 12 1 1 10 12 1 1 10 12 1 1 10 12 1 10 12 1 10 10 12 1 10 12 1 10 12 1 10 10 12 1 1 10 12 1 1 10 10 12 1 10 12 1 10 12 1 10 12 1 10 12 1 1 10 12 1 1 10 12 1 10 12 1 10 12 1 1 10 12 10 12 1 1 10 12 1 1 10 12 1 10 12 1 1 10 12 1 1 10 12 10 11 12 1 4 11 10 12 1 1 10 100 12 1 1 11 12 1 10 12 1 1 10 100 12 1 1 10 12 1 100 1 8 1 10 12 1 10 10 100 12 1 1 1 100 1 6 0 10 12 1 1 11 100 12 1 1 1 10 12 1 10 12 1 1 1 1 1 5 0 1 1 1 1 1 1 1 1 1 1 1 1 1 1 1 1 1 1 1 1 1 1 1 1 1 1 1 1 1 1 1 1 1 1 1 1 1 1 1 100 1 1 1 1 1 1 1 1 1 1 1 1 1 1 1 1 1 1 1 1 100 1 1 1 1 1 1 1 1 1 1 1 1 100 1 100 1 1 1 1 1 100 1 1 1 1 1 1 1 1 1 1 1 1 1 1 1 1 1 1 1 1 1 1 1 1 1 1 1 1 1 1 1 1 1 1 1 1 1 1 1 1 1 1 1 1 1 1 1 1 1 1 1 1 1 1 1 1 1 1 1 1 1 1 1 1 1 1 1 1 1 1 1 1 1 1 1 1 1 100 1 1 1 1 1 1 1 1 1 1 1 100 1 1
staticfield java/util/Properties UNSAFE Ljdk/internal/misc/Unsafe; jdk/internal/misc/Unsafe
instanceKlass java/util/Hashtable
ciInstanceKlass java/util/Dictionary 1 1 36 10 7 12 1 1 1 100 1 1 1 1 1 1 1 1 1 1 1 1 1 1 1 1 1 1 1 1 1 1 1 1 1 1 1 1
instanceKlass javax/swing/UIDefaults
instanceKlass java/util/Properties
ciInstanceKlass java/util/Hashtable 1 1 516 100 1 10 7 12 1 1 1 9 7 12 1 1 1 100 1 100 1 10 8 1 10 12 1 1 10 12 1 10 12 1 1 10 12 1 10 7 12 1 1 1 8 1 10 12 1 9 12 1 1 7 1 9 12 1 1 4 10 7 12 1 1 1 9 12 1 4 10 12 1 11 100 12 1 1 1 10 12 1 1 10 12 1 1 9 12 1 10 12 1 1 100 1 10 9 12 1 1 10 7 12 1 1 1 9 12 1 1 10 12 1 10 12 1 3 9 12 1 9 12 1 3 10 12 1 10 12 1 10 12 1 1 11 12 1 1 11 100 12 1 1 1 11 100 12 1 1 1 11 12 1 100 1 11 12 1 11 12 1 10 12 1 1 10 12 1 1 10 12 1 9 12 1 1 9 12 9 12 1 1 10 100 1 100 1 10 12 1 10 8 1 10 10 12 1 8 1 10 8 1 10 7 12 1 1 1 7 1 10 12 1 10 12 1 100 1 10 12 1 10 12 1 1 7 1 10 100 1 10 10 12 1 1 11 12 1 1 11 12 1 100 1 10 10 10 100 12 1 1 11 100 12 1 1 1 100 1 10 11 100 12 1 1 11 100 12 1 10 12 1 10 12 1 1 10 100 12 1 1 10 12 1 1 10 12 1 1 10 12 1 1 10 100 12 1 1 1 8 10 100 12 1 1 100 1 8 1 10 4 4 10 12 1 1 10 12 1 8 1 4 10 12 10 100 12 1 1 1 100 1 11 100 12 1 1 1 10 100 12 1 1 1 10 12 1 10 12 1 1 10 100 1 100 1 1 1 1 1 1 5 0 1 1 1 1 1 3 1 3 1 3 1 1 1 1 1 1 1 1 1 1 1 1 1 1 1 1 1 1 1 1 1 1 1 1 1 100 1 1 1 1 1 1 1 1 1 1 1 1 1 1 1 1 1 1 1 1 1 1 1 1 1 1 1 1 1 100 1 1 1 1 1 1 1 1 1 1 1 1 1 1 100 1 1 1 1 1 1 1 1 1 1 1 1 1 1 1 1 1 1 1 1 1 1 1 1 1 1 1 1 1 1 1 1 1 1 1 1 1 1 1 1 1 1 1 1 100 1 1 1 100 1 1 1 1 1 100 1 1 1 1 1 1 1 1 1 1 1 1 1 1 1 1 1 1
ciInstanceKlass java/util/Map 1 1 263 11 7 12 1 1 1 11 12 1 1 10 7 12 1 1 11 12 1 1 11 7 12 1 1 1 11 7 12 1 1 1 11 12 1 1 7 1 11 12 1 11 12 1 100 1 100 1 10 12 1 1 11 7 12 1 1 1 11 100 12 1 1 1 11 12 1 11 12 1 10 12 1 1 11 12 1 11 7 12 1 9 7 12 1 1 1 7 1 10 12 7 1 7 1 10 12 1 7 1 10 7 1 11 12 1 11 12 1 1 11 12 1 1 7 1 11 12 1 1 1 1 1 1 1 1 1 1 1 1 1 1 1 1 1 1 1 1 1 1 1 1 1 1 1 1 1 1 1 1 1 1 1 1 1 1 1 1 1 1 1 1 1 1 1 1 1 1 1 1 1 1 1 1 1 1 1 1 1 1 1 1 1 1 1 1 1 1 1 1 1 1 1 1 1 1 1 1 1 1 1 1 1 1 1 1 1 1 1 1 1 1 1 1 1 1 1 1 1 1 1 1 1 1 1 1 1 1 1 1 1 1 1 1 1 1 1 1 1 1 1 1 1 1 100 1 1 1 1 1 1 1 1 1 1 1 1 1 1 1 1 1 1
ciInstanceKlass java/lang/String 1 1 1471 10 7 12 1 1 1 8 1 9 7 12 1 1 1 9 12 1 1 9 12 1 1 9 12 1 1 10 12 1 10 12 1 1 10 12 1 1 9 12 1 10 7 12 1 1 1 10 12 1 1 10 12 1 10 7 12 1 1 1 10 12 1 1 10 12 1 1 10 12 1 10 12 1 1 10 12 1 10 7 12 1 1 1 7 1 9 7 12 1 1 1 10 7 12 1 1 1 10 12 1 1 10 12 1 1 10 7 12 1 1 1 10 12 1 1 9 7 12 1 1 10 12 9 7 12 1 1 10 12 1 1 3 10 12 1 1 7 1 11 12 1 1 11 12 1 11 12 1 1 10 7 12 1 1 1 10 12 1 1 9 7 12 1 1 1 10 12 1 1 10 12 1 11 12 1 1 10 12 1 10 12 10 12 1 1 7 1 100 1 10 12 1 10 12 1 10 7 12 1 1 1 10 12 1 1 100 1 10 12 1 1 100 1 10 12 1 1 10 12 1 1 10 12 1 10 10 12 1 100 1 100 1 7 1 10 12 1 10 12 1 1 10 12 1 1 10 12 1 10 12 1 1 10 12 1 1 10 7 12 1 1 7 1 11 10 7 12 1 1 11 12 1 11 12 1 10 12 1 10 12 1 10 12 10 12 1 1 10 10 7 12 1 1 1 10 7 12 1 1 10 12 1 1 10 7 12 1 1 10 12 1 10 12 1 1 10 12 1 1 10 12 1 10 12 1 10 12 1 1 100 1 10 12 1 1 10 12 10 12 1 10 12 1 1 10 12 1 1 10 7 12 1 1 1 10 12 1 10 12 1 1 10 12 1 10 12 1 3 3 10 12 1 1 10 12 1 10 12 1 1 10 12 1 1 10 12 1 1 10 12 1 10 12 1 1 10 12 1 1 10 12 1 10 12 1 10 12 1 10 12 1 1 10 12 1 10 12 1 10 12 1 10 12 1 10 12 1 10 12 1 10 100 1 10 8 1 10 12 1 1 10 12 1 8 1 10 12 1 1 10 12 10 12 1 8 1 10 10 12 1 1 10 12 1 1 7 1 5 0 100 1 8 1 10 10 12 1 1 5 0 5 0 5 0 10 12 1 1 10 7 1 10 10 12 1 10 12 1 10 12 1 10 10 12 1 10 12 1 10 12 1 10 12 1 10 12 1 10 12 1 10 12 1 1 10 12 1 1 10 12 1 1 10 10 12 1 1 10 10 12 1 100 1 10 9 100 12 1 1 1 11 100 12 1 1 1 10 12 1 1 10 12 1 1 10 7 1 10 12 1 10 12 1 10 7 12 1 1 1 10 12 1 10 12 1 1 10 12 1 11 7 1 11 12 10 12 1 10 12 1 1 10 12 1 1 10 10 12 1 10 12 1 9 12 1 1 11 7 12 1 1 1 10 12 10 10 12 1 10 12 1 1 10 10 12 1 10 12 1 10 12 1 1 10 12 1 1 10 10 12 1 1 10 10 7 12 1 1 1 10 12 1 10 12 1 10 12 10 10 12 10 10 12 1 10 12 1 10 10 12 10 12 1 1 10 12 10 10 12 10 12 1 10 12 10 12 10 10 12 1 10 12 1 1 10 12 1 1 10 10 12 1 10 7 12 1 1 1 10 12 1 1 10 10 7 12 1 1 1 11 10 12 1 10 12 1 1 10 12 1 1 10 7 12 1 1 1 10 12 1 10 12 1 10 12 1 10 12 1 10 12 1 10 12 1 100 1 10 10 12 1 10 12 1 1 8 1 10 12 1 3 3 10 12 1 10 12 1 1 10 12 7 1 10 10 12 1 1 10 12 10 12 1 10 12 1 10 12 1 1 10 12 1 1 11 7 12 1 1 1 7 1 10 12 1 10 12 1 1 8 1 10 12 1 1 10 12 1 11 100 12 1 1 1 11 100 12 1 1 11 12 1 10 12 1 10 12 1 1 10 10 7 12 1 1 1 10 12 1 10 12 1 10 10 12 10 12 1 1 10 10 12 1 10 10 12 1 10 10 12 1 10 10 12 1 10 12 1 1 10 10 12 1 8 1 10 12 1 1 18 12 1 1 11 100 12 1 1 1 3 18 12 1 18 12 1 8 1 10 100 12 1 1 1 11 12 1 1 10 12 10 10 12 1 10 11 12 1 1 10 12 1 1 11 12 1 18 3 11 10 11 11 10 12 1 10 12 1 1 8 1 10 12 1 10 12 1 10 12 1 1 10 10 12 1 11 100 12 1 100 1 100 1 10 12 100 1 10 10 100 12 1 1 1 100 1 10 7 1 10 10 12 1 10 10 12 1 8 1 10 10 12 1 8 1 8 1 10 12 1 10 12 1 10 10 12 10 7 12 1 1 10 100 12 1 1 10 100 12 1 1 8 1 10 12 1 10 12 1 10 9 12 1 10 12 9 7 12 1 1 1 10 12 1 10 12 1 10 12 1 10 12 10 12 1 10 12 1 8 1 10 100 12 1 1 1 10 12 10 12 1 1 10 12 10 12 10 12 7 1 9 12 1 1 7 1 10 100 1 100 1 100 1 100 1 1 1 1 1 1 5 0 1 1 1 1 1 3 1 3 1 1 1 1 1 1 1 1 1 1 1 1 1 1 1 100 1 1 1 1 1 1 1 1 1 1 1 1 1 1 1 1 1 1 1 1 1 1 1 1 1 1 1 1 1 1 1 100 1 1 1 1 1 1 1 1 1 1 1 1 100 1 1 1 1 1 1 1 1 1 1 1 1 1 1 1 1 1 1 1 1 1 1 1 1 1 1 1 1 1 1 1 1 1 1 1 1 1 1 1 1 1 1 1 1 1 1 1 1 1 1 1 1 1 1 1 1 1 1 1 1 1 1 1 1 1 1 1 1 1 1 1 1 1 1 1 1 1 1 1 1 1 1 1 1 1 1 1 1 1 1 1 1 1 1 1 1 1 1 1 1 1 1 1 1 1 1 1 1 1 1 1 1 1 1 1 1 1 1 1 1 1 1 1 1 1 1 1 1 1 1 1 1 1 1 1 1 1 1 1 1 1 1 1 1 1 1 1 1 1 1 1 1 1 1 1 1 1 1 1 1 1 1 1 1 1 1 1 1 1 1 1 1 1 1 1 1 1 1 1 100 1 1 1 1 1 1 1 1 1 1 1 1 1 1 1 1 1 1 1 1 1 1 1 100 1 1 1 1 1 1 1 1 1 1 1 1 1 1 1 7 1 1 1 1 1 1 1 1 1 1 1 1 1 1 1 16 15 10 12 16 15 10 12 15 10 12 15 10 12 15 10 100 12 1 1 1 1 100 1 1 1 1 1 100 1 100 1 1 1
staticfield java/lang/String COMPACT_STRINGS Z 1
staticfield java/lang/String serialPersistentFields [Ljava/io/ObjectStreamField; 0 [Ljava/io/ObjectStreamField;
staticfield java/lang/String CASE_INSENSITIVE_ORDER Ljava/util/Comparator; java/lang/String$CaseInsensitiveComparator
ciInstanceKlass java/lang/Comparable 1 0 12 100 1 100 1 1 1 1 1 1 1 1
ciInstanceKlass java/lang/CharSequence 1 1 145 11 7 12 1 1 1 18 12 1 1 100 1 10 100 12 1 1 1 18 10 100 12 1 1 1 11 12 1 1 11 100 1 11 12 1 1 10 100 12 1 1 1 11 12 1 1 10 12 1 1 10 12 1 100 1 10 12 1 1 10 100 12 1 1 1 100 1 10 10 12 1 1 100 1 1 1 1 1 1 1 1 1 1 1 1 1 1 1 1 1 1 1 1 1 1 1 1 1 1 1 1 1 1 1 1 1 1 1 1 1 1 1 1 16 1 15 11 12 16 15 11 12 15 10 100 12 1 1 1 1 1 100 1 100 1 1 100 1 1 100 1 100 1 1
ciInstanceKlass java/lang/constant/Constable 1 0 11 100 1 100 1 1 1 1 1 1 1
ciInstanceKlass java/lang/constant/ConstantDesc 1 0 37 100 1 100 1 1 1 1 100 1 1 1 1 100 1 100 1 100 1 100 1 100 1 100 1 100 1 100 1 100 1 1 100 1 100 1 1
ciInstanceKlass java/lang/AutoCloseable 1 0 12 100 1 100 1 1 1 1 100 1 1 1
ciInstanceKlass java/io/Closeable 1 0 14 100 1 100 1 100 1 1 1 1 100 1 1 1
ciInstanceKlass java/lang/Appendable 1 0 14 100 1 100 1 1 1 1 100 1 1 1 1 1
ciInstanceKlass java/util/Set 1 1 144 100 1 10 7 12 1 1 1 9 7 12 1 1 1 7 1 10 12 1 1 10 12 1 7 1 7 1 10 12 1 7 1 7 1 11 7 12 1 1 1 11 12 1 1 7 1 10 12 1 10 12 1 1 11 12 1 1 1 1 1 1 1 1 1 1 1 1 1 1 1 1 1 1 1 1 1 1 1 1 1 1 1 1 1 1 1 1 1 1 1 1 1 1 1 1 1 1 1 1 1 1 1 1 1 1 1 1 1 1 1 1 1 1 1 1 1 1 1 1 1 1 1 1 1 1 1 1 1 1 1 1 1 1 1 1 1 1 1 1 1 1 1 1
ciInstanceKlass java/util/Iterator 1 1 53 100 1 8 1 10 12 1 1 10 7 12 1 1 1 11 7 12 1 1 1 11 12 1 1 11 7 12 1 1 1 100 1 1 1 1 1 1 1 1 1 1 1 1 1 1 1 1 1 1 1 1 1
instanceKlass sun/net/httpserver/Request$ReadStream
instanceKlass sun/net/httpserver/SSLStreams$InputStream
instanceKlass java/io/ObjectInputStream
instanceKlass com/mysql/cj/protocol/a/CompressedInputStream
instanceKlass sun/nio/ch/NioSocketImpl$1
instanceKlass java/net/Socket$SocketInputStream
instanceKlass com/mysql/cj/protocol/ReadAheadInputStream
instanceKlass sun/nio/ch/ChannelInputStream
instanceKlass java/util/zip/ZipFile$ZipFileInputStream
instanceKlass java/io/FilterInputStream
instanceKlass java/io/FileInputStream
instanceKlass java/io/ByteArrayInputStream
ciInstanceKlass java/io/InputStream 1 1 197 100 1 10 7 12 1 1 1 100 1 10 10 7 12 1 1 1 10 7 12 1 1 1 10 12 1 100 1 100 1 3 10 12 1 1 100 1 8 1 10 12 1 10 100 12 1 1 1 3 100 1 8 1 10 10 100 12 1 1 1 100 1 10 11 100 12 1 1 1 10 12 1 1 11 12 1 1 11 100 12 1 1 1 11 12 1 1 100 1 10 100 12 1 1 1 5 0 10 12 1 10 12 1 1 100 1 10 8 1 10 8 1 8 1 10 12 1 1 10 100 12 1 1 1 100 1 5 0 10 12 1 100 1 100 1 1 1 1 3 1 3 1 1 1 1 1 1 1 1 1 1 1 1 1 1 1 1 1 1 1 1 1 1 1 1 1 1 1 1 1 1 1 1 1 1 1 1 1 1 1 1 1 1 1 1 1 1 1 1 1 1 1 1 1 1 1
instanceKlass java/security/SecureClassLoader
ciInstanceKlass java/lang/ClassLoader 1 1 1076 9 7 12 1 1 1 10 7 12 1 1 1 9 12 1 1 10 7 12 1 1 1 7 1 10 12 1 1 10 12 1 1 9 12 1 1 10 12 1 1 100 1 10 12 1 10 12 1 1 10 7 12 1 1 1 100 1 8 1 10 12 1 10 7 1 10 7 1 7 1 7 1 10 12 1 10 12 1 9 12 1 1 10 10 7 12 1 1 1 9 12 1 1 9 12 1 9 12 1 1 9 12 1 9 12 1 1 9 12 1 1 7 1 10 12 1 9 12 1 1 10 12 1 1 10 7 12 1 1 1 9 12 1 9 12 1 1 9 12 1 10 12 1 1 9 12 10 12 1 1 7 1 10 8 1 10 12 1 1 10 12 1 10 7 1 7 1 10 7 12 1 1 1 10 7 12 1 1 1 8 1 10 12 1 10 12 1 10 12 1 1 10 12 1 1 10 12 1 1 10 12 1 1 10 12 1 1 10 12 1 100 1 10 12 1 10 100 12 1 1 1 10 12 1 1 10 12 1 10 12 1 10 12 1 10 12 1 10 12 1 1 10 10 12 1 10 12 1 10 10 12 1 1 10 12 1 1 100 1 8 1 10 8 1 10 12 1 10 12 1 100 1 8 1 10 12 1 1 10 12 1 1 10 10 12 1 1 10 12 1 1 10 12 1 1 10 7 1 10 12 1 10 12 1 1 10 12 1 1 10 12 1 1 10 12 1 1 10 12 1 1 10 12 1 1 10 12 1 1 10 7 12 1 1 1 10 12 1 10 12 1 10 12 1 1 10 12 1 10 12 1 10 12 1 10 12 1 1 10 12 1 10 12 1 1 8 1 9 12 1 10 12 1 1 8 1 8 1 10 7 12 1 1 100 1 10 10 12 10 12 1 10 12 1 10 12 1 10 12 1 1 10 7 12 1 1 10 12 1 10 7 1 7 1 10 12 1 1 10 12 1 10 7 1 10 12 1 100 1 18 12 1 10 100 12 1 1 1 10 100 12 1 1 1 10 7 12 1 1 10 12 1 10 12 1 100 1 10 12 1 8 1 10 10 12 1 1 10 12 1 10 12 1 1 100 1 10 12 1 1 10 100 12 1 1 10 12 1 10 7 12 1 1 10 12 1 8 1 100 1 10 10 12 1 9 12 1 10 7 12 1 1 10 12 1 100 1 8 1 10 12 1 10 8 1 8 1 10 12 1 1 10 12 1 1 10 12 1 1 10 100 12 1 1 100 1 100 1 10 12 1 1 100 1 100 1 10 100 12 1 1 10 12 1 10 12 1 10 12 1 10 12 1 10 12 1 1 10 12 1 8 1 7 1 18 12 1 1 10 12 1 1 10 12 1 10 12 1 10 12 1 8 1 10 12 1 10 12 1 18 12 1 11 100 12 1 1 1 100 1 10 12 1 1 10 12 1 10 11 12 1 1 10 18 10 12 1 1 11 100 12 1 18 12 1 11 12 1 1 10 12 1 10 12 1 1 10 12 1 1 100 1 8 1 10 10 12 1 8 1 8 1 10 100 12 1 1 10 12 1 100 1 10 10 12 1 8 1 8 1 8 1 10 12 1 10 12 1 10 12 1 1 10 12 1 1 10 12 1 10 100 12 1 1 1 11 100 12 1 1 100 1 10 11 10 12 1 10 12 1 10 12 1 1 9 100 12 1 1 9 12 1 1 9 12 9 12 1 9 12 1 9 12 1 8 10 12 1 1 10 7 12 1 1 1 10 12 1 1 10 12 1 1 10 12 1 1 8 1 10 12 1 1 8 10 12 1 1 8 8 10 12 1 10 12 1 10 12 1 11 12 1 1 10 100 12 1 1 1 100 1 10 12 1 10 12 1 10 12 1 1 1 1 1 1 1 1 1 1 1 1 1 1 1 1 1 1 1 1 1 1 1 1 1 1 100 1 1 1 1 1 1 1 1 1 1 1 1 1 1 1 1 1 1 1 1 1 1 1 1 1 100 1 1 1 1 1 1 1 1 1 1 1 1 1 1 1 1 1 1 1 1 1 1 1 1 1 1 1 1 1 1 1 1 1 1 1 1 1 1 1 1 1 1 1 100 1 1 1 1 1 1 1 1 1 1 1 1 1 1 1 1 1 1 1 1 1 100 1 1 1 1 1 1 1 1 1 1 1 1 1 1 1 1 1 1 1 1 1 1 1 1 1 1 1 1 1 1 1 1 1 1 1 1 1 1 1 1 1 1 1 1 100 1 1 1 1 1 1 1 1 1 1 1 1 1 1 1 1 1 1 1 1 1 1 1 1 1 1 1 1 1 1 1 1 1 1 1 1 1 1 1 1 1 1 1 1 1 1 1 1 1 1 1 16 1 15 10 12 16 1 16 15 10 12 16 1 16 1 15 10 12 16 15 10 12 16 15 10 12 16 15 10 100 12 1 1 1 1 1 100 1 100 1 1
staticfield java/lang/ClassLoader nocerts [Ljava/security/cert/Certificate; 0 [Ljava/security/cert/Certificate;
staticfield java/lang/ClassLoader $assertionsDisabled Z 1
instanceKlass java/util/TimerThread
instanceKlass java/util/concurrent/ForkJoinWorkerThread
instanceKlass java/util/concurrent/DelayScheduler
instanceKlass java/awt/EventDispatchThread
instanceKlass jdk/internal/misc/InnocuousThread
instanceKlass java/lang/ref/Finalizer$FinalizerThread
instanceKlass java/lang/ref/Reference$ReferenceHandler
instanceKlass java/lang/BaseVirtualThread
ciInstanceKlass java/lang/Thread 1 1 761 9 7 12 1 1 1 9 7 12 1 1 1 9 12 1 9 12 1 10 12 1 1 9 12 1 1 10 7 12 1 1 10 12 1 10 100 12 1 1 100 1 8 1 10 12 1 1 9 12 1 1 9 12 1 9 12 1 1 100 1 10 12 1 1 10 12 1 100 1 10 12 10 12 1 1 9 12 1 1 10 12 1 100 1 10 12 1 10 12 1 1 10 12 1 1 10 12 1 10 12 1 1 100 1 8 1 10 9 100 12 1 1 1 10 12 1 1 10 3 8 1 100 1 5 0 10 7 12 1 1 1 9 12 1 10 12 1 1 10 7 1 100 1 8 1 10 10 12 1 10 12 1 1 10 12 1 1 10 7 12 1 1 10 12 1 10 12 1 10 7 12 1 1 5 0 9 12 1 10 7 12 1 1 1 10 12 1 1 9 12 1 1 10 100 12 1 1 10 100 12 1 1 1 10 12 1 10 12 1 1 9 12 1 1 10 7 12 1 1 9 12 1 8 1 9 100 12 1 1 1 5 0 100 1 10 100 1 10 100 1 10 7 1 10 8 1 10 12 1 1 10 7 12 1 10 12 1 10 12 1 100 1 8 1 10 10 12 1 10 12 1 1 10 100 12 1 1 1 10 100 12 1 1 1 10 12 1 7 1 9 12 1 1 100 1 10 10 12 1 9 12 1 1 10 12 1 1 10 12 1 1 10 12 1 10 12 1 9 12 1 1 10 10 12 1 1 10 12 1 1 11 7 12 1 1 10 100 12 1 1 9 12 1 1 9 12 1 1 10 100 12 1 1 10 12 1 1 10 12 1 10 7 12 1 1 10 12 1 100 1 10 9 12 1 1 10 12 1 11 100 12 1 1 11 12 1 10 12 1 10 12 1 10 12 1 9 12 1 10 10 12 1 10 12 1 1 9 12 1 9 12 10 12 1 8 1 10 12 1 10 12 1 10 12 1 10 12 1 10 12 1 1 10 12 1 10 12 1 1 10 100 12 1 1 10 12 1 10 12 1 10 12 1 10 12 1 1 9 7 12 1 1 1 8 1 10 9 12 1 10 12 1 100 1 8 1 10 10 12 1 8 1 10 12 1 1 9 12 8 1 10 10 12 1 10 12 1 8 1 10 12 1 10 8 1 9 12 1 1 10 12 1 1 10 10 12 1 10 12 1 100 10 7 12 1 1 1 10 12 1 1 10 12 1 1 10 100 12 1 1 1 11 100 12 1 1 1 10 12 1 1 9 12 1 10 12 1 10 12 1 1 11 100 12 1 1 1 10 12 1 1 1 1 3 1 3 1 3 1 3 1 1 1 1 1 1 1 1 1 1 1 1 1 1 1 1 1 1 1 1 1 1 1 1 1 1 1 100 1 1 1 1 1 1 1 1 1 1 1 1 1 1 1 1 1 1 100 1 1 1 1 1 1 1 1 1 1 1 1 1 1 1 100 1 1 1 1 1 1 1 1 1 1 1 1 1 1 1 1 1 1 1 1 1 1 1 1 1 1 1 1 1 1 1 1 1 1 1 1 1 1 1 1 1 1 1 1 1 1 1 1 1 1 1 1 1 1 1 1 1 1 1 1 1 1 1 1 1 1 1 1 1 1 100 100 1 1 1 1 1 1 1 1 1 1 1 1 1 1 1 1 1 1 1 1 1 1 1 100 1 100 1 100 1 1 1 1 100 1 1 1 1 1 1 1 1 1 1 1 1
staticfield java/lang/Thread NEW_THREAD_BINDINGS Ljava/lang/Object; java/lang/Class
staticfield java/lang/Thread EMPTY_STACK_TRACE [Ljava/lang/StackTraceElement; 0 [Ljava/lang/StackTraceElement;
ciInstanceKlass java/lang/Runnable 1 0 11 100 1 100 1 1 1 1 1 1 1
ciInstanceKlass java/lang/Class 1 1 1652 10 7 12 1 1 1 10 7 12 1 1 9 12 1 1 9 12 1 1 9 12 1 1 9 12 1 1 9 12 1 1 10 12 1 1 8 1 10 12 1 8 1 8 1 10 12 1 1 10 7 12 1 1 1 10 12 1 7 1 10 10 12 1 10 12 1 1 10 12 1 1 10 12 1 1 10 7 12 1 1 10 12 1 10 12 1 10 12 1 1 10 12 1 8 1 10 12 1 8 1 10 12 1 8 1 8 1 10 12 1 1 10 7 12 1 1 1 18 12 1 1 11 7 12 1 1 1 8 1 8 1 8 1 10 7 12 1 1 1 11 12 1 1 8 1 10 12 1 10 10 12 1 1 10 12 1 8 1 10 12 1 1 8 1 10 12 1 10 12 1 1 11 100 12 1 1 1 11 100 12 1 1 1 11 8 1 18 8 1 10 12 1 10 7 12 1 1 10 12 1 1 10 7 12 1 1 1 10 12 1 1 10 12 1 1 10 7 12 1 1 1 10 7 12 1 10 12 1 1 10 7 1 10 12 1 8 1 10 8 1 8 1 8 1 8 1 8 1 8 1 8 1 8 1 9 100 12 1 1 9 100 1 9 100 1 9 100 1 9 100 1 9 100 1 9 100 1 9 100 1 9 100 1 9 12 1 1 100 1 8 1 10 12 1 10 12 1 1 100 1 10 12 1 1 10 7 12 1 1 1 10 7 12 1 1 1 7 1 100 1 10 10 12 1 1 10 12 1 1 100 1 10 100 12 1 1 1 10 12 1 1 10 12 1 1 10 12 9 12 1 1 10 12 1 9 12 1 1 9 12 1 1 10 12 1 1 10 100 1 10 12 1 10 12 1 1 10 9 12 1 10 12 1 8 1 10 12 1 1 10 12 1 1 10 12 1 10 12 1 10 12 1 1 9 7 12 1 1 1 10 12 1 10 7 12 1 1 10 12 1 10 12 1 10 12 1 10 12 1 9 100 12 1 1 1 9 12 1 10 12 1 10 12 1 1 9 12 1 1 10 7 10 12 1 1 10 100 12 1 1 10 12 1 10 12 1 1 10 100 12 1 1 1 10 12 1 10 12 1 1 10 12 1 10 12 1 10 12 1 1 10 7 1 10 10 12 1 1 10 12 1 1 10 12 10 10 12 1 1 100 1 8 1 10 10 12 1 1 10 12 1 100 1 11 12 1 10 12 1 10 12 1 10 100 12 1 1 10 10 12 1 1 8 1 10 12 1 8 1 9 12 1 10 12 1 10 12 1 10 12 1 10 12 100 1 9 12 1 10 12 1 9 12 1 10 12 1 10 12 1 10 12 1 10 10 12 1 10 12 1 10 12 1 10 12 1 10 12 1 10 12 1 7 1 10 10 12 1 10 12 1 11 100 12 1 1 11 12 1 1 10 12 1 1 10 12 1 1 10 12 1 1 10 12 1 1 10 12 1 1 10 12 1 1 7 1 10 10 12 1 1 10 12 1 1 10 12 1 1 10 10 12 1 10 12 1 1 10 12 1 1 10 12 1 1 10 12 1 1 10 12 10 12 1 1 10 7 12 1 1 1 10 12 1 10 12 1 1 10 12 1 10 7 12 1 1 1 10 12 1 1 10 10 12 1 1 100 1 10 10 12 1 1 10 100 12 1 1 1 100 1 100 1 10 12 1 1 10 12 1 10 10 12 1 1 10 12 1 10 12 1 10 12 1 10 100 12 1 1 1 11 100 12 1 1 10 12 1 10 12 1 9 100 12 1 1 8 1 10 12 1 10 12 1 10 12 1 10 12 1 1 9 12 1 9 12 1 1 10 7 12 1 1 9 12 1 10 12 1 1 10 10 12 1 10 7 12 1 1 1 10 100 12 1 1 10 100 12 1 1 9 12 1 1 10 12 1 9 12 1 10 12 1 10 12 1 1 9 12 1 1 9 12 1 10 12 1 10 12 1 1 9 12 1 100 1 10 10 12 1 1 7 1 10 100 11 100 1 9 12 1 1 9 12 1 10 12 1 9 12 1 1 9 12 1 10 12 1 10 12 1 1 9 12 1 100 1 10 10 12 1 1 10 10 12 1 10 12 10 10 12 1 9 12 1 10 12 1 1 10 12 1 8 10 7 8 1 18 8 1 8 1 10 12 1 9 12 1 9 12 1 1 10 12 1 7 1 7 1 10 12 1 9 12 1 1 10 10 12 1 9 12 1 8 1 10 12 1 10 10 12 1 1 100 1 100 1 9 12 1 100 1 8 1 10 10 7 12 1 1 1 10 12 11 7 12 1 1 1 10 12 1 10 12 1 1 10 8 1 10 12 1 8 1 10 12 1 1 9 100 12 1 1 11 12 100 1 11 100 12 1 1 9 12 1 10 100 12 1 1 1 10 100 12 1 1 10 12 1 1 9 12 1 9 10 12 1 1 10 12 1 1 10 12 1 1 10 12 1 1 10 12 1 1 11 12 1 11 12 1 1 11 100 12 1 1 11 12 1 100 1 11 12 1 10 100 12 1 1 1 10 12 1 11 12 1 10 100 12 1 1 1 10 12 1 10 100 12 1 1 1 11 12 1 11 12 1 1 10 12 1 10 12 1 1 9 12 1 1 10 12 1 10 100 12 1 1 1 10 12 1 1 10 12 1 10 12 1 10 12 1 10 7 12 1 1 1 10 12 1 8 1 10 12 1 10 12 1 10 12 1 8 1 8 1 10 7 12 1 1 10 100 12 1 1 100 1 10 12 10 7 12 1 1 1 10 7 12 1 1 1 10 12 1 1 10 12 1 18 12 1 1 11 12 1 1 18 11 12 1 18 12 1 11 12 1 10 12 1 10 12 1 10 12 1 10 12 10 12 1 8 1 10 12 1 7 1 9 12 1 1 100 1 100 1 100 1 100 1 1 1 3 1 3 1 3 1 1 1 1 1 1 1 1 1 5 0 1 1 1 1 1 1 1 1 1 1 1 1 1 1 1 1 1 1 1 1 1 1 1 1 1 1 1 100 1 1 1 1 1 1 1 1 1 1 1 100 1 1 1 1 1 100 1 1 1 1 1 1 1 1 1 1 1 1 1 1 1 1 1 1 1 1 1 1 1 1 1 1 1 1 1 1 1 1 1 1 100 1 1 1 1 1 1 1 1 1 1 1 1 1 1 1 1 1 1 1 1 1 1 1 1 1 1 1 1 1 1 1 100 1 1 1 1 1 1 1 1 1 1 1 1 1 1 1 1 1 1 1 1 1 1 1 1 1 1 1 1 1 1 1 1 1 1 1 1 1 1 1 1 1 1 1 1 1 1 1 1 1 1 1 1 1 1 1 1 1 1 1 1 1 100 1 100 1 1 1 1 1 1 1 1 1 1 1 1 1 1 1 1 1 1 1 1 1 1 1 1 1 1 1 1 1 1 1 1 1 1 1 1 1 1 1 1 1 1 1 1 1 1 1 1 1 1 1 1 1 1 1 1 1 1 1 1 1 1 1 1 1 1 1 1 1 1 1 1 1 1 1 1 1 1 1 1 1 1 1 1 1 1 1 1 1 1 1 1 1 1 1 1 1 1 1 1 1 1 1 1 1 1 1 1 1 1 1 1 1 1 1 1 1 1 1 1 16 15 10 12 16 15 11 12 16 1 15 10 12 16 16 15 10 12 16 15 16 1 15 10 12 16 15 10 7 12 1 1 1 1 1 100 1 1 1 1 1 1 1 1 100 1 1 100 1 100 1 1 100 1 100 1 1
staticfield java/lang/Class EMPTY_CLASS_ARRAY [Ljava/lang/Class; 0 [Ljava/lang/Class;
staticfield java/lang/Class serialPersistentFields [Ljava/io/ObjectStreamField; 0 [Ljava/io/ObjectStreamField;
ciInstanceKlass java/lang/reflect/AnnotatedElement 1 1 165 11 7 12 1 1 1 11 12 1 1 100 1 10 100 12 1 1 1 10 12 1 1 10 12 1 1 10 12 1 10 100 12 1 1 1 11 12 1 1 11 100 12 1 1 10 100 12 1 1 1 10 12 1 10 100 12 1 1 1 18 12 1 1 11 100 12 1 1 18 12 1 18 12 1 1 10 100 12 1 1 1 11 100 12 1 1 1 100 1 10 100 12 1 1 1 1 1 1 1 1 1 1 1 1 1 1 1 1 1 1 1 1 1 1 1 1 1 1 100 1 1 1 1 1 1 1 1 1 1 1 16 15 16 1 16 1 15 11 12 16 16 1 15 10 100 12 1 1 1 16 1 15 10 100 12 1 1 1 1 100 1 100 1 1
ciInstanceKlass java/lang/reflect/Type 1 1 17 11 100 12 1 1 1 100 1 1 1 1 1 1 1 1 1
ciInstanceKlass java/lang/invoke/TypeDescriptor 1 0 17 100 1 100 1 1 1 1 1 1 100 1 100 1 1 1 1
ciInstanceKlass java/lang/invoke/TypeDescriptor$OfField 1 0 21 100 1 100 1 100 1 1 1 1 1 1 1 1 1 1 1 1 1 1 1
ciInstanceKlass java/lang/reflect/GenericDeclaration 1 0 30 100 1 100 1 100 1 1 1 1 1 1 1 1 100 1 8 1 1 12 10 1 1 1 8 1 1 1 8 1
ciInstanceKlass java/lang/Module 1 1 1076 10 7 12 1 1 1 9 7 12 1 1 1 10 7 12 1 1 1 9 12 1 9 12 1 1 9 12 1 1 10 12 1 1 10 12 1 10 12 1 1 10 100 12 1 1 1 100 1 10 7 12 1 1 1 10 12 1 1 11 7 12 1 1 1 10 12 1 1 10 12 1 8 1 10 7 12 1 1 1 10 100 12 1 1 1 10 7 12 1 1 1 10 12 1 1 10 12 1 9 12 1 1 10 7 12 1 1 1 9 7 12 1 1 1 100 1 10 8 1 10 12 1 1 10 12 1 10 12 8 1 10 7 12 1 1 1 10 100 12 1 1 1 10 100 12 1 1 1 8 1 10 12 1 8 1 9 12 1 100 1 8 1 10 12 1 10 8 1 8 1 8 1 10 100 12 1 1 1 8 1 10 100 12 1 1 1 8 1 10 12 1 9 12 1 1 11 12 1 9 7 12 1 1 10 7 12 1 1 1 10 7 12 1 1 1 10 12 1 1 8 1 10 12 1 1 10 12 1 10 12 1 1 9 100 12 1 1 1 10 12 1 1 10 12 1 1 9 12 1 10 12 1 10 12 1 9 12 1 1 11 7 12 1 1 10 12 1 1 9 12 1 9 12 1 10 12 1 10 12 1 100 1 8 1 10 10 12 1 1 10 12 1 8 1 10 12 1 1 8 1 8 1 10 12 1 1 10 12 1 10 12 1 1 10 12 1 18 12 1 1 10 12 1 1 11 12 1 9 12 1 11 12 100 1 10 12 1 18 12 1 11 12 1 1 11 12 1 1 11 12 1 10 12 1 1 10 12 1 1 9 12 1 10 12 10 7 12 1 1 10 7 1 18 12 1 1 11 100 12 1 1 1 18 12 1 11 12 1 1 10 100 12 1 1 1 11 12 1 1 10 100 12 1 1 11 12 1 1 10 12 1 1 100 1 11 12 1 100 1 100 1 10 12 1 10 7 12 1 1 1 10 100 12 1 1 1 10 11 100 12 1 8 1 10 12 1 10 12 1 1 10 100 12 1 1 10 12 1 10 12 1 100 1 10 12 1 10 11 12 1 10 12 11 12 1 1 11 7 12 1 1 11 12 1 1 10 12 1 1 9 12 1 1 100 1 10 10 12 1 1 11 100 1 10 12 1 1 11 12 1 10 11 10 12 1 11 10 12 1 1 10 12 1 1 10 12 1 1 10 100 12 1 1 10 12 1 10 12 1 1 10 10 12 1 1 10 12 1 18 12 1 11 12 1 18 12 1 10 12 1 10 12 1 10 12 100 1 10 12 1 10 12 1 10 12 1 9 12 1 100 1 10 10 10 10 12 1 10 12 1 10 12 1 10 12 1 1 10 12 1 1 10 12 1 9 12 1 10 12 1 100 1 8 1 10 12 1 1 10 12 1 10 100 12 1 1 100 1 10 12 1 1 100 1 8 1 100 1 9 100 12 1 1 1 11 100 12 1 1 10 12 1 1 11 12 1 1 18 12 1 1 11 12 1 1 100 1 10 12 1 10 12 1 1 100 1 100 1 10 12 8 1 10 12 1 1 10 12 1 1 10 7 12 1 1 10 12 1 1 10 12 1 10 12 10 12 1 1 100 1 10 10 12 1 1 10 100 12 1 1 1 100 1 10 100 12 1 1 1 10 100 12 1 1 8 1 18 12 1 1 100 1 100 1 9 12 1 1 9 12 1 9 12 1 11 100 12 1 1 1 100 1 11 12 1 1 100 1 10 12 1 8 1 10 12 1 10 12 10 12 1 8 1 10 10 100 12 1 1 10 12 1 1 100 1 10 10 12 1 10 7 12 1 1 9 12 1 9 12 1 9 12 1 9 12 1 9 12 1 10 12 10 12 1 100 1 1 1 1 1 1 1 1 1 1 1 1 1 1 1 1 1 1 1 1 1 1 1 1 1 1 1 1 1 1 1 1 1 1 1 1 1 1 1 1 1 1 1 1 1 1 1 1 1 1 1 1 1 1 1 1 1 1 1 1 1 1 1 1 1 1 1 1 1 1 1 1 1 1 1 1 1 1 1 1 1 1 1 1 1 1 1 1 1 1 1 1 1 1 1 1 1 1 1 1 1 1 1 1 1 1 1 1 100 100 1 1 1 1 1 1 1 1 1 1 1 1 1 1 1 1 1 1 1 1 1 1 1 1 1 1 100 1 100 1 1 1 1 1 1 1 1 1 1 1 1 1 1 1 1 1 1 100 1 1 1 1 1 1 1 1 1 1 1 1 1 1 1 1 1 1 1 1 1 1 1 1 1 1 1 16 15 10 12 16 15 10 12 16 1 16 15 10 12 16 16 15 10 16 1 15 10 12 16 1 15 10 12 16 1 16 1 15 10 12 16 15 10 100 12 1 1 1 15 10 100 12 1 1 1 1 1 1 1 1 1 1 1 1 1 100 1 100 1 1
staticfield java/lang/Module ALL_UNNAMED_MODULE Ljava/lang/Module; java/lang/Module
staticfield java/lang/Module ALL_UNNAMED_MODULE_SET Ljava/util/Set; java/util/ImmutableCollections$Set12
staticfield java/lang/Module EVERYONE_MODULE Ljava/lang/Module; java/lang/Module
staticfield java/lang/Module EVERYONE_SET Ljava/util/Set; java/util/ImmutableCollections$Set12
staticfield java/lang/Module $assertionsDisabled Z 1
ciInstanceKlass jdk/internal/misc/Unsafe 1 1 1248 10 7 12 1 1 1 10 7 12 1 1 9 12 1 1 9 12 1 1 10 12 1 1 10 100 12 1 1 1 10 12 1 1 10 12 1 1 10 12 1 1 10 12 1 1 10 12 1 1 10 12 1 1 10 12 1 1 10 12 1 1 10 12 1 1 10 12 1 1 10 12 1 1 10 12 1 1 10 12 1 1 10 12 1 10 12 1 100 1 10 10 12 1 1 10 12 1 1 5 0 10 12 1 1 10 12 1 1 10 7 12 1 1 1 10 12 1 1 10 12 1 10 12 1 10 12 1 1 10 12 1 1 10 12 1 10 12 1 100 1 100 1 10 8 1 10 12 1 1 10 12 1 8 1 10 12 1 1 10 12 1 10 12 1 10 12 1 1 10 12 1 10 12 1 1 10 12 1 1 10 12 1 10 12 1 10 12 1 10 12 1 1 10 12 1 10 12 1 10 12 1 1 10 12 1 5 0 5 0 5 0 10 12 1 10 12 1 10 12 1 10 12 1 10 12 1 10 12 1 10 12 1 10 12 1 10 12 1 1 10 12 1 10 12 1 100 1 8 1 10 100 1 10 10 12 1 1 10 12 1 1 10 12 1 10 12 1 1 10 12 1 1 10 12 1 10 12 1 1 10 12 1 9 7 12 1 1 9 12 1 100 1 10 10 12 1 1 8 1 10 8 1 8 1 10 12 1 1 9 7 12 1 1 1 9 100 1 9 7 1 9 7 1 9 9 100 1 9 7 1 9 100 1 10 12 1 1 10 12 1 1 10 12 1 1 10 12 1 1 5 0 5 0 9 12 1 1 10 12 1 10 12 1 10 12 1 1 10 12 1 1 10 12 1 8 1 3 10 12 1 1 10 12 1 1 10 12 1 10 12 1 1 10 12 1 1 10 12 1 10 12 1 10 12 1 10 12 1 10 12 1 10 12 1 1 10 12 1 1 10 12 1 10 12 1 10 12 1 10 12 1 10 12 1 10 12 1 1 10 12 1 1 10 12 1 10 12 1 10 12 1 10 12 1 10 12 1 10 12 1 1 10 12 1 1 10 12 1 1 10 12 1 1 10 12 1 10 12 1 10 12 1 10 12 1 10 12 1 10 12 1 10 12 1 1 10 12 1 1 10 12 1 10 12 1 10 12 1 10 12 1 10 12 1 10 12 1 10 12 1 1 10 12 1 1 10 12 1 10 12 1 10 12 1 10 12 1 10 12 1 10 12 1 10 12 1 10 12 1 1 10 12 1 10 12 1 10 12 1 10 12 1 10 12 1 1 10 12 1 10 12 1 10 12 1 10 12 1 10 12 1 10 12 1 10 12 1 10 12 1 1 10 12 1 10 12 1 10 12 1 10 12 1 10 12 1 10 12 1 1 10 12 1 10 12 1 10 12 1 1 10 12 1 10 12 1 10 12 1 10 12 1 10 12 1 10 12 1 10 12 1 10 12 1 10 12 1 10 12 1 10 12 1 10 12 1 10 12 1 10 12 1 10 12 1 10 12 1 10 12 1 10 12 1 10 12 1 10 12 1 10 12 1 10 12 1 10 12 1 100 1 10 100 1 10 9 12 1 5 0 10 12 1 1 5 0 10 12 1 5 0 10 12 1 10 12 1 10 12 1 1 10 12 1 1 10 12 1 10 12 1 10 12 1 10 12 1 1 10 12 1 10 12 1 10 12 1 10 12 1 10 12 1 1 10 12 1 10 12 1 10 12 1 10 12 1 1 10 12 1 10 12 1 10 12 1 1 10 12 1 10 12 1 10 12 1 10 12 1 1 10 12 1 10 10 12 1 1 10 12 1 10 12 1 1 10 12 1 10 12 5 0 5 0 5 0 10 12 1 1 10 12 1 10 12 1 10 12 10 100 12 1 1 8 1 100 1 11 12 1 1 8 1 11 12 1 1 10 100 12 1 1 10 12 1 10 7 1 10 12 1 1 9 12 1 1 7 1 9 12 1 7 1 9 12 1 7 1 9 12 1 7 1 9 12 1 7 1 9 12 1 7 1 9 12 1 7 1 9 12 1 7 1 9 12 1 10 12 1 9 12 1 9 12 1 9 12 1 9 12 1 9 12 1 9 12 1 9 12 1 9 12 1 9 12 1 9 12 1 1 1 5 0 1 1 1 1 1 1 1 1 1 1 1 1 1 1 1 1 1 1 1 1 1 1 1 1 1 1 1 1 1 1 1 1 1 1 1 1 1 1 1 1 1 1 1 1 1 1 1 1 1 1 1 1 1 1 1 1 1 1 1 1 1 1 1 1 1 1 1 1 1 1 1 1 1 1 1 1 1 1 1 1 1 1 1 1 1 1 1 1 1 1 100 1 1 1 1 1 1 1 1 1 1 1 1 1 1 1 1 1 1 1 1 1 1 1 1 1 1 1 1 1 1 1 1 1 1 1 1 1 1 1 1 1 1 1 1 1 1 1 1 1 1 1 1 1 1 1 1 1 1 1 1 1 1 1 1 1 1 1 1 1 1 1 1 1 1 1 1 1 1 1 1 1 1 1 1 1 1 1 1 1 1 1 1 1 1 1 1 1 1 1 1 1 1 1 1 1 1 1 1 1 1 1 1 1 1 1 1 1 1 1 1 1 1 1 1 1 1 1 1 1 1 1 1 1 1 1 1 1 1 1 1 1 1 1 1 1 1 1 1 1 1 1 1 1 1 1 1 1 1 1 1 1 1 1 1 1 1 1 1 1 1 1 1 1 1 1 1 1 1 1 1 1 1 1 1 1 1 1 1 1 1 1 1 1 1 1 1 1 1 1 1 1 1 1 1 1 1 1 1 1 1 1 1 1
staticfield jdk/internal/misc/Unsafe theUnsafe Ljdk/internal/misc/Unsafe; jdk/internal/misc/Unsafe
staticfield jdk/internal/misc/Unsafe ARRAY_BOOLEAN_BASE_OFFSET J 16
staticfield jdk/internal/misc/Unsafe ARRAY_BYTE_BASE_OFFSET J 16
staticfield jdk/internal/misc/Unsafe ARRAY_SHORT_BASE_OFFSET J 16
staticfield jdk/internal/misc/Unsafe ARRAY_CHAR_BASE_OFFSET J 16
staticfield jdk/internal/misc/Unsafe ARRAY_INT_BASE_OFFSET J 16
staticfield jdk/internal/misc/Unsafe ARRAY_LONG_BASE_OFFSET J 16
staticfield jdk/internal/misc/Unsafe ARRAY_FLOAT_BASE_OFFSET J 16
staticfield jdk/internal/misc/Unsafe ARRAY_DOUBLE_BASE_OFFSET J 16
staticfield jdk/internal/misc/Unsafe ARRAY_OBJECT_BASE_OFFSET J 16
staticfield jdk/internal/misc/Unsafe ARRAY_BOOLEAN_INDEX_SCALE I 1
staticfield jdk/internal/misc/Unsafe ARRAY_BYTE_INDEX_SCALE I 1
staticfield jdk/internal/misc/Unsafe ARRAY_SHORT_INDEX_SCALE I 2
staticfield jdk/internal/misc/Unsafe ARRAY_CHAR_INDEX_SCALE I 2
staticfield jdk/internal/misc/Unsafe ARRAY_INT_INDEX_SCALE I 4
staticfield jdk/internal/misc/Unsafe ARRAY_LONG_INDEX_SCALE I 8
staticfield jdk/internal/misc/Unsafe ARRAY_FLOAT_INDEX_SCALE I 4
staticfield jdk/internal/misc/Unsafe ARRAY_DOUBLE_INDEX_SCALE I 8
staticfield jdk/internal/misc/Unsafe ARRAY_OBJECT_INDEX_SCALE I 4
staticfield jdk/internal/misc/Unsafe ADDRESS_SIZE I 8
ciInstanceKlass java/lang/Thread$FieldHolder 1 1 55 10 7 12 1 1 1 9 7 12 1 1 1 9 12 1 1 9 12 1 1 9 12 1 1 9 12 1 1 1 1 1 1 1 1 1 1 1 1 100 1 100 1 1 1 1 100 1 1 1 100 1 100 1 1
ciInstanceKlass java/lang/Thread$Constants 0 0 47 100 1 10 100 12 1 1 1 10 12 1 1 10 12 1 1 10 100 12 1 1 8 1 10 12 1 9 100 12 1 1 1 1 1 1 1 1 1 1 1 1 1 1 1 1 1
ciInstanceKlass java/lang/ThreadGroup 1 1 380 10 7 12 1 1 1 9 7 12 1 1 1 8 1 9 12 1 1 100 1 9 12 1 1 9 12 1 1 10 7 12 1 1 1 10 12 1 1 10 12 1 10 12 1 1 10 12 1 1 10 12 1 10 12 1 10 12 1 10 100 12 1 1 1 10 12 1 1 18 12 1 1 11 100 12 1 1 1 10 12 1 1 10 12 1 1 10 12 1 1 10 100 12 1 1 1 10 12 1 11 12 1 1 11 100 12 1 1 11 12 1 1 10 12 1 1 10 12 1 10 12 1 11 12 1 11 12 1 1 10 12 1 100 1 10 18 12 1 1 11 100 12 1 1 1 11 12 1 1 9 100 12 1 1 1 10 12 1 1 8 1 10 100 12 1 1 1 10 100 12 1 1 1 10 12 1 1 11 12 10 12 1 1 10 12 1 1 11 100 1 9 12 1 100 1 10 8 1 10 12 1 1 10 12 1 1 8 1 10 12 1 10 100 12 1 1 1 10 12 1 1 10 7 1 8 1 10 8 1 10 12 1 10 12 1 8 1 9 12 1 1 9 12 1 10 100 12 1 1 1 100 9 12 1 1 7 1 9 12 1 10 12 10 12 1 1 100 10 12 9 12 1 10 12 1 100 1 10 100 1 10 10 12 1 10 12 1 1 1 1 1 1 1 1 1 1 1 1 1 1 1 1 3 1 1 1 1 1 1 1 1 1 1 1 100 1 1 1 1 1 1 1 1 1 1 1 1 1 1 1 1 1 1 1 1 1 1 1 1 1 1 1 1 1 1 1 1 1 1 1 1 1 1 1 1 16 15 10 12 16 16 15 10 12 16 15 10 100 12 1 1 1 1 1 100 1 100 1 1
staticfield java/lang/ThreadGroup $assertionsDisabled Z 1
ciInstanceKlass java/lang/Thread$UncaughtExceptionHandler 1 0 16 100 1 100 1 1 1 1 1 1 1 1 100 1 1 1
instanceKlass java/lang/ThreadBuilders$BoundVirtualThread
instanceKlass java/lang/VirtualThread
ciInstanceKlass java/lang/BaseVirtualThread 0 0 36 10 100 12 1 1 1 100 1 1 1 1 1 1 1 1 1 1 1 1 1 1 1 1 1 1 1 1 100 1 100 1 1 100 1 1
ciInstanceKlass java/lang/VirtualThread 0 0 931 9 100 12 1 1 1 9 12 1 1 10 100 12 1 1 1 10 100 12 1 1 1 10 100 12 1 1 1 9 12 1 1 100 1 10 12 1 9 12 1 1 18 12 1 1 9 12 1 1 10 12 1 1 100 1 10 12 1 10 12 1 1 10 12 1 1 10 12 1 10 12 1 1 9 12 1 1 10 12 1 10 100 12 1 10 12 1 10 12 1 10 12 1 10 12 1 9 12 1 1 11 100 12 1 1 1 10 10 12 1 11 100 12 1 1 1 10 12 1 100 1 10 12 1 1 100 1 9 12 1 1 5 0 10 100 12 1 1 1 9 12 1 100 1 100 1 10 10 100 12 1 1 1 10 100 12 1 1 1 10 12 1 1 10 12 1 10 12 1 1 10 12 1 10 12 10 12 1 100 1 10 10 12 1 10 12 1 1 9 12 1 1 10 12 1 1 9 12 1 1 10 12 1 9 12 1 10 100 12 1 1 10 9 10 10 12 1 1 10 12 1 1 10 100 12 1 1 10 100 1 10 9 10 100 1 10 12 1 1 10 12 1 10 10 12 1 1 9 12 1 10 12 1 10 12 1 9 12 1 1 10 12 1 10 12 1 10 12 1 1 9 12 1 1 10 12 1 10 12 1 1 10 12 1 10 12 1 1 9 12 1 18 9 100 12 1 1 1 10 12 1 1 9 12 1 10 12 1 10 12 1 1 9 12 1 10 12 1 9 12 1 1 18 12 1 9 12 1 10 12 9 12 1 1 10 100 12 1 1 10 12 1 10 12 1 1 10 100 12 1 1 10 12 1 100 1 8 1 10 12 1 10 12 1 1 10 12 1 10 12 1 10 12 1 10 100 12 1 1 10 12 1 10 12 1 10 12 1 10 12 1 10 100 12 1 1 8 1 10 12 1 10 12 1 10 12 1 10 12 1 1 10 12 1 10 12 10 12 10 12 1 100 1 10 10 12 1 10 12 1 1 10 12 1 1 10 12 1 10 12 1 10 12 1 1 10 12 1 1 11 100 12 1 1 11 12 1 10 12 9 100 12 1 1 1 9 12 1 10 12 1 1 9 12 1 9 12 1 9 12 1 9 12 1 100 1 10 10 12 1 1 10 12 1 100 1 100 1 10 8 1 10 12 1 1 10 12 1 10 12 1 10 10 12 1 8 1 10 10 12 1 10 12 1 10 100 12 1 1 8 1 8 1 10 12 1 1 10 10 9 100 12 1 1 1 10 12 1 1 10 12 1 10 10 12 9 12 1 10 12 1 1 10 12 1 9 12 1 10 12 1 1 9 12 1 10 12 1 1 9 12 1 10 12 1 1 18 12 1 1 8 1 10 12 1 1 8 1 8 1 10 100 12 1 1 1 10 100 12 1 1 1 10 12 1 10 12 1 1 10 12 1 18 12 1 1 18 12 1 1 5 0 9 12 1 10 12 1 10 12 1 10 100 1 10 12 1 1 9 12 1 9 12 1 1 10 12 1 1 10 12 1 10 12 10 12 1 1 10 100 12 1 1 10 12 1 1 100 1 8 1 10 10 12 1 8 10 12 1 1 8 8 9 12 1 8 8 10 12 1 10 12 1 1 8 1 18 12 1 10 100 12 1 1 10 12 1 10 12 1 3 1 3 1 3 1 3 1 3 1 3 1 3 1 3 1 3 1 3 1 3 1 3 1 3 3 1 3 3 1 3 3 1 3 3 1 3 1 1 1 1 1 1 1 1 1 1 1 1 1 1 1 1 1 100 1 1 1 1 1 1 1 1 1 1 1 1 1 1 1 1 1 1 1 1 100 1 1 1 1 1 1 1 1 1 1 1 1 1 1 1 1 1 1 1 1 1 1 1 1 1 1 1 1 1 1 1 1 1 1 100 1 1 1 1 1 1 1 1 1 1 1 1 1 1 1 1 1 1 1 1 1 1 1 1 1 1 1 100 1 1 1 1 1 1 1 1 1 1 1 1 1 1 1 1 1 1 1 1 1 1 100 1 1 16 15 10 12 15 10 12 15 10 12 16 15 10 12 16 15 10 12 16 15 10 12 16 15 10 12 15 10 100 12 1 1 1 1 1 1 1 100 1 1 1 100 1 100 1 1
ciInstanceKlass java/lang/ThreadBuilders$BoundVirtualThread 0 0 132 10 100 12 1 1 1 9 100 12 1 1 1 10 100 12 1 1 1 9 12 1 1 10 12 1 1 10 12 1 1 9 12 1 1 10 100 12 1 1 1 10 12 1 1 100 1 8 1 10 12 1 10 12 1 1 10 12 1 1 10 12 1 1 10 100 12 1 1 1 8 1 10 12 1 8 1 10 12 1 1 10 100 12 1 1 9 100 12 1 1 1 10 12 1 1 10 10 12 1 1 1 1 1 1 1 1 1 1 1 1 1 1 1 1 1 1 1 1 1 1 1 1 1 1 1 1 100 1 1 1 1
instanceKlass java/lang/Exception
instanceKlass java/lang/Error
ciInstanceKlass java/lang/Throwable 1 1 403 10 7 12 1 1 1 9 7 12 1 1 1 9 12 1 1 9 12 1 9 12 1 1 9 12 1 10 12 1 1 9 12 1 1 10 12 1 1 10 100 12 1 1 1 9 12 1 1 10 12 1 1 10 12 1 100 1 100 1 10 8 1 10 12 1 1 8 1 10 100 12 1 1 10 10 12 1 100 1 8 1 10 10 7 12 1 1 10 12 1 8 1 9 100 12 1 1 1 10 12 1 1 100 1 10 12 10 12 1 100 1 10 10 7 12 1 1 1 11 100 12 1 1 1 10 100 12 1 1 1 10 12 1 1 10 12 1 1 8 1 10 12 1 10 12 1 1 8 1 8 1 10 12 1 1 10 12 1 8 1 8 1 9 12 1 10 100 12 1 1 100 1 10 11 12 1 8 1 8 1 10 7 12 1 1 8 1 10 12 1 8 1 100 1 10 12 1 9 12 1 1 10 12 1 10 100 12 1 9 12 1 1 10 12 1 1 100 1 8 1 10 12 1 10 100 12 1 1 10 12 1 1 100 1 10 100 12 1 1 1 10 12 1 11 100 12 1 1 1 11 100 12 1 1 1 11 12 1 8 1 10 12 1 1 8 1 10 10 9 100 12 1 1 1 8 1 10 12 1 1 11 10 100 1 8 1 10 11 12 1 1 8 1 9 12 1 10 100 12 1 1 11 9 12 1 1 11 12 1 1 100 10 12 1 10 12 1 1 100 1 1 1 1 5 0 1 1 1 1 1 1 1 1 1 1 1 1 100 1 1 1 1 1 1 1 1 1 1 1 1 1 1 1 1 1 1 1 1 1 1 1 1 1 1 1 1 1 1 1 1 1 1 1 1 1 1 1 1 1 1 1 100 1 100 1 1 1 1 1 1 1 1 1 1 1 1 1 1 1 1 1 1
staticfield java/lang/Throwable UNASSIGNED_STACK [Ljava/lang/StackTraceElement; 0 [Ljava/lang/StackTraceElement;
staticfield java/lang/Throwable SUPPRESSED_SENTINEL Ljava/util/List; java/util/Collections$EmptyList
staticfield java/lang/Throwable EMPTY_THROWABLE_ARRAY [Ljava/lang/Throwable; 0 [Ljava/lang/Throwable;
staticfield java/lang/Throwable $assertionsDisabled Z 1
ciInstanceKlass jdk/internal/vm/ContinuationScope 0 0 50 10 100 12 1 1 1 10 100 12 1 1 1 100 1 9 100 12 1 1 1 10 12 1 1 10 100 12 1 1 1 10 12 1 1 10 12 1 1 1 1 1 1 1 1 1 1 1 1 1
ciInstanceKlass jdk/internal/vm/StackChunk 1 1 32 10 100 12 1 1 1 9 100 12 1 1 1 9 12 1 1 9 12 1 1 1 1 1 1 1 1 1 1 1 1 1
ciInstanceKlass java/lang/Boolean 1 1 146 10 7 12 1 1 1 9 7 12 1 1 1 10 12 1 1 10 12 1 8 1 10 7 12 1 1 9 12 1 1 9 12 1 10 12 1 1 10 12 1 1 10 12 1 1 10 12 1 10 7 12 1 1 1 10 12 1 1 9 100 12 1 1 9 12 10 100 12 1 1 1 10 12 1 1 8 1 10 7 12 1 1 1 9 12 1 1 100 1 100 1 100 1 1 1 1 1 1 5 0 1 1 1 1 1 1 1 1 1 1 1 1 1 1 1 1 1 1 1 1 1 1 1 1 1 1 1 1 1 1 1 1 1 1 1 100 1 1 1 1 1 1 1 1 1
staticfield java/lang/Boolean TRUE Ljava/lang/Boolean; java/lang/Boolean
staticfield java/lang/Boolean FALSE Ljava/lang/Boolean; java/lang/Boolean
staticfield java/lang/Boolean TYPE Ljava/lang/Class; java/lang/Class
ciInstanceKlass java/lang/Character 1 1 603 7 1 100 1 100 1 9 12 1 1 8 1 9 12 1 1 100 1 9 12 1 1 10 100 12 1 1 1 10 100 12 1 1 1 10 100 12 1 1 1 10 7 12 1 1 1 9 7 12 1 1 1 10 12 1 10 12 1 1 10 12 1 1 10 100 12 1 1 10 12 1 1 3 3 3 3 3 10 12 1 1 10 12 1 3 11 7 12 1 1 1 11 12 1 1 10 12 1 1 10 12 1 1 100 1 10 10 12 1 3 10 12 1 1 10 12 1 10 12 1 1 100 1 8 1 10 12 1 1 10 12 1 10 12 1 10 12 1 10 100 12 1 1 1 10 12 1 10 12 1 10 12 1 1 10 12 1 10 7 12 1 1 10 10 12 1 10 10 12 1 10 12 1 1 10 12 1 10 10 12 1 10 12 1 10 12 1 10 12 1 10 12 1 10 12 1 10 12 1 10 12 10 10 12 10 10 12 1 10 10 12 1 10 10 12 1 10 10 12 1 10 12 1 10 12 1 10 12 1 10 12 1 10 12 1 10 12 1 10 10 12 1 10 10 12 1 10 10 12 1 1 10 10 12 1 10 5 0 10 12 1 10 12 1 10 10 12 1 10 10 12 1 1 10 10 12 1 10 10 12 1 9 12 1 1 100 1 10 10 12 1 10 12 1 1 3 10 100 12 1 1 1 10 12 1 10 100 12 1 1 100 1 10 10 12 1 1 10 12 1 1 10 12 1 1 8 1 10 12 1 9 100 12 1 1 1 10 12 1 10 10 12 1 10 12 1 1 10 12 1 10 10 12 1 1 10 10 12 1 1 100 1 8 1 10 12 1 1 10 7 12 1 1 1 8 1 10 12 1 1 9 12 1 1 100 1 100 1 100 1 1 1 1 3 1 3 1 3 1 3 1 1 1 1 1 3 1 1 3 1 3 1 3 1 3 1 3 1 3 1 3 1 3 1 3 1 3 1 3 1 3 1 3 1 3 1 3 1 3 1 3 1 3 1 3 1 3 1 3 1 3 1 3 1 3 1 3 1 3 1 3 1 3 1 1 1 1 1 1 1 1 1 1 1 1 1 1 1 1 1 1 1 3 1 1 1 1 1 1 1 3 1 1 3 1 1 1 1 1 3 1 1 5 0 1 1 1 1 1 1 1 1 1 1 1 1 1 1 1 1 1 1 1 1 1 1 1 1 1 1 1 1 1 1 1 1 1 1 1 1 1 1 1 1 1 1 1 1 1 1 1 1 1 1 1 1 1 1 1 1 1 1 1 1 1 1 1 1 1 1 1 1 1 1 1 1 1 1 1 1 1 1 1 1 1 1 1 1 1 1 1 1 1 100 1 100 1 1 1 1 1 1
staticfield java/lang/Character TYPE Ljava/lang/Class; java/lang/Class
staticfield java/lang/Character $assertionsDisabled Z 1
ciInstanceKlass java/lang/Float 1 1 277 7 1 100 1 10 100 12 1 1 1 10 100 12 1 1 1 4 100 1 10 12 1 1 10 12 1 1 8 1 8 1 10 100 12 1 1 1 10 12 1 1 10 12 1 1 10 100 1 4 10 7 12 1 1 9 12 1 1 10 12 1 1 10 12 1 10 10 12 1 1 10 12 1 10 12 1 3 3 100 1 4 4 4 3 10 12 1 1 9 12 1 1 100 1 10 3 3 4 4 10 12 1 3 3 3 10 12 1 1 10 12 1 1 10 12 1 10 100 12 1 1 1 10 12 1 1 10 12 1 1 10 7 12 1 1 1 8 1 10 12 1 1 9 12 1 1 100 1 100 1 100 1 1 1 1 4 1 4 1 1 1 4 1 1 3 1 3 1 3 1 3 1 3 1 1 1 1 5 0 1 1 1 1 1 1 1 1 1 1 100 1 1 1 1 1 1 1 1 1 1 1 1 1 1 1 1 1 1 1 1 1 1 1 1 1 1 1 1 1 1 1 1 1 1 1 1 1 1 1 1 1 1 1 1 1 1 1 1 1 1 1 1 1 1 1 1 1 1 1 1 1 1 1 1 1 1 1 1 1 1 1 1 1 100 1 1 1 1 1 1 1 100 1 100 1 1
staticfield java/lang/Float TYPE Ljava/lang/Class; java/lang/Class
staticfield java/lang/Float $assertionsDisabled Z 1
instanceKlass java/math/BigDecimal
instanceKlass java/math/BigInteger
instanceKlass java/util/concurrent/atomic/Striped64
instanceKlass java/util/concurrent/atomic/AtomicLong
instanceKlass java/util/concurrent/atomic/AtomicInteger
instanceKlass java/lang/Long
instanceKlass java/lang/Integer
instanceKlass java/lang/Short
instanceKlass java/lang/Byte
instanceKlass java/lang/Double
instanceKlass java/lang/Float
ciInstanceKlass java/lang/Number 1 1 37 10 7 12 1 1 1 10 100 12 1 1 1 100 1 1 1 1 5 0 1 1 1 1 1 1 1 1 1 1 1 1 1 1 1 1 1
ciInstanceKlass java/lang/Double 1 1 288 7 1 100 1 10 7 12 1 1 1 10 12 1 1 10 100 1 10 12 1 1 10 7 12 1 1 1 6 0 8 1 10 12 1 1 8 1 10 12 1 1 8 1 6 0 10 12 1 1 100 1 5 0 5 0 8 1 8 1 10 100 12 1 1 1 10 100 12 1 1 1 8 1 10 12 1 1 8 1 8 1 8 1 10 12 1 1 10 12 1 10 12 1 1 10 12 1 10 12 1 10 12 1 1 10 12 1 10 7 1 6 0 10 7 12 1 1 9 12 1 1 10 12 1 10 12 1 10 12 1 10 12 1 10 12 1 5 0 10 12 1 1 10 12 1 10 12 1 10 100 12 1 1 1 10 12 1 1 10 12 1 1 8 1 10 7 12 1 1 1 9 12 1 1 100 1 100 1 100 1 1 1 6 0 1 6 0 1 6 0 1 1 1 6 0 1 1 3 1 3 1 3 1 3 1 3 1 1 1 1 5 0 1 1 1 1 1 1 1 1 1 1 1 1 1 1 1 1 100 1 1 1 1 1 1 1 1 1 1 1 1 1 1 1 1 1 1 1 1 1 1 1 1 1 1 1 1 1 1 1 1 1 1 1 1 1 1 1 1 1 1 1 1 1 100 1 1 1 1 1 1 1 100 1 100 1 1
staticfield java/lang/Double TYPE Ljava/lang/Class; java/lang/Class
ciInstanceKlass java/lang/Byte 1 1 212 7 1 100 1 10 100 12 1 1 1 9 12 1 1 8 1 9 12 1 1 100 1 10 12 1 1 10 12 1 1 10 100 12 1 1 1 10 100 12 1 1 1 9 7 12 1 1 1 10 12 1 1 100 1 100 1 10 12 1 1 8 1 10 12 1 1 8 1 10 12 1 10 12 1 10 12 1 10 12 1 1 10 12 1 10 12 1 10 12 1 1 10 8 1 8 1 10 7 1 9 12 1 1 10 12 1 1 10 12 1 1 10 12 1 1 10 12 1 5 0 10 12 1 1 8 1 10 7 12 1 1 1 9 12 1 1 100 1 100 1 1 1 3 1 3 1 1 1 1 3 1 3 1 1 5 0 1 1 1 1 1 1 1 1 1 1 1 1 1 1 1 1 1 1 1 1 1 1 1 1 1 1 1 1 1 1 1 1 1 1 1 1 1 1 1 1 1 1 1 1 1 1 1 1 1 1 1 1 1 1 1
staticfield java/lang/Byte TYPE Ljava/lang/Class; java/lang/Class
ciInstanceKlass java/lang/Short 1 1 220 7 1 100 1 100 1 10 100 12 1 1 1 10 12 1 1 100 1 100 1 10 12 1 1 8 1 10 12 1 1 8 1 10 12 1 10 12 1 10 12 1 10 12 1 1 10 12 1 1 10 12 1 9 12 1 1 8 1 9 12 1 1 100 1 10 12 1 1 10 12 1 10 100 12 1 1 1 10 100 12 1 1 1 9 7 12 1 1 1 10 12 1 10 12 1 1 10 8 1 8 1 10 7 1 9 12 1 1 10 12 1 1 10 12 1 1 10 12 1 1 10 12 1 3 3 5 0 10 12 1 1 8 1 10 7 12 1 1 1 9 12 1 1 100 1 100 1 1 1 3 1 3 1 1 1 1 3 1 3 1 1 5 0 1 1 1 1 1 1 1 1 1 1 1 1 1 1 1 1 1 1 1 1 1 1 1 1 1 1 1 1 1 1 1 1 1 1 1 1 1 1 1 1 1 1 1 1 1 1 1 1 1 1 1 1 1 1 1 1
staticfield java/lang/Short TYPE Ljava/lang/Class; java/lang/Class
ciInstanceKlass java/lang/Integer 1 1 436 7 1 100 1 7 1 7 1 10 12 1 1 9 12 1 1 9 12 1 1 10 100 12 1 1 1 10 12 1 1 10 100 12 1 1 1 10 10 12 1 1 10 100 12 1 1 1 10 12 1 10 12 1 1 10 7 12 1 1 1 10 12 1 1 10 12 1 1 10 12 1 10 7 12 1 1 10 12 1 1 10 12 1 10 12 1 100 1 8 1 10 12 1 8 1 100 1 10 12 1 1 10 12 1 1 8 1 10 12 1 1 8 1 10 12 1 1 10 12 1 1 10 12 1 1 3 3 10 7 12 1 1 1 11 7 1 10 12 1 1 11 10 12 1 1 10 12 1 1 8 1 10 12 1 10 12 1 8 1 100 1 10 12 1 8 1 10 12 1 1 10 12 1 8 1 10 12 1 10 12 1 7 1 9 12 1 1 9 12 1 1 10 12 1 10 7 1 9 12 1 10 12 1 10 12 1 10 12 1 1 10 12 1 1 10 7 12 1 1 1 10 12 1 1 8 1 8 1 10 12 1 1 8 1 8 1 8 1 8 1 8 1 8 1 10 12 1 10 12 1 10 12 1 5 0 3 3 3 3 10 12 1 10 12 1 3 10 12 1 10 100 12 1 1 1 10 12 1 1 10 12 1 1 8 1 10 7 12 1 1 1 9 12 1 1 100 1 100 1 100 1 1 1 1 3 1 1 1 1 1 3 1 3 1 1 5 0 1 1 1 1 1 1 1 1 1 100 1 1 1 1 1 1 1 1 1 1 1 1 1 1 1 1 1 1 1 1 1 1 1 1 1 1 1 1 1 1 1 1 1 1 1 1 1 1 1 1 1 1 1 1 1 1 1 1 1 1 1 1 1 1 1 1 1 1 1 1 1 1 1 1 1 1 1 1 1 1 1 1 1 1 1 1 1 1 1 1 1 1 1 1 1 1 1 1 1 1 1 1 1 100 1 1 1 1 1 1 1 1 1 100 1 100 1 1
staticfield java/lang/Integer TYPE Ljava/lang/Class; java/lang/Class
staticfield java/lang/Integer digits [B 36
ciMethod java/lang/Integer valueOf (I)Ljava/lang/Integer; 22 0 8576 0 -1
ciInstanceKlass java/lang/Long 1 1 498 7 1 100 1 7 1 100 1 10 12 1 1 9 12 1 1 9 7 12 1 1 1 10 100 12 1 1 1 10 12 1 1 10 100 12 1 1 1 10 10 12 10 12 1 10 12 1 10 12 1 5 0 5 0 100 1 10 12 1 1 10 12 1 1 10 12 1 10 12 1 10 12 1 10 12 1 1 10 100 12 1 1 10 12 1 10 12 1 1 10 12 1 1 10 12 1 1 10 12 1 1 10 7 12 1 1 1 10 12 1 1 10 12 1 10 12 1 10 7 12 1 1 10 12 1 1 10 12 1 10 12 1 100 1 8 1 10 12 1 8 1 100 1 10 12 1 10 12 1 1 8 1 10 12 1 1 8 1 10 12 1 1 10 12 1 1 10 12 1 1 5 0 5 0 10 100 12 1 1 1 11 100 1 10 12 1 1 11 10 12 1 1 10 12 1 1 8 1 5 0 10 12 1 1 10 12 1 1 8 1 8 1 10 12 1 8 1 10 12 1 10 12 1 5 0 5 0 9 7 12 1 1 1 10 12 1 10 12 1 1 8 1 8 1 10 12 1 1 8 1 8 1 8 1 8 1 8 1 8 1 10 12 1 10 12 1 10 7 1 9 12 1 1 10 12 1 10 12 1 1 10 12 1 1 10 7 12 1 1 1 10 12 1 1 10 12 1 10 12 1 10 12 1 5 0 5 0 5 0 10 12 1 1 10 12 1 5 0 5 0 10 12 10 12 1 10 100 12 1 1 1 10 12 1 1 10 12 1 1 8 1 10 7 12 1 1 1 9 12 1 1 100 1 100 1 100 1 1 1 1 5 0 1 1 1 1 3 1 3 1 5 0 1 1 1 1 1 1 1 1 1 100 1 1 1 1 1 1 1 1 1 1 1 1 1 1 1 1 1 1 1 1 1 1 1 1 1 1 1 1 1 1 1 1 1 1 1 1 1 1 1 1 1 1 1 1 1 1 1 1 1 1 1 1 1 1 1 1 1 1 1 1 1 1 1 1 1 1 1 1 1 1 1 1 1 1 1 1 1 1 1 1 1 1 1 1 1 1 1 1 1 1 1 1 1 1 1 1 1 1 1 1 100 1 1 1 1 1 1 1 1 1 100 1 100 1 1
staticfield java/lang/Long TYPE Ljava/lang/Class; java/lang/Class
ciInstanceKlass java/lang/Void 1 1 31 10 100 12 1 1 1 8 1 10 7 12 1 1 1 9 7 12 1 1 1 1 1 1 1 1 1 1 1 1 1
staticfield java/lang/Void TYPE Ljava/lang/Class; java/lang/Class
ciInstanceKlass jdk/internal/vm/vector/VectorSupport 0 0 597 100 1 10 100 12 1 1 1 9 12 1 1 10 100 12 1 1 1 100 1 10 12 1 11 100 12 1 1 1 11 100 12 1 1 1 11 100 12 1 1 1 11 100 12 1 1 11 100 12 1 1 11 100 12 1 1 11 100 12 1 1 11 100 12 1 1 11 100 12 1 1 11 100 12 1 1 11 100 12 1 1 1 11 100 12 1 1 11 100 12 1 1 1 11 100 12 1 1 1 11 100 12 1 1 11 100 12 1 1 1 11 100 12 1 1 100 1 10 12 1 1 11 100 12 1 1 11 100 12 1 1 11 100 12 1 1 11 100 1 11 100 12 1 1 11 100 12 1 1 11 100 12 1 1 9 12 1 1 10 100 12 1 1 11 100 12 1 1 10 100 12 1 1 1 10 100 12 1 1 10 12 1 1 10 12 1 1 1 1 1 3 1 3 1 3 1 3 1 3 1 3 1 3 1 3 1 3 1 3 1 3 1 3 1 3 1 3 1 3 1 3 1 3 1 3 1 3 1 3 1 3 1 3 1 3 1 3 1 3 1 3 1 3 1 3 1 3 1 3 1 3 1 3 1 3 1 3 1 3 1 3 1 3 1 3 1 3 1 3 1 3 1 3 1 3 1 3 1 3 1 3 1 3 1 3 1 3 1 3 1 3 1 3 1 3 1 1 1 3 1 3 1 3 1 3 1 3 1 3 1 1 1 1 1 1 1 1 1 1 1 1 1 1 1 1 1 1 1 1 1 1 1 1 1 1 1 1 1 1 1 1 1 1 1 1 1 1 1 1 1 1 1 1 1 1 1 1 1 1 1 1 1 1 1 1 1 1 1 1 1 1 1 1 1 1 1 1 1 1 1 1 1 1 1 1 1 1 1 1 1 1 1 1 1 1 1 1 1 1 1 1 1 1 1 1 1 1 1 1 1 1 1 1 1 1 1 1 1 1 1 1 1 1 1 1 1 1 1 1 1 1 1 1 1 1 1 1 1 1 1 1 1 1 1 1 1 1 1 1 1 1 1 1 1 1 1 1 1 1 1 1 1 1 1 1 1 1 1 1 1 1 1 1 1 1 1 1 1 1 1 1 1 1 1 1 1 1 1 1 1 1 1 1 1 1 1 1 1 1 1 1 1 1 1 1 1 1 1 1 1 1 1 1 1 1 1 1 1 1 1 1 1 1 1 1 1 1 1 1 1 1 1 1 1 1 1 1 1 1 1 1 1 1 1 1 1 1 1 1 1 1 1 1 1 1 1 100 1 100 1 100 1 100 1 100 1 1 1 1 1 1 1 1 1 1 1 1 1 1 1 1 1 1 1 1 1 1 1 1 1 1 1 1 1 1 1
instanceKlass jdk/internal/vm/vector/VectorSupport$VectorShuffle
instanceKlass jdk/internal/vm/vector/VectorSupport$VectorMask
instanceKlass jdk/internal/vm/vector/VectorSupport$Vector
ciInstanceKlass jdk/internal/vm/vector/VectorSupport$VectorPayload 0 0 32 10 100 12 1 1 1 9 100 12 1 1 1 10 100 12 1 1 1 1 1 1 1 1 1 1 1 1 1 1 1 1
ciInstanceKlass jdk/internal/vm/vector/VectorSupport$Vector 0 0 28 10 100 12 1 1 1 100 1 1 1 1 1 1 1 1 1 1 1 1 1 1 1 100 1 1 1 1
ciInstanceKlass jdk/internal/vm/vector/VectorSupport$VectorMask 0 0 28 10 100 12 1 1 1 100 1 1 1 1 1 1 1 1 1 1 1 1 1 1 1 100 1 1 1 1
ciInstanceKlass jdk/internal/vm/vector/VectorSupport$VectorShuffle 0 0 28 10 100 12 1 1 1 100 1 1 1 1 1 1 1 1 1 1 1 1 1 1 1 100 1 1 1 1
ciInstanceKlass jdk/internal/vm/FillerObject 0 0 16 10 100 12 1 1 1 100 1 1 1 1 1 1 1 1
instanceKlass java/lang/ref/PhantomReference
instanceKlass java/lang/ref/FinalReference
instanceKlass java/lang/ref/WeakReference
instanceKlass java/lang/ref/SoftReference
ciInstanceKlass java/lang/ref/Reference 1 1 198 9 7 12 1 1 1 9 7 12 1 1 10 12 1 1 10 12 1 1 9 12 1 1 10 12 1 1 9 12 1 1 9 12 1 1 7 1 10 12 1 10 7 12 1 1 10 12 1 10 12 1 1 10 12 1 7 1 8 1 10 12 1 1 7 1 10 12 1 1 10 12 1 1 10 12 1 7 1 10 12 10 7 12 1 1 1 9 12 1 10 12 1 1 10 12 1 10 12 1 10 12 1 9 12 1 100 1 100 1 10 9 12 1 9 12 1 100 1 10 10 12 1 10 10 7 12 1 1 10 12 1 1 1 1 1 1 1 1 1 1 1 1 1 1 1 1 1 100 1 1 1 100 1 1 1 1 1 1 1 1 1 1 1 1 1 1 1 1 1 1 1 1 1 1 1 1 1 1 1 1 1 1 1 1 1 1 1 1 1 100 1 100 1 100 1 1 1
staticfield java/lang/ref/Reference processPendingLock Ljava/lang/Object; java/lang/Object
staticfield java/lang/ref/Reference $assertionsDisabled Z 1
instanceKlass java/io/ClassCache$CacheRef
instanceKlass sun/util/locale/provider/LocaleResources$ResourceReference
instanceKlass sun/util/resources/Bundles$BundleReference
instanceKlass sun/font/FontDesignMetrics$KeyReference
instanceKlass sun/font/StrikeCache$SoftDisposerRef
instanceKlass java/util/ResourceBundle$BundleReference
instanceKlass jdk/internal/util/SoftReferenceKey
instanceKlass java/lang/invoke/LambdaFormEditor$Transform
ciInstanceKlass java/lang/ref/SoftReference 1 1 50 10 7 12 1 1 1 9 7 12 1 1 1 9 12 1 10 12 1 10 12 1 1 1 1 1 1 1 1 1 1 1 1 1 1 1 1 1 1 1 1 1 1 100 1 1 1 1 1 1
instanceKlass javax/swing/text/DefaultStyledDocument$AbstractChangeHandler$DocReference
instanceKlass sun/awt/WeakIdentityHashMap$WeakKey
instanceKlass javax/swing/text/GapContent$MarkData
instanceKlass sun/swing/plaf/DesktopProperty$WeakPCL
instanceKlass java/lang/ThreadLocal$ThreadLocalMap$Entry
instanceKlass java/util/ResourceBundle$KeyElementReference
instanceKlass jdk/internal/util/WeakReferenceKey
instanceKlass java/util/WeakHashMap$Entry
ciInstanceKlass java/lang/ref/WeakReference 1 1 34 10 7 12 1 1 1 10 12 1 100 1 1 1 1 1 1 1 1 1 1 1 1 1 1 1 1 1 1 1 1 1 1 1
instanceKlass java/lang/ref/Finalizer
ciInstanceKlass java/lang/ref/FinalReference 1 1 50 10 7 12 1 1 1 10 7 12 1 1 1 10 12 1 1 100 1 8 1 10 12 1 1 1 1 1 1 1 1 1 1 1 1 1 1 1 1 1 1 1 1 1 1 1 1 1 100 1
instanceKlass com/mysql/cj/jdbc/AbandonedConnectionCleanupThread$ConnectionFinalizerPhantomReference
instanceKlass jdk/internal/ref/PhantomCleanable
instanceKlass jdk/internal/ref/Cleaner
ciInstanceKlass java/lang/ref/PhantomReference 1 1 47 10 7 12 1 1 1 10 12 1 1 10 7 12 1 1 1 1 1 1 1 1 1 1 1 1 1 1 1 1 1 1 1 1 1 1 1 1 1 1 1 1 1 1 1 1 1
ciInstanceKlass java/lang/ref/Finalizer 1 1 177 9 7 12 1 1 1 10 7 12 1 1 1 9 12 1 1 9 12 1 1 9 12 1 9 12 1 9 12 1 1 10 12 1 100 1 8 1 10 12 1 10 12 1 1 9 12 1 100 1 10 12 1 7 1 11 7 12 1 1 10 12 1 100 1 10 12 1 10 7 12 1 1 1 10 12 1 1 10 100 12 1 1 8 1 10 12 1 10 12 1 10 12 1 100 1 10 12 1 10 100 12 1 1 1 100 1 10 10 12 1 1 7 1 10 12 1 10 12 1 1 10 12 1 1 10 7 12 1 1 1 7 1 10 7 1 10 10 12 1 1 1 1 1 1 1 1 1 1 1 1 1 1 1 1 1 1 1 1 1 1 1 1 1 1 100 1 1 1 1 1 1 1 1 1 1 1
staticfield java/lang/ref/Finalizer lock Ljava/lang/Object; java/lang/Object
staticfield java/lang/ref/Finalizer ENABLED Z 1
staticfield java/lang/ref/Finalizer $assertionsDisabled Z 1
instanceKlass java/lang/reflect/Executable
instanceKlass java/lang/reflect/Field
ciInstanceKlass java/lang/reflect/AccessibleObject 1 1 374 10 7 12 1 1 1 10 100 12 1 1 1 10 7 12 1 1 1 10 12 1 1 9 12 1 1 100 1 10 7 12 1 1 1 11 12 1 100 1 10 12 1 7 1 100 1 10 12 1 1 10 12 1 1 10 12 1 1 10 12 1 1 10 12 1 1 7 1 10 100 12 1 1 1 10 12 1 1 11 10 7 12 1 1 1 10 12 1 1 10 12 1 10 12 1 10 12 1 1 10 12 1 8 1 100 1 100 1 10 10 12 1 1 8 1 10 12 1 10 12 1 8 1 8 1 8 1 8 1 8 1 8 1 8 1 8 1 8 1 100 1 10 12 1 10 12 1 9 100 12 1 1 1 10 12 1 1 10 12 1 10 100 1 100 1 8 1 10 8 1 10 12 1 8 1 10 12 1 10 12 1 1 10 100 1 8 1 10 11 7 12 1 1 1 10 12 1 1 10 12 1 1 10 12 1 1 9 12 1 1 100 1 10 12 1 7 1 10 12 1 10 12 1 1 10 100 1 10 12 1 10 12 10 12 1 10 12 1 10 12 1 1 10 12 1 9 12 1 10 100 12 1 1 8 1 10 12 1 1 8 1 10 100 12 1 1 1 9 12 1 100 1 10 7 1 10 10 7 12 1 1 1 10 7 12 1 1 1 9 12 1 1 1 1 1 1 1 1 1 1 1 1 1 1 1 1 1 1 1 1 1 1 1 1 1 1 1 1 1 1 1 1 1 1 1 1 1 1 1 1 1 1 1 1 1 1 1 1 1 1 1 1 1 1 1 1 1 1 1 1 1 1 1 1 1 1 1 1 1 1 1 1 1 1 1 1 1 1 1 1 1 1 1
staticfield java/lang/reflect/AccessibleObject reflectionFactory Ljdk/internal/reflect/ReflectionFactory; jdk/internal/reflect/ReflectionFactory
ciInstanceKlass java/lang/reflect/Method 1 1 468 9 7 12 1 1 1 10 100 12 1 1 1 10 100 12 1 1 9 12 1 1 9 12 1 1 10 12 1 1 10 12 1 1 10 12 1 1 10 100 12 1 1 10 7 12 1 1 1 9 12 1 1 9 12 1 9 12 1 1 9 12 1 9 12 1 9 12 1 1 9 12 1 9 12 1 1 9 12 1 9 12 1 100 1 8 1 10 12 1 10 12 1 9 12 1 1 10 7 12 1 1 1 10 12 1 1 10 12 1 1 10 12 1 10 12 1 1 9 100 12 1 1 1 10 12 1 1 10 12 10 7 12 1 1 10 12 1 1 10 12 1 10 12 1 10 12 1 10 100 12 1 1 1 10 12 1 1 9 12 1 10 100 1 10 100 12 1 1 1 10 7 12 1 1 10 12 1 1 10 12 1 1 10 12 1 10 100 12 1 1 1 10 12 1 10 8 1 10 12 1 10 12 1 100 1 8 1 8 1 8 1 10 12 1 10 12 1 1 10 12 1 1 10 10 12 1 1 10 12 1 11 100 1 10 12 1 9 12 1 1 10 12 1 1 10 12 1 10 12 1 1 10 12 1 1 11 7 12 1 1 1 11 12 1 9 12 1 1 10 12 1 10 12 1 10 12 1 10 12 1 10 12 1 10 12 1 9 12 1 1 10 7 12 1 1 1 10 7 12 1 1 10 12 1 1 10 100 12 1 1 1 10 100 12 1 1 1 10 100 12 1 1 1 11 100 12 1 1 1 10 100 12 1 1 1 100 1 100 1 100 1 10 12 1 10 12 1 1 10 12 1 100 1 8 1 10 12 1 10 10 12 1 1 10 12 1 1 10 12 1 1 10 12 1 1 8 1 10 12 1 1 1 1 1 1 1 1 1 1 1 1 1 1 1 1 1 1 1 1 1 1 1 1 1 1 1 1 1 1 1 1 1 1 1 1 1 1 1 1 1 1 1 1 1 1 1 1 1 1 1 1 1 100 1 100 1 100 1 1 1 1 1 1 1 1 1 1 1 1 1 1 1 1 1 1 1 1 1 1 1 1 1 1 1 1 1 1
ciInstanceKlass java/lang/reflect/Member 1 1 37 100 1 10 12 1 1 100 1 100 1 1 1 1 3 1 3 1 1 1 1 1 1 1 1 1 1 1 1 1 1 1 1 1 1 1 1
instanceKlass java/lang/reflect/Constructor
instanceKlass java/lang/reflect/Method
ciInstanceKlass java/lang/reflect/Executable 1 1 587 10 7 12 1 1 1 10 7 12 1 1 1 10 7 12 1 1 1 11 7 12 1 1 1 10 7 12 1 1 1 10 12 1 1 10 100 12 1 1 1 10 100 12 1 1 1 10 12 1 8 1 10 10 12 1 1 10 12 1 1 10 100 12 1 1 1 18 12 1 1 11 100 12 1 1 1 8 1 8 1 8 1 10 100 12 1 1 1 11 12 1 1 100 1 8 1 8 1 10 12 1 100 1 8 1 10 12 1 8 1 11 100 12 1 1 1 100 1 11 100 12 1 1 1 11 12 1 8 1 18 8 1 10 12 1 10 12 1 1 18 8 1 10 12 1 100 1 10 12 1 10 12 1 11 12 1 10 12 1 1 8 1 8 1 10 12 1 1 10 12 1 1 10 10 12 1 9 12 1 1 9 100 12 1 1 1 10 100 12 1 1 1 10 12 1 10 12 1 1 10 100 12 1 1 10 12 1 10 12 1 10 12 1 10 7 12 1 1 100 1 10 100 12 1 1 1 10 12 1 1 10 100 12 1 1 10 12 1 10 12 1 1 9 100 12 1 1 1 10 100 10 12 1 8 1 10 12 1 10 12 1 3 100 1 8 1 10 12 1 10 12 1 10 10 12 1 10 12 1 1 8 1 8 1 8 1 9 12 1 1 9 12 1 10 12 1 100 1 8 1 10 12 1 10 12 1 10 12 1 1 10 12 1 1 10 12 1 10 12 10 12 1 100 1 10 12 1 10 12 1 1 100 1 10 100 12 1 1 1 100 1 10 7 12 1 1 1 10 12 1 1 11 7 12 1 1 10 12 1 10 100 12 1 1 1 10 12 1 1 9 12 1 10 12 1 1 10 12 1 10 12 1 1 9 100 12 1 1 1 10 100 12 1 1 1 10 12 1 10 12 1 1 9 12 1 10 10 10 10 100 12 1 1 1 10 12 1 9 12 1 10 12 1 1 9 12 1 100 1 100 1 1 1 1 1 1 1 1 1 1 1 1 1 1 1 1 1 1 1 1 1 1 1 1 1 1 1 1 1 1 1 1 1 1 1 1 100 1 1 1 1 1 1 1 1 1 1 1 1 1 1 1 1 1 1 1 100 1 1 1 1 1 1 1 1 1 1 1 1 1 1 1 1 1 1 1 1 1 1 1 1 1 1 1 1 1 1 1 1 1 1 1 1 1 1 1 1 1 1 1 100 1 1 1 1 1 1 1 1 1 1 1 1 1 1 1 1 1 1 1 1 1 1 100 1 1 16 15 16 1 16 1 15 10 12 16 15 10 100 12 1 1 1 1 100 1 1 1 100 1 1 100 1 100 1 1
ciInstanceKlass java/lang/reflect/Constructor 1 1 437 10 100 12 1 1 1 10 100 12 1 1 9 7 12 1 1 1 9 12 1 1 10 12 1 1 10 12 1 1 10 12 1 1 10 100 12 1 1 10 7 12 1 1 1 9 12 1 1 9 12 1 1 9 12 1 9 12 1 1 9 12 1 9 12 1 1 9 12 1 1 9 12 1 100 1 8 1 10 12 1 10 12 1 9 12 1 1 10 7 12 1 1 1 10 12 1 1 10 12 1 1 10 12 1 7 1 100 1 8 1 10 10 12 1 10 12 1 10 12 1 1 9 100 12 1 1 1 10 7 12 1 1 10 12 1 1 10 12 1 10 12 1 1 10 100 12 1 1 1 10 100 12 1 1 10 12 1 1 10 12 1 10 100 12 1 1 1 8 1 10 10 12 1 100 1 8 1 10 12 1 10 12 1 1 10 12 1 1 10 12 1 10 12 1 10 12 1 1 10 12 1 1 9 12 1 1 10 12 1 1 10 12 1 1 10 12 1 1 11 7 12 1 1 1 10 12 1 1 10 12 1 10 12 1 10 12 1 8 1 9 12 1 1 10 7 12 1 1 1 10 7 12 1 1 10 12 1 1 10 12 1 1 10 12 1 1 10 12 1 1 10 12 1 9 100 12 1 1 10 12 1 10 12 1 10 12 1 100 1 8 1 10 10 12 1 1 10 12 1 10 10 12 1 1 10 12 1 1 10 100 12 1 1 1 11 100 12 1 1 1 10 12 1 1 9 100 12 1 1 1 10 100 12 1 1 1 10 12 1 1 1 1 1 1 1 1 1 1 1 1 1 1 1 1 1 1 1 1 1 1 1 1 1 1 1 1 1 1 1 1 1 1 1 1 1 1 1 1 1 1 1 1 1 1 1 1 1 1 1 1 1 1 1 1 100 1 100 1 100 1 100 1 1 1 1 1 1 1 1 1 1 1 1 1 1 1 1 1 1 1 1 1 1 1 1 1 1 1 1 1 1 1 1 100 1 1
ciInstanceKlass java/lang/reflect/Field 1 1 454 9 7 12 1 1 1 10 12 1 1 10 100 12 1 1 1 10 100 12 1 1 9 12 1 1 9 12 1 1 10 12 1 1 10 12 1 1 10 12 1 1 10 100 12 1 1 10 7 12 1 1 1 9 12 1 1 9 12 1 9 12 1 9 12 1 1 9 12 1 1 9 12 1 9 12 1 1 100 1 8 1 10 12 1 10 12 1 9 12 1 1 9 12 1 10 7 12 1 1 10 12 1 1 10 12 1 1 10 12 1 9 12 1 1 10 12 1 1 9 100 12 1 1 1 10 7 12 1 1 1 7 1 10 12 1 1 10 12 1 1 10 12 1 10 12 1 10 100 1 10 100 12 1 1 100 1 10 8 1 10 12 1 1 10 12 1 1 8 1 10 12 10 12 1 8 1 8 1 10 11 100 1 9 12 1 10 12 1 1 10 12 1 1 11 7 12 1 1 1 10 12 1 11 12 1 1 11 12 1 1 11 12 1 1 11 12 1 1 11 12 1 1 11 12 1 1 11 12 1 1 11 12 1 1 11 12 1 1 11 12 1 1 11 12 1 1 11 12 1 1 11 12 1 1 11 12 1 1 11 12 1 1 11 12 1 1 11 12 1 1 10 12 1 10 100 12 1 1 10 12 1 10 12 1 10 12 1 10 12 1 1 10 12 1 1 10 12 1 10 100 12 1 1 10 12 1 1 11 100 1 10 12 1 100 1 10 100 12 1 1 1 10 100 12 1 1 1 9 12 1 10 100 12 1 1 1 11 100 12 1 1 1 10 12 1 1 10 12 1 1 9 100 12 1 1 10 100 12 1 1 1 10 12 1 1 100 1 1 1 1 1 1 1 1 1 1 1 1 1 1 1 1 1 1 1 1 1 1 1 1 1 1 1 1 1 1 1 1 1 1 1 1 1 1 1 100 1 1 1 1 1 1 1 1 1 1 1 1 1 1 1 1 1 1 1 1 1 1 1 1 1 1 1 1 1 1 1 1 100 1 1 1 1 1 1 1 1 100 1 1 100 1 1
ciInstanceKlass java/lang/reflect/Parameter 0 0 256 10 100 12 1 1 1 9 100 12 1 1 1 9 12 1 1 9 12 1 1 9 12 1 10 12 1 1 10 12 1 1 10 100 12 1 1 1 100 1 10 10 12 1 1 11 100 12 1 1 1 10 12 1 10 100 12 1 1 1 10 12 1 1 10 12 1 10 12 1 8 1 8 1 10 100 12 1 1 1 10 12 1 10 12 9 100 12 1 1 1 9 100 12 1 1 1 10 12 1 1 10 12 1 1 10 100 12 1 1 1 10 12 1 8 1 10 12 1 9 12 1 1 10 12 1 1 9 12 1 1 10 12 1 1 10 12 1 1 10 12 1 1 10 12 1 10 10 12 1 10 100 12 1 1 1 10 12 1 1 11 100 12 1 1 10 100 12 1 1 100 1 10 100 12 1 1 1 10 12 1 1 10 12 1 1 10 12 1 1 10 12 1 1 9 12 1 100 1 10 11 12 1 11 12 1 1 100 1 1 1 1 1 1 1 1 1 1 1 1 1 1 1 1 1 1 1 1 1 1 1 1 1 1 1 1 1 1 1 1 1 1 1 1 1 1 1 100 1 1 1 1 1 100 1 1
ciInstanceKlass java/lang/reflect/RecordComponent 0 0 196 10 100 12 1 1 1 9 100 12 1 1 1 9 12 1 1 9 12 1 10 12 1 1 10 12 1 1 10 100 12 1 1 1 10 12 1 1 9 12 1 1 10 12 1 1 10 12 1 1 10 12 1 10 100 12 1 1 10 100 12 1 1 9 12 1 1 10 100 12 1 1 1 11 100 12 1 1 1 10 9 100 12 1 1 1 10 100 12 1 1 1 9 12 1 1 10 100 12 1 1 1 10 12 1 1 11 100 12 1 1 10 100 12 1 1 100 1 9 12 1 9 12 1 1 9 12 1 10 100 12 1 1 1 10 12 1 1 10 12 1 1 100 1 10 10 12 1 10 12 1 1 8 1 10 12 1 10 12 1 9 12 1 100 1 1 1 1 1 1 1 1 1 1 1 1 1 1 1 1 1 1 1 1 1 1 100 1 1 1 1 1 1 100 1 1
ciInstanceKlass java/lang/StringBuffer 1 1 487 10 7 12 1 1 1 10 12 1 10 12 1 10 12 1 1 9 7 12 1 1 1 10 12 1 1 10 12 1 10 12 1 1 9 12 1 1 10 12 1 10 12 1 1 10 12 1 1 10 12 1 10 12 1 1 10 12 1 10 12 1 1 10 12 1 1 10 7 12 1 1 1 10 12 1 1 10 12 1 10 12 1 10 12 1 10 12 1 10 12 1 10 12 1 10 12 1 10 12 1 10 12 1 10 12 1 10 12 1 10 12 1 10 12 1 10 12 1 1 10 12 1 10 12 1 1 10 12 1 1 10 10 12 1 1 10 12 1 10 12 1 10 12 1 10 12 1 10 12 1 10 12 1 10 12 10 12 1 10 12 1 10 12 1 10 12 1 1 10 12 1 10 12 1 10 10 12 1 1 10 12 1 10 12 1 10 12 1 8 1 10 12 1 10 10 100 12 1 1 1 10 10 12 1 1 9 12 1 1 10 100 12 1 1 10 100 1 8 10 100 12 1 1 1 8 10 12 1 8 1 10 12 1 10 12 1 10 100 12 1 1 1 10 100 12 1 1 1 7 1 10 12 100 1 8 1 10 10 12 1 1 10 12 1 1 10 12 1 10 12 1 10 12 1 1 10 12 1 10 12 1 10 12 1 10 12 1 10 12 1 10 12 10 12 1 10 12 1 10 12 1 10 12 1 10 12 1 10 12 1 10 12 1 10 12 1 10 12 1 10 12 1 10 12 10 12 10 12 1 10 12 1 10 12 1 10 12 10 12 1 10 12 1 10 12 1 10 12 1 10 12 1 10 12 1 10 12 1 10 12 1 10 12 1 10 12 1 10 12 1 7 1 10 12 1 9 7 12 1 1 1 9 7 1 9 12 1 1 100 1 100 1 100 1 100 1 1 1 1 5 0 1 1 1 1 1 1 1 1 1 1 1 1 1 1 1 1 1 1 1 1 1 1 1 1 1 1 1 1 1 1 1 1 1 1 1 1 1 1 1 1 1 1 1 1 1 1 1 1 1 1 1 1 1 1 1 1 1 1 1 1 100 1 1 1 1 1 100 1 1 1 1 1 1 1 1 1 1 1 1 1 1 1 1 1 1
staticfield java/lang/StringBuffer serialPersistentFields [Ljava/io/ObjectStreamField; 3 [Ljava/io/ObjectStreamField;
instanceKlass java/lang/StringBuilder
instanceKlass java/lang/StringBuffer
ciInstanceKlass java/lang/AbstractStringBuilder 1 1 662 7 1 10 7 12 1 1 1 9 7 12 1 1 1 9 12 1 9 12 1 1 9 12 1 1 10 7 12 1 1 1 10 12 1 1 100 1 3 3 10 12 1 10 12 1 1 10 12 1 1 11 7 1 100 1 100 1 10 8 1 10 12 1 10 12 1 10 12 1 1 10 12 1 10 12 1 9 12 1 10 12 1 9 12 1 1 10 7 12 1 1 1 10 10 12 1 10 12 1 10 12 1 1 9 12 1 100 1 8 1 10 12 1 10 12 1 1 8 1 10 7 12 1 1 1 10 12 1 1 8 1 10 7 12 1 1 1 100 1 8 1 10 100 1 10 12 1 10 12 1 1 10 7 12 1 1 1 10 12 1 1 10 12 1 1 10 12 1 1 10 12 1 1 10 7 12 1 1 1 10 12 1 100 1 10 10 7 12 1 1 1 9 12 1 1 9 12 1 10 12 1 1 10 10 12 1 1 10 12 1 1 10 12 1 1 10 12 1 1 10 12 1 1 10 12 1 1 10 12 1 1 10 12 1 10 10 10 12 1 10 12 1 1 10 8 1 10 12 1 1 10 12 1 10 12 1 10 12 1 10 10 7 12 1 1 1 10 12 1 1 10 12 1 10 12 1 10 12 1 10 12 100 1 9 12 1 1 9 12 1 10 12 1 1 100 1 9 12 1 9 12 10 12 1 10 12 1 1 10 12 1 1 10 12 1 10 12 1 1 10 12 1 10 12 1 1 10 12 1 1 10 10 7 12 1 1 1 10 12 1 10 12 1 10 12 1 1 10 12 1 10 12 1 1 10 12 1 10 12 1 10 12 1 10 12 1 10 12 1 10 12 1 10 12 1 10 12 1 1 10 12 1 10 12 1 10 12 10 12 1 1 18 12 1 1 100 1 10 100 12 1 1 1 18 10 12 1 1 10 12 1 1 10 12 1 10 12 1 10 12 1 1 10 12 1 10 12 1 1 11 12 1 1 10 12 1 10 12 1 1 10 12 1 10 12 1 10 12 1 10 5 0 10 100 1 8 1 10 10 12 1 1 10 100 12 1 1 1 10 12 1 10 12 1 1 100 1 10 12 100 1 10 100 1 10 10 7 12 1 1 100 1 1 1 1 1 1 1 1 1 1 1 100 1 1 1 1 1 1 1 1 1 1 1 1 1 1 1 1 1 1 1 1 1 1 1 1 1 1 1 1 1 1 1 1 1 1 1 1 1 1 1 1 1 1 1 1 1 1 1 1 1 1 1 1 100 1 1 1 1 1 1 1 1 1 1 1 1 1 1 1 1 1 1 1 1 1 1 1 1 1 1 1 1 1 1 1 1 1 1 1 1 1 1 1 1 1 1 1 1 1 1 1 1 1 1 1 1 1 1 1 1 1 1 1 1 1 1 1 100 1 1 1 1 1 1 100 1 1 1 1 1 1 100 1 1 16 1 15 10 12 16 15 10 12 15 10 100 12 1 1 1 1 1 1 1 100 1 100 1 1
staticfield java/lang/AbstractStringBuilder EMPTYVALUE [B 0
staticfield java/lang/AbstractStringBuilder $assertionsDisabled Z 1
ciInstanceKlass java/lang/StringBuilder 1 1 425 10 7 12 1 1 1 10 12 1 10 12 1 10 12 1 1 10 7 12 1 1 1 10 7 12 1 1 1 10 12 1 10 12 1 10 12 1 10 12 1 10 12 1 10 12 1 10 12 1 10 12 1 10 12 1 10 12 1 10 12 1 10 12 1 10 12 1 10 12 1 1 10 12 1 10 12 1 1 10 12 1 1 10 12 1 10 12 1 10 12 1 10 12 1 10 12 1 10 12 1 10 12 1 10 12 10 12 1 10 12 1 10 12 1 10 12 1 1 10 12 1 10 12 1 10 12 10 12 1 1 10 12 1 10 12 1 10 12 1 1 8 1 10 12 1 10 100 12 1 1 1 9 12 1 1 10 12 1 10 12 1 10 12 1 1 9 12 1 1 10 100 12 1 1 1 10 100 1 10 12 1 1 10 100 12 1 1 10 12 1 10 12 1 1 100 1 100 1 8 1 10 10 12 1 1 10 12 1 10 12 1 10 12 1 1 10 12 1 10 12 1 10 12 1 10 12 1 10 12 1 10 12 10 12 1 10 12 1 10 12 1 10 12 1 10 12 1 10 12 1 10 12 1 10 12 1 10 12 1 1 10 12 1 1 10 12 1 10 12 1 10 12 1 10 12 10 12 10 12 1 10 12 1 10 12 1 10 12 10 12 1 10 12 1 10 12 1 10 12 1 10 12 1 10 12 1 10 12 1 10 12 1 10 12 1 1 10 12 1 10 12 1 1 10 12 1 10 12 1 1 10 12 1 10 12 1 1 10 12 1 10 12 1 10 12 1 10 10 10 12 1 100 1 100 1 100 1 100 1 1 1 1 5 0 1 1 1 1 1 1 1 1 1 1 1 1 1 1 1 1 1 1 1 1 1 1 1 1 1 1 1 1 1 1 1 1 1 1 1 1 1 1 1 1 1 1 1 1 100 1 1 1 100 1 1 1 1 1 1 1 1 1 1 1
ciInstanceKlass java/security/CodeSource 1 1 396 10 7 12 1 1 1 9 7 12 1 1 1 9 12 1 1 9 12 1 1 9 12 1 1 10 7 12 1 1 1 9 12 1 1 10 100 12 1 1 10 100 10 100 12 1 1 1 10 12 1 1 10 12 1 1 100 1 10 10 100 12 1 1 1 10 100 12 1 1 1 10 12 1 1 100 1 10 12 1 1 10 12 1 1 10 12 1 1 10 12 1 10 10 100 1 10 12 1 1 10 100 12 1 1 1 10 12 1 1 10 12 1 10 12 1 8 1 10 12 1 10 12 1 10 12 1 1 10 12 1 8 1 10 12 1 1 10 100 1 10 10 12 1 1 8 1 10 12 1 10 12 1 10 12 1 8 1 8 1 9 12 1 1 100 1 8 1 10 12 1 10 12 1 1 8 1 10 12 1 8 1 8 1 8 1 10 100 12 1 1 10 12 1 1 10 12 1 10 12 1 1 10 12 1 1 10 12 1 1 100 1 100 1 10 12 1 10 12 10 12 1 1 10 100 12 1 1 10 12 1 100 1 10 12 10 100 12 1 1 1 10 8 1 10 12 1 10 12 1 1 100 1 10 12 1 1 100 1 100 1 8 1 8 1 10 10 12 1 1 10 100 12 1 1 1 100 1 10 12 10 12 1 1 11 100 12 1 1 10 10 12 1 11 10 12 1 8 1 100 1 10 12 1 10 12 1 1 10 12 1 11 12 1 1 100 1 1 1 1 5 0 1 1 1 1 1 1 1 1 1 1 1 1 1 1 1 1 1 1 1 1 1 1 1 1 1 1 1 1 1 1 1 1 1 1 1 1 1 1 1 1 1 1 1 1 1 1 1 1 1 1 1 1 1 1 1 1 1 1 1 1 1 1 1 1 1 1 100 1 1 1 1 1 1 1
ciInstanceKlass java/security/ProtectionDomain 1 1 141 10 7 12 1 1 1 9 7 12 1 1 1 9 12 1 1 9 12 1 1 10 7 12 1 1 7 1 9 12 1 9 12 1 1 7 1 9 12 1 1 9 12 1 10 100 12 1 1 10 100 12 1 1 1 10 12 1 1 10 12 1 8 1 100 1 8 1 10 12 1 10 11 12 1 1 10 100 12 1 1 1 10 12 1 1 8 1 11 8 1 10 12 1 8 1 8 1 8 1 10 12 1 8 1 8 1 1 1 1 1 1 1 1 100 1 1 100 1 1 1 1 1 1 1 1 1 1 1 1 1 1 1 1 1 1 1 100 1 1 1
instanceKlass jdk/internal/loader/BuiltinClassLoader
ciInstanceKlass java/security/SecureClassLoader 1 1 99 10 7 12 1 1 1 7 1 10 12 1 9 7 12 1 1 1 10 12 1 10 12 1 10 12 1 1 10 12 1 1 10 12 1 7 1 10 7 1 10 12 1 7 1 10 12 1 11 7 12 1 1 1 7 1 11 12 1 10 12 1 1 1 1 1 1 1 1 1 1 1 1 1 1 1 1 1 1 1 1 1 1 1 1 1 1 1 1 1 1 1 1 1 1 1 1 1 1
ciInstanceKlass java/net/URL 1 1 736 10 7 12 1 1 1 10 12 1 10 7 12 1 1 9 12 1 1 9 12 1 10 12 1 1 9 12 1 1 10 7 12 1 1 1 8 1 10 12 1 1 100 1 10 10 12 1 1 8 1 10 12 1 1 9 12 1 100 1 8 1 10 12 1 10 12 1 8 1 9 12 1 10 12 1 1 9 12 1 10 12 1 10 12 1 9 12 1 9 12 1 8 1 9 12 1 10 12 1 1 8 1 9 12 1 1 10 12 1 1 10 7 12 1 1 1 8 1 10 12 1 7 1 10 12 1 10 12 1 10 12 1 10 12 1 1 10 12 1 1 8 1 10 12 1 1 10 12 1 8 1 9 12 1 8 1 10 12 1 10 7 12 1 1 1 100 1 10 12 1 10 12 1 1 10 7 12 1 1 1 100 1 8 1 10 10 12 1 8 1 10 12 1 1 10 12 1 10 12 1 10 12 1 10 12 1 10 12 1 10 12 1 8 1 10 12 1 8 1 10 10 100 1 10 10 12 1 8 1 10 7 12 1 1 1 10 12 1 9 12 1 1 10 12 1 10 100 12 1 1 1 100 1 10 12 1 10 12 1 10 12 1 10 12 1 10 12 1 10 12 10 10 12 1 8 1 100 1 10 100 12 1 1 1 10 12 1 1 10 12 1 10 12 1 1 8 1 9 100 12 1 1 1 10 100 12 1 1 1 10 12 1 10 12 1 10 100 12 1 1 1 10 12 1 1 10 12 1 9 12 1 1 9 12 1 1 100 1 8 1 10 9 12 1 1 10 7 12 1 1 8 1 10 100 12 1 1 8 1 10 12 1 1 10 12 1 8 1 8 1 10 7 12 1 1 1 100 1 10 100 12 1 1 1 10 12 1 10 12 1 9 100 12 1 1 1 10 100 12 1 1 10 12 1 1 10 12 1 8 1 100 1 10 100 12 1 1 1 10 12 1 1 11 100 12 1 1 11 12 1 10 12 1 10 12 1 8 9 100 12 1 1 1 10 12 1 1 10 12 1 10 12 1 1 10 100 12 1 1 11 7 1 10 12 1 10 12 1 9 12 1 10 12 1 1 10 100 12 1 1 10 100 12 1 1 1 8 10 100 12 1 1 100 1 10 8 8 10 12 1 8 8 8 100 1 10 12 1 9 12 1 1 10 12 1 10 12 1 1 10 12 1 10 12 10 12 1 1 10 12 1 1 10 10 10 12 1 10 12 1 10 12 1 10 12 1 10 12 1 10 10 12 1 100 1 8 1 10 10 10 12 1 1 10 12 1 10 12 1 1 8 1 7 1 10 10 7 1 10 12 1 9 7 12 1 1 1 9 12 1 1 7 1 10 10 7 12 1 1 1 100 1 1 1 1 1 5 0 1 1 1 1 1 1 1 1 1 1 1 1 1 1 1 1 1 1 1 1 1 1 1 1 1 1 1 1 1 1 1 1 1 1 1 1 1 1 1 1 1 1 1 1 1 1 100 1 1 1 1 1 1 1 1 1 1 1 1 1 1 1 1 1 1 1 1 1 1 1 1 1 1 1 1 1 1 1 1 1 1 1 1 100 1 1 1 1 1 1 1 1 1 1 1 1 1 1 1 1 1 1 1 1 1 1 1 100 1 1 1 1 1 1 1 1 1 1 1 1 1 1 1 1 1 1 1
staticfield java/net/URL defaultFactory Ljava/net/URLStreamHandlerFactory; java/net/URL$DefaultFactory
staticfield java/net/URL handlers Ljava/util/Hashtable; java/util/Hashtable
staticfield java/net/URL streamHandlerLock Ljava/lang/Object; java/lang/Object
staticfield java/net/URL serialPersistentFields [Ljava/io/ObjectStreamField; 7 [Ljava/io/ObjectStreamField;
ciInstanceKlass java/util/jar/Manifest 1 1 320 10 7 12 1 1 1 7 1 10 9 7 12 1 1 1 7 1 10 9 12 1 1 9 12 1 1 10 12 1 10 12 1 1 10 12 1 1 10 12 1 1 10 12 1 1 11 7 1 11 12 1 1 10 12 1 1 10 100 12 1 1 1 100 1 100 1 10 8 1 10 12 1 1 10 12 1 1 10 12 1 10 12 1 11 100 1 10 12 1 10 12 1 1 11 12 1 1 10 12 1 11 12 1 1 11 100 12 1 1 1 11 100 12 1 1 11 12 1 1 100 1 10 12 1 8 1 11 12 1 100 1 10 12 1 1 11 12 1 10 12 1 10 12 1 10 9 100 12 1 1 1 10 12 1 1 10 100 12 1 10 12 1 10 12 1 9 100 12 1 1 1 8 1 10 12 1 8 1 8 1 7 1 10 12 1 10 12 1 10 12 1 1 100 1 8 1 10 12 1 1 8 1 10 10 12 1 1 8 1 10 12 1 1 10 100 12 1 1 1 10 12 1 10 11 12 1 1 10 12 1 1 10 100 12 1 1 1 10 12 1 1 10 12 1 10 12 1 1 11 10 12 1 11 10 12 1 100 1 1 1 1 1 1 1 1 1 1 1 1 1 1 1 1 1 1 1 1 1 1 1 1 1 1 1 1 1 1 1 1 1 1 1 100 1 1 1 1 1 1 1 1 1 1 1 1 1 1 100 1 1 1 1 1 1 1 1 1 1 1
ciInstanceKlass java/io/ByteArrayInputStream 1 1 135 10 7 12 1 1 1 9 7 12 1 1 1 9 12 1 1 9 12 1 9 12 1 10 100 12 1 1 1 10 7 12 1 1 1 10 7 12 1 1 1 10 7 12 1 1 1 10 12 1 1 10 100 12 1 1 1 100 1 100 1 100 1 3 10 100 1 10 100 12 1 1 1 9 12 1 1 100 1 10 10 7 12 1 1 1 1 1 1 1 1 1 1 1 1 1 1 1 1 1 1 1 1 1 1 1 1 1 1 1 1 1 1 1 1 1 1 1 100 1 100 1 1 1 1 1 1 1 1 1 1 1 1 1 1
staticfield java/io/ByteArrayInputStream $assertionsDisabled Z 1
instanceKlass java/nio/CharBuffer
instanceKlass java/nio/ShortBuffer
instanceKlass java/nio/LongBuffer
instanceKlass java/nio/IntBuffer
instanceKlass java/nio/ByteBuffer
ciInstanceKlass java/nio/Buffer 1 1 259 100 1 10 7 12 1 1 1 9 7 12 1 1 1 9 12 1 9 12 1 1 9 12 1 9 12 1 1 10 12 1 1 10 12 1 1 10 12 100 1 100 1 10 8 1 10 12 1 1 10 12 1 8 1 8 1 10 12 1 1 10 12 1 8 1 9 12 1 1 100 1 8 1 10 12 1 8 1 8 1 9 12 10 12 1 8 1 8 1 8 1 10 12 1 8 1 8 1 8 1 100 1 10 100 1 10 100 1 10 9 12 1 1 10 7 12 1 1 1 100 1 10 12 1 1 10 12 1 10 100 12 1 1 10 7 12 1 1 1 10 7 12 1 1 1 9 12 1 1 10 7 12 1 1 1 9 12 1 1 7 1 10 10 12 1 1 7 1 10 10 7 12 1 1 1 1 1 3 1 1 1 1 1 1 1 1 1 1 1 1 1 1 100 1 1 1 1 1 1 1 100 1 1 1 1 1 1 1 1 1 1 1 1 1 1 1 1 1 1 1 1 1 1 1 1 1 1 1 1 1 1 1 1 1 1 1 1 1 1 1 1 1 1 100 1 100 1 100 1 100 1 100 1 100 1 100 1 1
staticfield java/nio/Buffer UNSAFE Ljdk/internal/misc/Unsafe; jdk/internal/misc/Unsafe
staticfield java/nio/Buffer SCOPED_MEMORY_ACCESS Ljdk/internal/misc/ScopedMemoryAccess; jdk/internal/misc/ScopedMemoryAccess
staticfield java/nio/Buffer IOOBE_FORMATTER Ljava/util/function/BiFunction; jdk/internal/util/Preconditions$4
staticfield java/nio/Buffer $assertionsDisabled Z 1
ciInstanceKlass java/lang/AssertionStatusDirectives 0 0 24 10 100 12 1 1 1 100 1 1 1 1 1 1 1 1 1 1 1 1 1 1 1 1
instanceKlass java/util/Formatter$FixedString
instanceKlass jdk/internal/foreign/Utils$1VarHandleCache
instanceKlass jdk/internal/foreign/Utils$BaseAndScale
instanceKlass sun/font/HBShaper$ScopedVars
instanceKlass java/lang/ClassValue$Version
instanceKlass jdk/internal/foreign/abi/UpcallLinker$InvocationData
instanceKlass jdk/internal/classfile/impl/StackMapGenerator$RawExceptionCatch
instanceKlass jdk/internal/foreign/abi/NativeEntryPoint$CacheKey
instanceKlass jdk/internal/foreign/abi/DowncallLinker$InvocationData
instanceKlass jdk/internal/foreign/abi/LinkerOptions$CaptureCallState
instanceKlass jdk/internal/foreign/abi/x64/windows/CallArranger$Bindings
instanceKlass jdk/internal/foreign/abi/Binding$SegmentOffset
instanceKlass jdk/internal/foreign/abi/Binding$SegmentBase
instanceKlass jdk/internal/foreign/abi/Binding$BufferLoad
instanceKlass jdk/internal/foreign/abi/Binding$VMStore
instanceKlass jdk/internal/foreign/abi/Binding$ShiftRight
instanceKlass jdk/internal/foreign/abi/Binding$ShiftLeft
instanceKlass jdk/internal/foreign/abi/Binding$Dup
instanceKlass jdk/internal/foreign/abi/Binding$Allocate
instanceKlass jdk/internal/foreign/abi/Binding$Copy
instanceKlass jdk/internal/foreign/abi/Binding$BufferStore
instanceKlass jdk/internal/foreign/abi/Binding$BoxAddress
instanceKlass jdk/internal/foreign/abi/Binding$VMLoad
instanceKlass jdk/internal/foreign/abi/AbstractLinker$LinkRequest
instanceKlass jdk/internal/foreign/abi/LinkerOptions$FirstVariadicArg
instanceKlass jdk/internal/classfile/impl/AbstractInstruction$SwitchCaseImpl
instanceKlass jdk/internal/classfile/impl/StackMapDecoder$StackMapFrameImpl
instanceKlass jdk/internal/classfile/impl/StackMapDecoder$ObjectVerificationTypeInfoImpl
instanceKlass jdk/net/UnixDomainPrincipal
instanceKlass sun/util/locale/LanguageTag
instanceKlass jdk/internal/foreign/LayoutPath$GroupElementByName
instanceKlass java/util/stream/Collectors$CollectorImpl
instanceKlass java/util/zip/ZipFile$EntryPos
instanceKlass sun/nio/fs/WindowsPathParser$Result
instanceKlass java/lang/invoke/StringConcatFactory$InlineHiddenClassStrategy$MethodHandlePair
instanceKlass java/lang/invoke/MethodHandles$Lookup$ClassDefiner
instanceKlass jdk/internal/classfile/impl/ClassHierarchyImpl$ClassHierarchyInfoImpl
instanceKlass java/lang/classfile/ClassHierarchyResolver$1Factory
instanceKlass jdk/internal/classfile/impl/RawBytecodeHelper$CodeRange
instanceKlass jdk/internal/classfile/impl/StackMapGenerator$Type
instanceKlass jdk/internal/classfile/impl/Util$1WithCodeMethodHandler
instanceKlass jdk/internal/classfile/impl/DirectCodeBuilder$DeferredLabel
instanceKlass java/lang/invoke/InvokerBytecodeGenerator$ClassData
instanceKlass jdk/internal/classfile/impl/AnnotationImpl
instanceKlass java/security/SecureClassLoader$CodeSourceKey
instanceKlass jdk/internal/reflect/ReflectionFactory$Config
instanceKlass jdk/internal/foreign/abi/UpcallLinker$CallRegs
instanceKlass jdk/internal/foreign/abi/VMStorage
ciInstanceKlass java/lang/Record 1 1 22 10 7 12 1 1 1 100 1 1 1 1 1 1 1 1 1 1 1 1 1 1
ciInstanceKlass java/util/concurrent/ConcurrentHashMap 1 1 1219 100 1 7 1 10 7 12 1 1 1 10 12 1 1 9 12 1 1 3 10 7 12 1 1 1 3 100 1 10 7 12 1 1 1 100 1 10 100 12 1 1 1 100 1 11 12 1 1 11 12 1 11 12 1 1 9 12 1 1 9 12 1 9 12 1 1 10 7 12 1 1 1 7 1 10 12 1 1 10 12 1 1 10 7 12 1 1 1 4 10 12 1 11 7 12 1 1 10 12 1 10 12 1 1 100 1 10 5 0 10 12 1 9 12 1 10 12 1 1 5 0 10 12 1 10 12 1 9 12 1 1 10 12 1 1 9 12 1 9 12 1 1 10 12 1 1 9 12 1 10 12 1 1 9 12 1 1 10 12 1 1 100 1 10 100 1 10 12 1 10 12 1 1 10 12 1 1 10 12 1 1 10 12 1 10 12 1 1 10 12 1 1 100 1 10 12 1 1 7 1 100 1 8 1 10 12 1 10 12 1 1 10 12 1 1 10 10 12 1 11 12 1 1 11 7 12 1 1 1 11 7 12 1 1 1 11 12 1 7 1 11 12 1 11 12 1 10 12 1 1 10 12 1 1 9 12 1 1 10 100 12 1 1 1 9 10 12 1 1 9 12 1 10 12 1 1 5 0 9 12 1 1 7 1 10 12 1 9 12 1 1 7 1 10 12 1 9 12 1 7 1 10 100 1 10 10 12 1 1 8 1 10 12 1 10 12 1 1 11 100 1 10 12 1 10 100 12 1 1 1 8 1 10 100 12 1 1 1 8 1 10 12 1 8 1 10 12 1 10 12 1 1 10 100 12 1 1 10 12 1 10 12 1 10 12 1 9 12 1 9 10 12 1 9 12 1 11 100 12 1 1 1 11 7 12 1 1 1 100 1 10 12 11 100 12 1 1 10 11 7 12 1 10 12 1 100 1 10 12 1 100 1 10 10 9 7 12 1 1 1 3 10 100 12 1 1 9 12 1 10 12 1 1 9 12 1 1 9 12 1 10 12 1 1 10 100 12 1 1 9 12 1 9 7 12 1 1 10 12 1 1 10 12 1 3 9 12 1 9 12 1 10 12 1 1 7 1 9 3 100 1 10 12 1 9 12 1 10 12 1 9 12 1 10 12 1 9 12 1 10 100 12 1 1 1 100 10 12 1 100 1 5 0 10 100 12 1 1 100 1 10 12 1 1 10 12 1 10 12 1 100 1 10 12 1 10 100 1 100 1 10 10 12 1 10 100 1 10 12 1 10 100 1 10 12 1 10 100 1 10 12 1 1 100 1 10 12 1 10 10 12 1 100 1 10 12 1 10 10 12 1 100 1 10 12 1 10 100 1 10 12 1 10 100 1 10 12 1 10 100 1 10 12 1 10 100 1 10 12 1 10 100 1 10 12 1 10 100 1 10 12 1 10 100 1 10 12 1 10 100 1 10 10 100 1 10 10 100 1 10 10 100 1 10 12 1 10 100 1 10 12 1 10 100 1 10 12 1 10 100 1 10 12 1 10 100 1 10 12 1 10 100 1 10 10 100 1 10 10 100 1 10 10 100 1 10 12 1 10 100 1 10 12 1 10 100 1 10 12 1 10 100 1 10 12 1 10 100 1 10 12 1 10 10 12 1 10 12 1 7 1 7 1 10 12 1 9 12 1 1 9 12 1 1 10 12 1 1 8 10 12 1 1 8 8 8 8 7 10 12 1 1 10 12 1 1 100 1 8 1 10 7 1 100 1 100 1 1 1 5 0 1 1 3 1 3 1 1 1 1 3 1 3 1 3 1 1 1 1 1 3 1 3 1 3 1 1 1 1 1 1 1 1 1 1 1 1 1 1 1 1 1 1 1 1 1 1 1 1 1 1 1 100 1 1 1 1 1 1 1 1 1 1 1 1 1 1 1 1 1 1 1 1 1 1 1 1 1 1 1 1 1 1 1 1 1 1 1 1 1 1 1 1 1 1 1 1 1 1 1 1 1 1 1 1 1 1 1 1 1 1 1 1 1 1 1 1 1 1 1 1 1 1 1 1 1 1 1 1 1 1 1 1 1 1 1 1 100 1 1 1 1 1 1 1 1 1 1 1 100 1 1 1 1 1 1 1 1 1 1 1 1 1 1 1 1 1 1 1 1 1 1 1 1 1 1 1 1 1 1 1 1 1 1 1 1 1 1 1 1 1 1 1 1 1 1 1 1 1 1 1 1 1 1 1 1 1 1 1 1 1 1 1 1 1 1 1 1 1 1 1 1 1 1 1 1 1 1 1 1 1 1 1 1 1 1 1 1 1 1 1 1 1 1 1 1 1 1 1 1 1 1 1 1 1 1 1 1 1 1 1 1 1 1 1 1 1 1 1 1 1 1 1 1 1 1 1 1 1 1 1 1 1 1 1 1 1 1 1 1 1 1 1 1 1 1 1 1 1 1 1 1 1 1 1 1 1 1 1 1 1 1 1 1 1 1 1 1 1 1 1 1 1 1 1 1 1 1 1 1 1 1 1 1 1 1 1 1 1 1 1 1 1 1 1 1 1 1 1 1 1 1 1 1 1 1 1 1 1 1 1 1 1 1 1 1 1 1 1 1 1 1 1 100 1 100 1 100 1 100 1 100 1 100 1 100 1 100 1 100 1 1 1 1 1 1 1 1 1 1 1 1 1 1 1 1 1 1 1 1 1 1 1 1 1 1 1 1 1 1 1 1 1 1 1 1 1 1 1 1 1 1 1 1 1 1 1 1 1 1 1 1 1 1 1 1 1 1
staticfield java/util/concurrent/ConcurrentHashMap serialPersistentFields [Ljava/io/ObjectStreamField; 3 [Ljava/io/ObjectStreamField;
staticfield java/util/concurrent/ConcurrentHashMap U Ljdk/internal/misc/Unsafe; jdk/internal/misc/Unsafe
staticfield java/util/concurrent/ConcurrentHashMap SIZECTL J 44
staticfield java/util/concurrent/ConcurrentHashMap TRANSFERINDEX J 56
staticfield java/util/concurrent/ConcurrentHashMap BASECOUNT J 48
staticfield java/util/concurrent/ConcurrentHashMap CELLSBUSY J 60
staticfield java/util/concurrent/ConcurrentHashMap CELLVALUE J 144
staticfield java/util/concurrent/ConcurrentHashMap ABASE J 16
staticfield java/util/concurrent/ConcurrentHashMap ASHIFT I 2
instanceKlass sun/font/AttributeMap
instanceKlass java/util/Collections$SingletonMap
instanceKlass java/util/TreeMap
instanceKlass java/util/concurrent/ConcurrentSkipListMap
instanceKlass java/util/IdentityHashMap
instanceKlass java/util/EnumMap
instanceKlass sun/awt/SoftCache
instanceKlass java/util/WeakHashMap
instanceKlass java/util/Collections$EmptyMap
instanceKlass sun/util/PreHashedMap
instanceKlass java/util/HashMap
instanceKlass java/util/ImmutableCollections$AbstractImmutableMap
instanceKlass java/util/concurrent/ConcurrentHashMap
ciInstanceKlass java/util/AbstractMap 1 1 198 10 7 12 1 1 1 10 7 12 1 1 1 11 7 12 1 1 1 10 11 12 1 1 11 7 12 1 1 1 11 12 1 1 7 1 11 12 1 10 12 1 1 11 12 1 100 1 10 11 12 1 11 7 1 10 12 1 1 11 12 1 9 12 1 1 100 1 10 12 1 9 12 1 1 7 1 10 11 11 12 1 1 11 12 1 100 1 100 1 11 12 1 8 1 100 1 10 10 12 1 1 8 1 10 12 1 10 12 1 1 10 12 1 1 1 1 1 1 1 1 1 1 1 1 1 1 1 1 1 1 1 1 1 1 1 1 1 1 1 1 1 1 1 1 1 1 1 1 1 1 1 1 100 1 1 1 1 1 1 1 100 1 1 1 1 1 1 1 1 1 100 1 1 1 1 1 1 1 1 1 100 1 100 1 100 1 100 1 100 1 1 1 1 1 1 1 1
ciMethod java/util/concurrent/ConcurrentHashMap remove (Ljava/lang/Object;)Ljava/lang/Object; 1024 0 523 0 -1
ciInstanceKlass java/util/concurrent/ConcurrentMap 1 1 201 11 100 12 1 1 1 10 100 12 1 1 11 12 1 1 11 100 12 1 1 1 11 100 12 1 1 1 11 12 1 1 100 1 11 12 1 11 12 1 100 1 11 100 12 1 1 1 18 12 1 11 12 1 1 11 100 12 1 1 11 12 1 1 11 100 12 1 11 12 1 1 11 12 1 1 100 1 100 1 1 1 1 1 1 1 1 1 1 1 1 1 1 1 1 1 1 1 1 1 1 1 1 1 1 1 1 1 1 1 1 1 1 1 1 1 1 1 1 1 1 1 1 1 1 1 1 1 1 1 1 1 1 1 1 1 1 1 1 16 15 11 12 15 10 100 12 1 1 1 1 1 100 1 100 1 1 1 100 1 8 1 1 12 10 1 8 1 1 1 8 1 8 1 1 8 1 1 1 8 1 1 1 8 1 1 8 1 8 1 1 1 8 1 1 8 1 1 1 8 1
ciInstanceKlass java/util/Collection 1 1 115 11 7 12 1 1 1 7 1 11 7 12 1 1 1 10 100 12 1 1 1 11 12 1 1 11 100 12 1 1 1 11 12 1 1 11 100 12 1 1 1 11 12 1 1 10 100 12 1 1 1 11 12 1 10 7 12 1 1 1 100 1 100 1 1 1 1 1 1 1 1 1 1 1 1 1 1 1 1 1 1 1 1 1 1 1 1 1 1 1 1 1 1 1 1 1 1 1 1 1 1 1 1 1 1 1 1 1 1 1 1 1 1 1 1
ciInstanceKlass java/util/Deque 1 1 100 10 100 12 1 1 1 11 100 12 1 1 1 100 1 100 1 100 1 1 1 1 1 1 1 1 1 1 1 1 1 1 1 1 1 1 1 1 1 1 1 1 1 1 1 1 1 1 1 1 1 1 1 1 1 1 1 1 1 1 1 1 1 1 1 1 1 1 1 1 1 100 1 8 1 1 12 10 1 1 1 8 1 1 1 8 1 1 1 8 1 1 8 1 1 8 1 1 8 1
instanceKlass jdk/internal/loader/NativeLibraries$CountedLock
instanceKlass java/util/concurrent/ConcurrentHashMap$Segment
ciInstanceKlass java/util/concurrent/locks/ReentrantLock 1 1 177 10 7 12 1 1 1 7 1 10 9 7 12 1 1 1 100 1 10 10 7 12 1 1 10 12 1 10 12 1 1 10 100 12 1 1 1 10 12 1 1 10 12 1 1 10 12 1 1 10 12 1 1 10 12 1 10 12 1 10 12 1 1 10 12 1 10 12 1 1 10 12 1 10 12 1 1 100 1 10 100 1 100 1 8 1 10 12 1 10 12 1 1 10 12 1 1 10 12 1 1 100 1 10 10 12 1 1 10 12 1 1 8 1 8 1 10 100 12 1 1 8 1 10 100 1 100 1 1 1 1 5 0 1 1 1 1 1 1 1 1 1 1 100 1 1 1 1 1 1 1 1 1 1 1 1 1 1 1 1 1 1 1 1 1 100 1 1 1 1 1 1 1 1 100 1 1
ciMethod java/util/concurrent/locks/ReentrantLock lock ()V 514 0 5811 0 -1
ciMethod java/util/concurrent/locks/ReentrantLock unlock ()V 4096 0 7905 0 -1
instanceKlass jdk/internal/loader/ClassLoaders$BootClassLoader
instanceKlass jdk/internal/loader/ClassLoaders$PlatformClassLoader
instanceKlass jdk/internal/loader/ClassLoaders$AppClassLoader
ciInstanceKlass jdk/internal/loader/BuiltinClassLoader 1 1 652 9 7 12 1 1 1 10 7 12 1 1 1 10 7 12 1 1 1 9 12 1 1 9 12 1 1 7 1 10 12 1 9 12 1 10 12 1 9 12 1 10 7 12 1 1 1 10 7 12 1 1 1 10 100 12 1 1 1 11 7 12 1 1 1 100 1 100 1 10 10 12 1 1 8 1 10 12 1 10 12 7 1 10 12 1 10 12 1 1 11 100 12 1 1 1 11 7 12 1 1 1 11 12 1 1 7 1 8 1 8 1 10 9 12 1 1 10 7 12 1 1 11 12 1 1 10 12 1 1 10 12 1 1 10 12 1 1 11 7 12 1 1 1 10 7 12 1 1 7 1 10 100 12 1 1 1 10 7 12 1 1 1 10 12 1 10 12 1 100 1 8 1 10 12 1 1 10 8 1 10 12 1 1 10 12 1 1 10 12 1 1 11 7 12 1 1 11 12 1 7 1 10 11 12 1 1 11 10 12 1 1 7 1 10 12 1 10 7 12 1 10 12 1 11 12 1 1 11 7 1 11 12 1 100 1 10 12 1 1 100 1 100 1 11 12 1 1 10 12 1 10 12 10 12 1 10 7 12 1 1 1 7 1 10 10 12 1 1 10 12 1 1 10 12 1 1 10 12 1 9 12 1 1 100 1 10 10 12 1 1 10 12 1 1 10 12 1 10 12 10 12 1 1 10 12 1 1 10 12 1 1 10 12 1 10 12 1 1 10 12 1 1 10 12 1 10 12 1 1 10 12 1 7 1 10 12 10 7 12 1 1 1 10 12 1 11 12 1 7 1 10 12 1 7 1 100 1 10 12 1 10 12 1 11 12 1 1 10 12 1 1 10 12 1 1 10 12 1 1 10 12 1 1 10 12 1 10 12 1 10 12 1 10 12 1 8 1 10 12 1 1 10 7 12 1 1 10 12 1 100 1 8 1 8 1 10 10 12 1 8 1 8 1 10 7 12 1 1 1 11 7 12 1 1 1 9 7 12 1 1 1 10 7 12 1 1 1 9 12 1 9 12 1 9 12 1 9 12 1 9 12 1 9 12 1 10 7 12 1 1 1 8 1 10 12 1 7 1 10 11 12 1 1 10 12 10 12 1 10 12 1 100 1 10 12 1 10 12 1 11 11 12 1 10 7 12 1 1 10 7 12 1 1 8 1 10 7 12 1 1 10 12 1 1 1 1 1 1 1 1 1 1 1 1 1 1 1 1 1 1 1 1 1 1 1 1 1 1 1 1 1 1 1 1 1 1 1 1 1 1 1 1 1 1 1 1 1 1 1 1 1 1 1 1 1 1 1 100 1 1 1 1 1 1 1 1 1 1 1 1 1 100 1 100 1 1 1 1 1 1 1 1 1 1 1 1 1 1 1 1 1 1 1 1 1 1 1 1 1 1 1 1 1 1 1 1 1 1 1 1 1 1 1 1 1 1 1 1 1 1 1 100 1 1 1 100 1 1 1 1 1
staticfield jdk/internal/loader/BuiltinClassLoader packageToModule Ljava/util/Map; java/util/concurrent/ConcurrentHashMap
staticfield jdk/internal/loader/BuiltinClassLoader $assertionsDisabled Z 1
ciInstanceKlass jdk/internal/loader/ClassLoaders$AppClassLoader 1 1 57 8 1 10 7 12 1 1 1 10 100 12 1 1 1 10 12 1 1 10 7 12 1 1 1 100 1 10 12 1 1 1 1 1 1 1 1 1 1 1 1 1 1 1 1 1 1 1 1 1 1 1 1 100 1 1 1
ciInstanceKlass jdk/internal/loader/ClassLoaders$PlatformClassLoader 1 1 42 8 1 10 7 12 1 1 1 10 7 12 1 1 1 100 1 10 12 1 100 1 1 1 1 1 1 1 1 1 1 1 1 1 1 100 1 1 1 100 1 1
ciInstanceKlass java/lang/ArithmeticException 1 1 26 10 100 12 1 1 1 10 12 1 100 1 1 1 1 5 0 1 1 1 1 1 1 1 1 1
instanceKlass java/lang/CloneNotSupportedException
instanceKlass sun/security/pkcs11/wrapper/PKCS11Exception
instanceKlass javax/swing/text/BadLocationException
instanceKlass java/security/PrivilegedActionException
instanceKlass javax/security/auth/callback/UnsupportedCallbackException
instanceKlass java/net/URISyntaxException
instanceKlass javax/naming/NamingException
instanceKlass java/lang/InterruptedException
instanceKlass java/security/GeneralSecurityException
instanceKlass java/sql/SQLException
instanceKlass java/io/IOException
instanceKlass java/lang/ReflectiveOperationException
instanceKlass java/lang/RuntimeException
ciInstanceKlass java/lang/Exception 1 1 40 10 7 12 1 1 1 10 12 1 10 12 1 10 12 1 10 12 1 100 1 1 1 1 5 0 1 1 1 1 1 1 1 1 1 1 1 1 1 1
instanceKlass java/nio/BufferOverflowException
instanceKlass java/util/concurrent/StructureViolationException
instanceKlass sun/net/httpserver/HttpError
instanceKlass java/security/ProviderException
instanceKlass java/time/DateTimeException
instanceKlass java/util/NoSuchElementException
instanceKlass java/lang/UnsupportedOperationException
instanceKlass java/util/MissingResourceException
instanceKlass com/mysql/cj/exceptions/CJException
instanceKlass java/lang/SecurityException
instanceKlass java/lang/WrongThreadException
instanceKlass java/lang/IllegalStateException
instanceKlass java/lang/IllegalArgumentException
instanceKlass java/lang/IndexOutOfBoundsException
instanceKlass java/lang/ArithmeticException
instanceKlass java/lang/NullPointerException
instanceKlass java/lang/IllegalCallerException
instanceKlass java/lang/IllegalMonitorStateException
instanceKlass java/lang/ArrayStoreException
instanceKlass java/lang/ClassCastException
ciInstanceKlass java/lang/RuntimeException 1 1 40 10 100 12 1 1 1 10 12 1 10 12 1 10 12 1 10 12 1 100 1 1 1 1 5 0 1 1 1 1 1 1 1 1 1 1 1 1 1 1
ciInstanceKlass java/lang/ArrayIndexOutOfBoundsException 1 1 45 10 100 12 1 1 1 10 12 1 100 1 10 8 1 10 12 1 1 10 12 1 10 12 1 1 100 1 1 1 1 5 0 1 1 1 1 1 1 1 1 1 1 1 1
ciInstanceKlass java/lang/ArrayStoreException 1 1 26 10 100 12 1 1 1 10 12 1 100 1 1 1 1 5 0 1 1 1 1 1 1 1 1 1
ciInstanceKlass java/lang/ClassCastException 1 1 26 10 100 12 1 1 1 10 12 1 100 1 1 1 1 5 0 1 1 1 1 1 1 1 1 1
ciInstanceKlass java/lang/ClassNotFoundException 1 1 96 7 1 10 7 12 1 1 1 10 12 1 10 12 1 1 10 100 12 1 1 1 8 1 10 100 12 1 1 1 10 7 12 1 1 10 100 12 1 1 1 10 100 12 1 1 1 10 12 1 1 7 1 10 12 1 9 12 1 1 1 1 1 5 0 1 1 1 1 1 1 1 1 1 1 1 1 1 1 1 1 1 1 100 1 1 1 1 1 1 1 1 1 1 1 1
staticfield java/lang/ClassNotFoundException serialPersistentFields [Ljava/io/ObjectStreamField; 1 [Ljava/io/ObjectStreamField;
instanceKlass java/lang/reflect/InvocationTargetException
instanceKlass java/lang/IllegalAccessException
instanceKlass java/lang/InstantiationException
instanceKlass java/lang/NoSuchFieldException
instanceKlass java/lang/NoSuchMethodException
instanceKlass java/lang/ClassNotFoundException
ciInstanceKlass java/lang/ReflectiveOperationException 1 1 34 10 7 12 1 1 1 10 12 1 10 12 1 10 12 1 100 1 1 1 1 5 0 1 1 1 1 1 1 1 1 1 1 1
ciInstanceKlass java/lang/IllegalCallerException 0 0 35 10 100 12 1 1 1 10 12 1 10 12 1 10 12 1 100 1 1 1 1 5 0 1 1 1 1 1 1 1 1 1 1 1 1
ciInstanceKlass java/lang/IllegalMonitorStateException 1 1 26 10 100 12 1 1 1 10 12 1 100 1 1 1 1 5 0 1 1 1 1 1 1 1 1 1
ciInstanceKlass java/lang/BootstrapMethodError 0 0 45 10 100 12 1 1 1 10 12 1 10 12 1 10 100 12 1 1 1 10 100 12 1 1 1 1 1 1 5 0 1 1 1 1 1 1 1 1 1 1 1 100 1 1 1
instanceKlass java/util/ServiceConfigurationError
instanceKlass java/lang/AssertionError
instanceKlass jdk/internal/misc/ScopedMemoryAccess$ScopedAccessError
instanceKlass java/lang/VirtualMachineError
instanceKlass java/lang/LinkageError
ciInstanceKlass java/lang/Error 1 1 58 10 7 12 1 1 1 9 12 1 1 10 100 12 1 1 1 10 100 12 1 1 1 10 12 1 10 12 1 10 12 1 10 12 1 100 1 1 1 1 5 0 1 1 1 1 1 1 1 1 100 1 1 1 1 1 1 1
instanceKlass java/lang/IncompatibleClassChangeError
instanceKlass java/lang/BootstrapMethodError
instanceKlass java/lang/NoClassDefFoundError
ciInstanceKlass java/lang/LinkageError 1 1 31 10 7 12 1 1 1 10 12 1 10 12 1 100 1 1 1 1 5 0 1 1 1 1 1 1 1 1 1 1 1
ciInstanceKlass java/lang/NullPointerException 1 1 52 10 100 12 1 1 1 10 12 1 9 100 12 1 1 1 10 12 1 1 9 12 1 1 10 12 1 1 10 12 1 1 1 1 5 0 1 1 1 1 1 1 1 1 100 1 100 1 100 1 1 1
ciInstanceKlass java/lang/InternalError 1 1 34 10 100 12 1 1 1 10 12 1 10 12 1 10 12 1 100 1 1 1 1 5 0 1 1 1 1 1 1 1 1 1 1 1
instanceKlass java/lang/StackOverflowError
instanceKlass java/lang/OutOfMemoryError
instanceKlass java/lang/InternalError
ciInstanceKlass java/lang/VirtualMachineError 1 1 34 10 100 12 1 1 1 10 12 1 10 12 1 10 12 1 100 1 1 1 1 5 0 1 1 1 1 1 1 1 1 1 1 1
ciInstanceKlass java/lang/NoClassDefFoundError 0 0 26 10 100 12 1 1 1 10 12 1 100 1 1 1 1 5 0 1 1 1 1 1 1 1 1 1
ciInstanceKlass java/lang/OutOfMemoryError 1 1 26 10 100 12 1 1 1 10 12 1 100 1 1 1 1 5 0 1 1 1 1 1 1 1 1 1
ciInstanceKlass java/lang/StackOverflowError 1 1 26 10 100 12 1 1 1 10 12 1 100 1 1 1 1 5 0 1 1 1 1 1 1 1 1 1
ciInstanceKlass java/lang/StackTraceElement 0 0 235 10 100 12 1 1 1 10 100 12 1 1 9 12 1 1 9 12 1 1 9 12 1 9 12 1 8 1 10 100 12 1 1 1 100 1 9 12 1 8 1 9 12 1 9 12 1 9 12 1 1 10 12 1 1 10 12 1 8 1 10 100 12 1 1 1 100 1 10 12 1 10 12 1 1 10 12 1 10 12 1 1 10 12 1 10 12 1 10 10 12 1 8 1 10 12 1 10 12 1 1 10 12 1 1 10 12 1 10 12 1 10 12 1 9 12 1 1 10 100 12 1 1 1 10 12 1 1 100 1 10 12 1 1 10 100 12 1 1 10 100 12 1 1 1 10 100 12 1 1 10 100 12 1 1 10 10 12 1 1 10 12 1 1 10 12 1 1 10 12 1 100 1 1 1 1 1 1 1 3 1 3 1 1 5 0 1 1 1 1 1 1 1 1 1 1 1 1 1 1 1 1 1 1 1 1 1 1 1 1 1 1 1 1 1 100 1 100 1 1 1 1 1 1 1 100 1 1 1 1 1 1 1 1 1
instanceKlass java/util/concurrent/locks/AbstractQueuedLongSynchronizer
instanceKlass java/util/concurrent/locks/AbstractQueuedSynchronizer
ciInstanceKlass java/util/concurrent/locks/AbstractOwnableSynchronizer 1 1 32 10 7 12 1 1 1 9 7 12 1 1 1 100 1 1 1 1 5 0 1 1 1 1 1 1 1 1 1 1 1 1
ciInstanceKlass jdk/internal/vm/Continuation 1 1 551 9 7 12 1 1 1 9 12 1 9 12 1 9 12 1 100 1 100 1 10 12 1 1 8 1 10 12 1 1 10 12 1 10 12 1 1 10 12 1 9 7 12 1 1 1 11 100 12 1 1 1 10 100 1 9 12 1 1 9 12 1 1 10 8 1 10 12 1 9 12 1 1 10 11 12 1 1 100 1 10 100 12 1 1 1 10 12 1 1 10 12 1 10 12 1 1 11 12 1 1 9 12 1 1 10 12 1 1 18 12 1 1 10 100 12 1 1 1 100 1 10 12 1 11 100 12 1 1 1 10 12 1 9 12 1 10 12 1 1 100 1 8 1 10 12 1 10 12 1 1 9 12 1 1 11 12 1 1 9 12 1 1 8 1 10 11 12 1 1 11 12 1 1 10 12 1 1 10 12 1 1 9 12 1 10 12 1 10 10 12 1 8 1 10 12 1 8 1 8 1 10 7 12 1 1 1 10 100 12 1 1 1 10 12 1 9 12 1 11 12 1 100 1 10 12 1 10 12 1 1 9 12 1 1 100 1 10 12 1 1 9 12 1 1 10 12 1 10 12 1 11 100 12 1 1 10 7 1 10 12 1 8 1 10 12 1 1 9 12 1 1 10 7 12 1 1 8 1 8 1 8 1 8 1 10 12 1 1 10 12 1 10 12 1 10 12 1 10 12 1 1 10 12 1 1 8 1 9 12 1 10 12 1 1 9 12 1 1 10 12 1 1 9 12 1 8 1 10 100 12 1 1 1 10 12 1 8 1 100 1 8 1 10 9 12 1 1 8 1 10 100 12 1 1 10 100 12 1 1 8 1 8 1 10 12 10 12 1 1 10 100 1 10 100 12 1 1 1 18 11 100 12 1 1 1 18 12 1 11 12 1 1 100 1 10 7 12 1 1 10 12 1 1 8 10 12 1 1 10 7 12 1 1 1 10 7 12 1 1 10 12 1 8 1 10 12 1 100 1 100 1 10 12 1 1 1 1 1 1 1 1 1 1 1 1 1 1 1 1 1 1 1 1 1 1 1 1 1 1 1 1 1 1 1 1 1 1 1 1 1 1 1 1 1 1 1 1 1 1 1 1 1 1 1 1 1 1 1 1 1 1 1 1 1 1 1 1 1 1 1 1 1 1 1 1 1 1 1 1 100 1 1 16 1 15 10 12 16 15 11 100 12 1 1 1 16 1 16 1 15 10 12 16 15 10 100 12 1 1 1 1 1 1 1 1 100 1 100 1 1
staticfield jdk/internal/vm/Continuation U Ljdk/internal/misc/Unsafe; jdk/internal/misc/Unsafe
staticfield jdk/internal/vm/Continuation MOUNTED_OFFSET J 13
staticfield jdk/internal/vm/Continuation PRESERVE_SCOPED_VALUE_CACHE Z 1
staticfield jdk/internal/vm/Continuation JLA Ljdk/internal/access/JavaLangAccess; java/lang/System$1
staticfield jdk/internal/vm/Continuation $assertionsDisabled Z 1
ciInstanceKlass jdk/internal/misc/UnsafeConstants 1 1 34 10 100 12 1 1 1 9 7 12 1 1 1 9 12 1 9 12 1 1 9 12 1 9 12 1 1 1 1 1 1 1 1 1
staticfield jdk/internal/misc/UnsafeConstants ADDRESS_SIZE0 I 8
staticfield jdk/internal/misc/UnsafeConstants PAGE_SIZE I 4096
staticfield jdk/internal/misc/UnsafeConstants BIG_ENDIAN Z 0
staticfield jdk/internal/misc/UnsafeConstants UNALIGNED_ACCESS Z 1
staticfield jdk/internal/misc/UnsafeConstants DATA_CACHE_LINE_FLUSH_SIZE I 0
ciInstanceKlass java/lang/invoke/MethodHandleImpl 1 1 1424 10 7 12 1 1 1 7 1 10 100 12 1 1 1 10 7 12 1 1 1 100 1 10 8 1 10 12 1 1 10 12 1 10 12 1 1 10 7 12 1 1 1 9 7 12 1 1 1 10 100 12 1 1 1 100 1 10 12 1 1 10 12 1 1 10 12 1 1 10 7 12 1 1 1 9 7 12 1 1 1 10 7 12 1 1 1 100 1 10 9 12 1 1 9 12 1 10 12 1 1 10 12 1 10 12 1 1 10 12 1 1 10 12 1 1 8 1 8 1 10 12 1 1 10 12 1 1 10 12 1 1 10 12 1 1 10 12 1 10 12 1 1 10 7 12 1 1 1 10 12 1 7 1 10 7 12 1 1 1 10 12 1 1 10 12 1 1 11 7 12 1 1 1 11 7 12 1 1 11 12 1 1 7 1 11 12 1 10 12 1 1 10 12 1 1 11 12 1 10 7 12 1 1 10 12 1 1 10 7 12 1 1 10 12 1 10 12 1 1 10 7 12 1 1 1 10 7 12 1 1 1 10 12 1 1 10 12 1 1 9 7 12 1 1 1 10 10 12 1 1 10 12 1 1 10 10 12 1 1 10 12 1 1 10 7 12 1 1 1 10 12 1 1 10 12 1 10 12 1 10 7 12 1 1 1 10 7 12 1 1 1 10 12 1 1 10 12 1 10 12 1 10 12 1 10 12 1 1 10 12 1 10 12 1 1 10 12 1 10 12 1 8 1 100 1 10 12 1 10 12 1 1 10 12 1 10 12 1 1 10 12 1 1 7 1 10 12 1 100 1 8 1 10 12 1 10 7 12 1 1 1 8 1 10 12 1 10 100 12 1 1 1 100 1 9 100 1 10 12 1 1 10 12 1 1 9 12 1 10 12 1 1 10 7 12 1 1 10 12 1 1 10 12 1 1 10 12 1 10 12 1 7 1 10 12 1 1 9 12 1 1 10 12 1 9 100 12 1 1 1 11 100 12 1 1 7 1 9 12 1 100 1 10 12 1 10 12 1 1 7 1 10 12 1 1 10 12 1 1 10 7 12 1 1 1 10 12 1 1 10 12 1 10 12 1 1 10 12 1 10 12 1 1 10 12 1 7 1 9 7 12 1 1 1 10 12 1 10 12 1 9 7 12 1 1 1 10 12 1 1 10 12 1 1 10 12 1 10 7 12 1 1 10 7 12 1 1 1 9 12 1 10 12 1 9 12 10 12 1 10 12 1 10 12 1 10 12 1 1 10 12 1 10 12 1 1 10 12 1 10 12 1 1 10 12 1 1 10 12 1 1 10 12 1 10 12 1 10 12 1 1 10 12 1 10 7 12 1 1 10 12 1 10 100 12 1 1 8 1 10 8 1 100 1 10 9 12 1 100 1 10 12 1 8 1 10 10 12 1 10 10 12 1 1 10 12 1 1 10 12 1 10 12 1 100 1 8 1 10 12 1 10 100 12 1 1 1 10 12 1 1 10 12 1 10 12 1 7 1 10 12 1 10 12 1 10 12 1 1 7 1 10 12 1 10 100 12 1 1 10 12 1 9 12 1 10 12 1 1 10 12 1 1 100 1 10 10 12 1 8 1 8 1 9 12 1 8 1 8 1 8 1 9 12 1 10 12 1 1 9 12 1 1 10 12 1 8 1 9 7 1 10 12 1 1 10 12 1 8 1 8 1 8 1 100 1 100 1 8 8 1 8 1 100 1 8 1 100 1 10 12 1 7 1 10 10 7 12 1 1 1 10 12 1 10 12 10 12 1 10 12 1 11 100 12 1 1 1 18 12 1 11 100 12 1 1 1 18 18 12 1 11 12 1 1 10 12 1 1 10 12 1 10 12 1 11 12 1 9 12 1 9 12 10 10 12 1 1 9 12 1 1 11 12 1 1 18 12 1 1 11 12 1 1 11 12 1 1 10 12 1 11 100 1 10 12 1 10 12 1 10 12 1 9 12 1 9 12 10 12 1 10 7 12 1 1 1 10 12 1 10 12 1 1 10 12 1 10 12 9 12 1 1 10 12 1 10 12 1 1 9 12 1 9 12 1 10 12 1 10 12 1 1 10 12 1 100 1 10 12 1 9 12 1 1 11 100 1 9 12 1 9 12 11 12 1 9 12 1 10 12 10 12 1 1 10 12 1 1 9 7 12 1 1 10 12 1 10 12 1 10 12 1 1 7 1 10 12 1 10 12 1 1 100 1 10 12 1 1 10 12 1 1 100 1 10 12 1 1 10 12 1 1 10 12 1 10 12 1 10 12 1 9 12 1 10 12 1 10 12 1 1 9 7 12 1 1 1 8 10 12 1 1 8 1 10 12 1 8 1 8 1 8 1 8 1 8 1 8 1 7 1 8 1 8 1 10 12 1 9 12 1 10 12 1 1 1 1 1 3 1 1 3 1 3 1 3 1 3 1 3 1 3 1 3 1 3 1 1 1 1 1 1 1 1 1 3 1 3 1 1 1 1 1 1 1 1 1 1 1 1 1 1 1 1 1 1 1 1 1 1 1 1 1 1 1 1 1 1 1 1 1 1 1 1 1 1 1 1 1 1 1 1 1 1 1 1 1 1 1 1 1 1 1 1 1 1 1 1 1 1 1 1 1 1 1 1 1 1 1 1 1 1 1 1 1 1 1 1 1 1 1 1 1 1 1 1 1 1 1 1 1 1 1 1 1 1 1 1 1 1 1 100 1 1 1 1 1 1 1 1 1 1 1 1 1 1 1 1 1 1 1 1 1 1 1 1 1 1 1 1 1 1 1 1 1 1 1 1 1 1 1 1 1 1 1 1 1 1 1 1 1 1 1 1 1 1 1 1 1 1 1 1 1 1 1 1 1 1 1 1 1 1 1 1 1 1 1 1 1 1 1 1 1 1 1 1 1 1 1 1 1 1 1 1 1 1 1 1 1 1 1 1 1 1 1 1 1 1 1 1 1 1 1 1 1 1 1 1 1 1 1 1 1 1 1 1 1 1 1 1 1 1 1 1 1 1 1 1 1 1 1 1 1 1 1 1 1 1 1 1 1 1 1 1 1 1 1 1 1 1 1 1 1 1 1 1 1 1 1 1 1 100 1 100 1 100 1 100 1 100 1 100 1 100 1 1 16 15 10 12 16 15 16 16 1 15 10 12 16 16 15 10 12 16 15 10 100 12 1 1 1 1 1 1 1 1 1 1 1 1 1 1 1 1 1 1 1 1 1 1 1 1
staticfield java/lang/invoke/MethodHandleImpl ARRAYS [Ljava/lang/invoke/MethodHandle; 256 [Ljava/lang/invoke/MethodHandle;
staticfield java/lang/invoke/MethodHandleImpl NFS [Ljava/lang/invoke/LambdaForm$NamedFunction; 7 [Ljava/lang/invoke/LambdaForm$NamedFunction;
staticfield java/lang/invoke/MethodHandleImpl HANDLES [Ljava/lang/invoke/MethodHandle; 9 [Ljava/lang/invoke/MethodHandle;
staticfield java/lang/invoke/MethodHandleImpl $assertionsDisabled Z 1
instanceKlass java/lang/invoke/NativeMethodHandle
instanceKlass java/lang/invoke/DelegatingMethodHandle
instanceKlass java/lang/invoke/BoundMethodHandle
instanceKlass java/lang/invoke/DirectMethodHandle
ciInstanceKlass java/lang/invoke/MethodHandle 1 1 734 100 1 9 7 12 1 1 1 10 7 12 1 1 1 10 7 12 1 1 1 7 1 7 1 10 12 1 1 9 12 1 1 10 12 1 10 12 1 1 10 12 1 1 10 100 12 1 1 1 10 12 1 1 10 12 1 1 11 100 12 1 1 1 10 12 1 1 10 12 1 10 12 1 9 12 1 1 9 12 1 1 10 100 12 1 1 1 10 12 1 10 12 1 1 10 12 1 10 12 1 100 1 100 1 10 8 1 10 12 1 1 10 12 1 8 1 10 12 1 1 10 12 1 10 7 12 1 1 1 10 12 1 1 10 12 1 1 10 12 1 1 10 7 12 1 1 1 10 12 1 1 10 12 1 1 10 12 1 10 12 1 1 10 100 12 1 1 10 7 12 1 1 10 12 1 10 12 1 10 12 1 1 10 12 1 1 10 12 1 1 10 12 1 1 10 7 12 1 1 1 10 100 12 1 1 1 10 12 1 1 10 12 1 1 10 12 1 1 8 1 10 7 12 1 1 1 8 1 10 12 1 10 12 1 1 10 12 1 1 10 12 1 8 1 10 12 1 1 8 1 10 12 1 8 1 10 100 12 1 1 1 9 12 1 1 100 1 10 9 100 12 1 1 1 9 100 1 8 1 10 12 1 1 10 12 1 10 12 1 1 10 12 1 10 12 1 1 10 12 1 10 12 1 1 10 12 1 10 12 1 1 10 12 1 1 8 1 10 12 1 1 8 1 10 12 1 10 12 1 1 10 12 1 10 12 1 10 12 1 1 9 100 12 1 1 1 10 12 1 1 11 12 1 10 12 1 10 12 1 1 10 100 12 1 1 100 1 11 12 1 10 100 1 11 12 1 100 1 10 12 1 11 12 1 9 100 12 1 1 1 11 12 1 1 11 100 12 1 1 1 10 12 1 1 9 12 1 11 12 1 9 12 1 9 12 1 9 12 1 11 12 1 1 9 12 1 9 12 1 9 12 1 9 12 1 9 12 1 9 12 1 9 12 1 8 1 10 12 1 10 12 1 8 1 10 12 1 10 12 1 10 12 1 1 10 10 10 7 12 1 1 10 12 1 1 100 1 100 1 8 1 8 1 10 10 12 1 1 10 12 1 10 12 1 100 1 10 100 12 1 1 1 10 9 7 12 1 1 1 10 12 1 1 10 12 1 1 8 1 8 1 10 100 12 1 1 9 12 1 9 12 1 1 9 12 1 1 10 12 1 7 1 10 12 1 10 12 1 1 9 12 1 1 9 12 1 1 10 7 12 1 1 1 11 7 12 1 1 9 12 1 10 12 1 1 9 12 1 10 12 1 8 10 12 1 1 8 1 1 1 1 1 1 1 1 100 1 1 1 1 1 1 1 1 1 1 1 1 1 1 1 1 1 1 1 1 1 1 1 1 1 1 1 1 1 1 1 1 100 1 1 1 1 1 1 1 1 1 1 1 1 1 1 1 1 1 1 1 1 1 1 1 1 1 1 1 1 1 1 1 1 1 1 1 1 1 1 1 1 1 1 1 1 1 1 1 1 1 1 1 1 1 1 1 1 1 1 1 1 1 1 1 1 1 1 1 1 1 1 1 1 1 1 1 1 1 1 1 1 1 1 1 1 1 1 100 1 1 100 1 100 1 100 1 1 100 1 1 100 1 1 1 1
staticfield java/lang/invoke/MethodHandle FORM_OFFSET J 20
staticfield java/lang/invoke/MethodHandle UPDATE_OFFSET J 13
staticfield java/lang/invoke/MethodHandle $assertionsDisabled Z 1
ciInstanceKlass java/lang/invoke/MethodType 1 1 724 7 1 10 7 12 1 1 1 9 12 1 1 9 12 1 1 9 12 1 1 10 7 12 1 1 1 9 7 12 1 1 8 1 10 100 12 1 1 1 9 7 1 9 7 1 10 12 1 1 100 1 10 8 1 10 12 1 1 10 12 1 10 12 1 1 100 1 8 1 10 12 1 100 1 10 10 12 1 10 12 1 1 10 12 1 1 11 7 12 1 1 1 9 12 1 11 12 1 1 7 10 12 1 1 10 12 1 1 7 1 7 1 10 7 12 1 1 1 10 12 1 10 12 1 9 12 1 1 10 7 12 1 1 10 12 1 1 10 7 12 1 1 1 10 7 12 1 1 1 10 12 1 9 12 1 1 10 12 1 1 10 12 1 1 10 12 1 1 10 12 1 1 10 12 1 1 10 12 1 10 12 1 10 12 1 1 10 12 1 8 1 8 1 10 12 1 1 9 12 1 1 100 1 10 10 12 1 1 10 12 1 10 12 1 1 10 12 1 1 10 12 1 10 12 1 10 12 1 8 1 10 12 1 1 10 100 12 1 1 1 10 12 1 10 12 1 1 10 12 1 10 12 1 10 12 1 1 10 12 1 10 12 1 9 12 1 10 12 1 10 10 12 1 1 10 12 1 9 12 1 1 10 12 1 1 11 12 1 1 10 12 1 1 10 12 1 10 12 1 100 1 8 1 8 1 8 1 10 12 1 10 12 1 10 12 1 1 10 10 12 1 11 12 1 1 11 12 1 10 100 12 1 1 1 9 12 1 10 12 1 10 12 1 1 10 12 1 1 10 12 1 10 12 1 10 100 12 1 1 1 10 12 1 1 10 12 1 10 12 1 10 12 1 10 9 12 1 1 7 1 10 12 1 10 100 12 1 1 1 10 12 1 1 10 100 12 1 1 1 10 12 1 1 8 1 10 100 12 1 1 1 11 12 1 1 9 12 1 1 10 12 1 1 10 12 1 10 12 1 1 10 12 1 1 10 100 12 1 1 10 12 1 10 12 100 1 11 100 12 1 1 10 12 1 11 12 1 10 100 12 1 1 10 12 1 1 10 12 1 1 9 12 1 1 9 100 12 1 1 1 10 100 12 1 1 1 9 12 1 10 100 12 1 1 10 12 1 100 10 12 1 10 12 1 1 10 12 1 7 1 10 10 12 1 1 7 1 7 1 9 12 1 1 100 1 100 1 100 1 1 1 5 0 1 1 1 1 1 1 1 3 1 3 1 3 1 1 1 1 1 1 1 1 1 1 1 1 1 1 1 1 1 1 1 1 1 1 1 1 1 1 1 1 1 1 1 1 1 1 1 1 1 1 1 1 1 1 1 1 1 1 1 1 1 1 1 1 1 1 1 1 1 1 1 1 1 1 1 1 1 1 1 1 1 1 1 1 1 1 1 1 1 1 1 1 1 1 1 1 1 1 1 1 1 1 1 1 1 1 1 1 1 1 1 1 1 1 1 1 1 1 1 1 1 1 1 1 1 1 1 1 1 1 1 1 1 1 1 1 1 1 1 1 100 1 100 1 1 1 1 1 1 1 1 1 1 1 1 1 100 1 1 1 1 100 1 1 1 100 1 1 1 1 1 1 1 1 1 1 1 1 1 1 1 1 1 1 100 1 1 100 1 1
staticfield java/lang/invoke/MethodType internTable Ljdk/internal/util/ReferencedKeySet; jdk/internal/util/ReferencedKeySet
staticfield java/lang/invoke/MethodType NO_PTYPES [Ljava/lang/Class; 0 [Ljava/lang/Class;
staticfield java/lang/invoke/MethodType objectOnlyTypes [Ljava/lang/invoke/MethodType; 20 [Ljava/lang/invoke/MethodType;
staticfield java/lang/invoke/MethodType METHOD_HANDLE_ARRAY [Ljava/lang/Class; 1 [Ljava/lang/Class;
staticfield java/lang/invoke/MethodType serialPersistentFields [Ljava/io/ObjectStreamField; 0 [Ljava/io/ObjectStreamField;
staticfield java/lang/invoke/MethodType $assertionsDisabled Z 1
ciInstanceKlass java/lang/invoke/TypeDescriptor$OfMethod 1 0 43 100 1 100 1 100 1 1 1 1 1 1 1 1 1 1 1 1 1 1 1 1 1 1 1 1 1 1 1 1 1 1 1 1 1 1 1 1 1 1 100 1 1
instanceKlass java/time/DayOfWeek
instanceKlass java/math/RoundingMode
instanceKlass model/TransactionType
instanceKlass sun/net/httpserver/HttpConnection$State
instanceKlass java/util/Comparators$NaturalOrderComparator
instanceKlass java/lang/invoke/MethodHandleImpl$ArrayAccess
instanceKlass jdk/internal/foreign/abi/Binding$Cast
instanceKlass jdk/internal/foreign/abi/x64/windows/TypeClass
instanceKlass jdk/internal/foreign/abi/LinkerOptions$Critical
instanceKlass jdk/internal/foreign/abi/StubLocations
instanceKlass java/lang/invoke/MethodHandles$Lookup$ClassOption
instanceKlass java/lang/reflect/AccessFlag$Location
instanceKlass java/lang/reflect/AccessFlag
instanceKlass java/lang/classfile/ClassFile$StackMapsOption
instanceKlass java/lang/classfile/attribute/StackMapFrameInfo$SimpleVerificationTypeInfo
instanceKlass jdk/internal/foreign/SystemLookup$WindowsFallbackSymbols
instanceKlass java/nio/file/AccessMode
instanceKlass jdk/internal/foreign/CABI
instanceKlass jdk/internal/icu/util/CodePointTrie$Type
instanceKlass jdk/internal/icu/util/CodePointTrie$ValueWidth
instanceKlass java/time/format/TextStyle
instanceKlass java/time/format/ResolverStyle
instanceKlass java/time/format/SignStyle
instanceKlass java/time/format/DateTimeFormatterBuilder$SettingsParser
instanceKlass java/time/temporal/JulianFields$Field
instanceKlass java/time/temporal/IsoFields$Unit
instanceKlass java/time/temporal/IsoFields$Field
instanceKlass java/time/temporal/ChronoUnit
instanceKlass java/time/temporal/ChronoField
instanceKlass sun/util/locale/provider/LocaleProviderAdapter$Type
instanceKlass com/mysql/cj/PlaceholderPurpose
instanceKlass com/mysql/cj/QueryReturnType
instanceKlass com/mysql/cj/Query$CancelStatus
instanceKlass com/mysql/cj/MysqlType
instanceKlass com/mysql/cj/protocol/a/authentication/AuthenticationWebAuthnClient$AuthStage
instanceKlass com/mysql/cj/protocol/a/authentication/CachingSha2PasswordPlugin$AuthStage
instanceKlass com/mysql/cj/protocol/a/NativeConstants$StringSelfDataType
instanceKlass com/mysql/cj/protocol/a/NativeConstants$StringLengthDataType
instanceKlass com/mysql/cj/protocol/a/NativeConstants$IntegerDataType
instanceKlass java/net/Proxy$Type
instanceKlass java/net/StandardProtocolFamily
instanceKlass com/mysql/cj/telemetry/TelemetryAttribute
instanceKlass com/mysql/cj/telemetry/TelemetrySpanName
instanceKlass com/mysql/cj/protocol/Resultset$Concurrency
instanceKlass com/mysql/cj/protocol/Resultset$Type
instanceKlass com/mysql/cj/conf/PropertyDefinitions$Compression
instanceKlass com/mysql/cj/conf/PropertyDefinitions$AuthMech
instanceKlass com/mysql/cj/conf/PropertyDefinitions$XdevapiSslMode
instanceKlass com/mysql/cj/conf/PropertyDefinitions$OpenTelemetry
instanceKlass com/mysql/cj/conf/PropertyDefinitions$ZeroDatetimeBehavior
instanceKlass com/mysql/cj/conf/PropertyDefinitions$SslMode
instanceKlass com/mysql/cj/conf/PropertyDefinitions$DatabaseTerm
instanceKlass com/mysql/cj/util/SearchMode
instanceKlass com/mysql/cj/conf/PropertyKey
instanceKlass com/mysql/cj/conf/ConnectionUrl$HostsCardinality
instanceKlass com/mysql/cj/conf/ConnectionUrl$Type
instanceKlass java/util/regex/Pattern$Qtype
instanceKlass java/security/DrbgParameters$Capability
instanceKlass java/util/Locale$Category
instanceKlass sun/security/util/KnownOIDs
instanceKlass java/security/Security$SecPropLoader$LoadingMode
instanceKlass java/awt/event/FocusEvent$Cause
instanceKlass java/awt/Dialog$ModalityType
instanceKlass javax/swing/text/PlainView$FPMethodArgs
instanceKlass javax/swing/ClientPropertyKey
instanceKlass com/sun/java/swing/plaf/windows/TMSchema$TypeEnum
instanceKlass javax/swing/DropMode
instanceKlass com/sun/beans/util/Cache$Kind
instanceKlass java/util/stream/MatchOps$MatchKind
instanceKlass jdk/internal/foreign/layout/AbstractGroupLayout$Kind
instanceKlass java/awt/Component$BaselineResizeBehavior
instanceKlass java/awt/Dialog$ModalExclusionType
instanceKlass java/util/stream/Collector$Characteristics
instanceKlass java/util/stream/StreamShape
instanceKlass java/awt/Window$Type
instanceKlass java/awt/EventFilter$FilterAction
instanceKlass com/sun/java/swing/plaf/windows/TMSchema$State
instanceKlass com/sun/java/swing/plaf/windows/TMSchema$Prop
instanceKlass sun/awt/AppContext$State
instanceKlass com/sun/java/swing/plaf/windows/TMSchema$Control
instanceKlass com/sun/java/swing/plaf/windows/TMSchema$Part
instanceKlass java/awt/desktop/UserSessionEvent$Reason
instanceKlass sun/font/EAttribute
instanceKlass sun/java2d/StateTrackable$State
instanceKlass jdk/internal/logger/BootstrapLogger$LoggingBackend
instanceKlass java/util/concurrent/TimeUnit
instanceKlass java/nio/file/LinkOption
instanceKlass java/util/stream/StreamOpFlag$Type
instanceKlass java/util/stream/StreamOpFlag
instanceKlass java/lang/System$Logger$Level
instanceKlass sun/util/logging/PlatformLogger$Level
instanceKlass sun/nio/fs/WindowsPathType
instanceKlass java/nio/file/StandardOpenOption
instanceKlass sun/awt/OSInfo$OSType
instanceKlass java/lang/invoke/VarHandle$AccessType
instanceKlass java/lang/invoke/VarHandle$AccessMode
instanceKlass java/lang/classfile/Opcode$Kind
instanceKlass java/lang/classfile/Opcode
instanceKlass java/lang/invoke/MethodHandleImpl$Intrinsic
instanceKlass java/lang/classfile/AttributeMapper$AttributeStability
instanceKlass jdk/internal/classfile/impl/AbstractPoolEntry$Utf8EntryImpl$State
instanceKlass java/lang/classfile/TypeKind
instanceKlass java/lang/invoke/LambdaForm$BasicType
instanceKlass java/lang/invoke/LambdaForm$Kind
instanceKlass java/lang/constant/DirectMethodHandleDesc$Kind
instanceKlass sun/invoke/util/Wrapper
instanceKlass jdk/internal/util/OperatingSystem
instanceKlass jdk/internal/vm/Continuation$Pinned
instanceKlass java/io/File$PathStatus
instanceKlass jdk/internal/module/ModuleBootstrap$IllegalNativeAccess
instanceKlass java/lang/reflect/ClassFileFormatVersion
instanceKlass java/lang/Thread$State
instanceKlass java/lang/module/ModuleDescriptor$Requires$Modifier
ciInstanceKlass java/lang/Enum 1 1 204 9 7 12 1 1 1 9 12 1 1 10 7 12 1 1 1 9 12 1 10 7 12 1 1 1 100 1 10 10 12 1 1 10 12 1 100 1 10 10 7 12 1 1 10 12 1 1 18 12 1 1 10 100 12 1 1 1 10 12 1 1 11 7 12 1 1 1 100 1 8 1 10 12 1 100 1 100 1 10 8 1 10 12 1 1 10 12 1 1 8 1 10 12 1 10 100 1 8 1 10 10 12 1 1 10 100 12 1 1 1 100 1 100 1 100 1 1 1 1 1 1 1 1 1 1 1 1 1 1 1 1 1 1 1 1 1 1 1 1 1 1 1 1 1 1 1 1 1 1 1 1 1 1 1 1 1 1 1 1 1 1 1 3 1 1 1 1 100 1 100 1 1 100 1 1 1 1 1 1 1 1 1 1 1 16 15 10 12 16 15 10 100 12 1 1 1 1 1 100 1 100 1 1
ciInstanceKlass java/lang/invoke/LambdaForm 1 1 1030 7 1 100 1 10 7 12 1 1 1 9 12 1 1 9 12 1 9 12 1 9 12 1 1 9 12 1 1 9 12 1 1 9 12 1 1 9 12 1 1 9 12 1 10 7 12 1 1 9 12 1 10 12 1 1 100 1 10 10 12 1 1 10 12 1 10 12 1 10 12 1 1 10 12 1 9 12 1 9 12 1 10 12 1 1 9 7 12 1 1 1 9 7 12 1 1 9 12 1 1 10 12 1 9 12 1 10 100 12 1 1 1 10 12 1 1 100 1 10 12 1 1 9 7 12 1 1 1 10 100 12 1 1 1 10 12 1 10 12 1 1 7 1 10 12 1 10 12 1 10 12 1 1 10 12 1 1 10 12 1 10 12 1 10 12 1 10 12 1 10 12 1 1 8 1 10 12 1 10 12 1 10 10 12 1 8 1 8 1 9 12 1 9 12 1 1 10 12 1 1 9 12 1 1 10 7 12 1 1 1 10 12 1 1 10 12 1 10 12 1 1 10 12 1 7 1 10 12 1 10 100 12 1 1 1 9 12 1 10 12 1 8 1 8 1 8 1 8 1 8 1 8 1 8 1 8 1 10 12 1 9 12 1 7 1 10 12 1 1 9 12 1 1 10 12 1 1 10 12 1 1 10 12 10 12 1 10 12 1 1 10 12 1 1 10 12 1 1 10 10 12 1 1 10 12 1 1 7 1 8 1 10 12 1 1 10 12 1 10 12 1 1 10 8 1 10 12 1 1 8 1 8 1 8 1 10 12 1 10 12 1 10 12 1 1 10 100 12 1 1 1 10 7 12 1 1 1 10 12 1 1 9 12 1 1 8 1 10 100 12 1 1 1 10 7 12 1 1 10 12 1 10 12 1 1 10 12 1 1 9 12 1 8 10 12 1 1 100 1 10 12 1 1 10 12 1 9 7 12 1 1 9 100 12 1 1 1 8 1 10 100 12 1 1 10 12 1 1 100 1 100 1 10 10 12 1 1 10 12 1 1 8 1 8 1 100 1 8 1 10 12 10 12 1 10 12 1 10 12 1 10 12 1 1 9 100 12 1 1 10 12 1 8 1 8 1 10 12 1 10 12 1 1 8 1 8 1 8 1 100 1 8 1 100 1 8 1 100 1 8 1 10 12 1 8 1 9 10 100 12 1 1 1 10 12 1 9 12 1 1 10 12 1 10 10 12 1 10 12 1 10 12 1 10 12 1 1 10 12 1 10 12 1 1 10 12 1 1 10 12 1 1 10 12 1 1 8 1 100 10 12 1 10 12 1 9 12 1 1 10 7 12 1 1 8 1 8 1 100 1 8 1 8 1 8 1 8 1 8 1 8 1 8 1 8 1 10 12 1 1 10 12 1 1 10 12 1 10 12 1 10 12 1 10 12 1 8 1 8 1 8 1 10 12 1 8 1 10 12 1 8 1 8 1 8 1 8 1 8 1 10 12 1 10 12 1 10 12 1 1 10 7 12 1 1 1 10 12 1 10 12 1 10 12 1 10 12 1 10 12 1 9 12 1 1 8 1 10 12 1 1 9 12 1 9 12 1 1 10 12 1 1 9 12 1 1 9 12 1 10 12 1 1 9 12 1 1 7 1 10 7 12 1 1 1 9 7 12 1 1 1 10 7 12 1 1 1 10 12 1 1 10 12 1 1 10 12 1 9 12 1 10 12 1 9 12 1 10 12 1 10 12 1 8 1 10 12 1 9 12 1 1 100 1 10 100 12 1 1 1 100 1 10 12 1 9 12 1 10 12 1 10 12 1 10 12 1 1 10 12 1 9 100 12 1 1 10 12 1 1 10 12 1 10 12 1 9 12 1 9 9 12 1 7 9 12 1 1 10 12 1 1 9 12 1 10 12 1 10 7 1 9 1 1 1 1 3 1 3 1 1 3 1 3 1 1 1 1 1 1 1 1 1 1 1 1 1 1 1 1 1 1 1 1 1 1 1 1 1 1 1 1 1 1 1 1 1 1 1 1 1 1 1 1 1 1 1 1 1 100 1 1 1 1 1 1 1 1 1 1 1 1 1 1 1 1 1 1 1 1 1 1 1 1 1 1 1 1 1 1 1 1 1 1 1 1 1 1 1 1 1 1 1 1 1 1 1 1 1 1 1 1 1 1 1 1 1 1 1 1 1 1 1 1 1 1 1 100 1 1 1 1 1 1 1 1 1 1 1 1 1 1 1 1 1 1 1 1 1 1 1 1 1 1 1 1 1 1 1 1 1 1 1 1 100 1 1 1 1 1 1 1 1 1 1 1 1 1 1 100 1 1 1 100 1 1 100 1 1 1 1 1 1 1 1 1 1 1 1
staticfield java/lang/invoke/LambdaForm DEFAULT_CUSTOMIZED Ljava/lang/invoke/MethodHandle; 
staticfield java/lang/invoke/LambdaForm DEFAULT_KIND Ljava/lang/invoke/LambdaForm$Kind; java/lang/invoke/LambdaForm$Kind
staticfield java/lang/invoke/LambdaForm COMPILE_THRESHOLD I 0
staticfield java/lang/invoke/LambdaForm INTERNED_ARGUMENTS [[Ljava/lang/invoke/LambdaForm$Name; 5 [[Ljava/lang/invoke/LambdaForm$Name;
staticfield java/lang/invoke/LambdaForm IMPL_NAMES Ljava/lang/invoke/MemberName$Factory; java/lang/invoke/MemberName$Factory
staticfield java/lang/invoke/LambdaForm LF_identity [Ljava/lang/invoke/LambdaForm; 6 [Ljava/lang/invoke/LambdaForm;
staticfield java/lang/invoke/LambdaForm NF_identity [Ljava/lang/invoke/LambdaForm$NamedFunction; 6 [Ljava/lang/invoke/LambdaForm$NamedFunction;
staticfield java/lang/invoke/LambdaForm LF_constant [Ljava/lang/invoke/LambdaForm; 5 [Ljava/lang/invoke/LambdaForm;
staticfield java/lang/invoke/LambdaForm createIdentityFormLock Ljava/lang/Object; java/lang/Object
staticfield java/lang/invoke/LambdaForm DEBUG_NAME_COUNTERS Ljava/util/HashMap; 
staticfield java/lang/invoke/LambdaForm DEBUG_NAMES Ljava/util/HashMap; 
staticfield java/lang/invoke/LambdaForm TRACE_INTERPRETER Z 0
staticfield java/lang/invoke/LambdaForm $assertionsDisabled Z 1
instanceKlass jdk/internal/reflect/DirectMethodHandleAccessor
ciInstanceKlass jdk/internal/reflect/MethodAccessorImpl 1 1 38 10 7 12 1 1 1 10 100 12 1 1 1 100 1 1 1 1 1 1 1 100 1 100 1 1 1 1 1 1 1 1 1 1 1 1 1 1
ciInstanceKlass jdk/internal/reflect/MethodAccessor 1 0 17 100 1 100 1 1 1 1 100 1 100 1 1 1 1 1 1
instanceKlass java/lang/ProcessEnvironment
instanceKlass java/util/LinkedHashMap
instanceKlass javax/swing/UIDefaults$TextAndMnemonicHashMap
ciInstanceKlass java/util/HashMap 1 1 629 10 7 12 1 1 1 100 1 10 12 1 1 100 1 10 7 12 1 1 1 100 1 11 12 1 1 11 12 1 11 12 1 1 10 7 12 1 1 1 7 1 3 10 7 12 1 1 1 100 1 100 1 10 8 1 10 12 1 1 10 12 1 10 12 1 1 10 12 1 10 7 12 1 1 1 8 1 10 12 1 9 12 1 1 10 12 1 9 12 1 1 4 10 12 1 10 12 1 1 11 7 12 1 1 9 12 1 1 10 7 12 1 1 1 6 0 10 12 1 1 11 12 1 1 11 7 12 1 1 1 11 7 12 1 1 1 11 12 1 1 7 1 11 12 1 11 12 1 10 12 1 10 12 1 1 9 12 10 12 1 1 9 7 12 1 1 1 9 12 9 12 1 10 12 1 1 9 12 1 7 1 10 12 1 1 10 12 1 1 10 12 1 1 10 12 1 1 10 12 1 1 9 12 1 10 12 1 1 3 4 10 12 1 1 10 12 1 1 9 12 1 1 9 10 12 1 1 10 12 1 1 10 12 1 1 10 12 1 9 12 1 1 7 1 10 12 1 10 12 1 10 7 12 1 1 1 7 1 9 12 1 1 7 1 10 9 12 7 1 10 100 1 10 11 7 12 1 1 1 100 1 10 11 100 12 1 1 11 100 12 1 1 1 10 12 1 100 1 100 1 10 12 1 10 12 1 10 12 1 10 100 12 1 1 10 12 1 1 10 12 1 1 10 100 12 1 1 1 8 10 100 12 1 1 1 100 1 10 4 4 10 12 1 1 10 100 12 1 1 1 10 12 1 8 1 6 0 10 100 12 1 1 1 100 1 11 100 12 1 1 1 10 12 1 10 12 1 10 10 12 1 1 6 0 8 1 10 12 1 10 12 100 1 100 1 1 1 1 5 0 1 3 1 1 1 3 1 3 1 3 1 1 1 1 1 1 1 1 1 1 1 1 1 1 1 1 1 1 1 1 1 1 100 1 1 1 1 1 1 1 1 1 1 1 1 1 1 1 1 1 1 1 1 1 1 1 1 1 1 1 1 1 1 1 1 1 100 1 1 1 1 1 1 1 1 1 1 1 1 1 1 1 1 1 1 1 1 1 1 1 1 1 1 1 1 1 1 1 1 1 1 1 1 1 1 1 1 1 1 1 1 1 1 1 1 1 1 1 100 1 1 1 1 1 1 1 1 1 1 1 1 1 1 1 1 1 1 1 1 1 1 1 1 1 1 1 1 1 1 1 1 1 1 1 1 1 1 1 1 1 1 1 1 1 1 1 1 100 1 1 1 1 1 1 1 1 100 1 1 1 1 1 1 1 1 1 1 1 1 1 1 1 1 1 1 100 1 100 1 100 1 100 1 100 1 100 1 100 1 100 1 1 1 1 1 1 1 1 1 1 1 1 1 1 1 1 1 1
ciMethod java/util/HashMap remove (Ljava/lang/Object;)Ljava/lang/Object; 512 0 2746 0 -1
ciInstanceKlass jdk/internal/reflect/CallerSensitive 0 0 17 100 1 100 1 100 1 1 1 1 1 1 1 1 1 1 1
ciInstanceKlass jdk/internal/reflect/DirectConstructorHandleAccessor$NativeAccessor 1 1 44 10 7 12 1 1 1 9 7 12 1 1 1 10 12 1 1 1 1 1 1 1 1 1 1 1 1 1 1 1 1 1 100 1 100 1 1 1 1 1 100 1 1 1
ciInstanceKlass jdk/internal/reflect/ConstructorAccessor 1 0 16 100 1 100 1 1 1 1 100 1 100 1 100 1 1 1
instanceKlass jdk/internal/reflect/DirectConstructorHandleAccessor
instanceKlass jdk/internal/reflect/DirectConstructorHandleAccessor$NativeAccessor
ciInstanceKlass jdk/internal/reflect/ConstructorAccessorImpl 1 1 27 10 7 12 1 1 1 100 1 100 1 1 1 1 1 1 1 1 1 100 1 100 1 100 1 1 1
ciInstanceKlass jdk/internal/reflect/ConstantPool 1 1 142 10 100 12 1 1 1 9 7 12 1 1 1 10 12 1 1 10 12 1 1 10 12 1 10 12 1 1 10 12 1 1 10 12 1 10 12 1 1 10 12 1 10 12 1 1 10 12 1 10 12 1 10 12 1 10 12 1 1 10 12 1 1 10 12 1 1 10 12 1 1 10 12 1 10 12 1 1 10 100 12 1 1 1 8 11 7 12 1 1 1 10 7 12 1 1 1 1 1 1 1 1 1 1 1 1 1 1 1 1 1 1 1 1 1 1 1 1 1 1 1 1 1 1 1 1 1 1 1 1 1 1 1 1 1 1 1 1 1 1 1 1
instanceKlass java/lang/invoke/VolatileCallSite
instanceKlass java/lang/invoke/MutableCallSite
instanceKlass java/lang/invoke/ConstantCallSite
ciInstanceKlass java/lang/invoke/CallSite 1 1 297 10 7 12 1 1 1 10 7 12 1 1 1 9 12 1 1 10 7 12 1 1 1 10 12 1 100 1 10 12 1 1 10 12 1 1 9 100 12 1 1 1 10 100 12 1 1 10 12 1 1 100 1 100 1 10 10 100 12 1 1 1 10 12 1 1 8 1 10 12 1 10 12 1 1 10 12 1 10 12 1 1 10 12 1 1 10 10 100 12 1 1 10 12 1 1 9 12 1 9 100 12 1 1 1 8 1 10 7 12 1 1 1 10 12 1 1 100 1 10 12 1 1 9 12 1 8 1 100 1 10 12 1 10 12 1 100 1 8 1 10 10 12 1 10 12 1 1 100 1 10 12 1 1 10 12 1 10 12 1 10 12 1 1 10 12 1 1 9 12 1 1 8 10 12 1 1 9 12 1 1 100 1 10 10 12 1 10 100 12 1 1 1 10 12 1 1 10 12 1 1 10 12 1 10 7 12 1 1 1 100 1 8 1 10 10 12 10 12 1 1 100 1 100 1 100 1 8 1 10 12 1 10 7 12 1 1 1 1 1 1 1 1 1 1 1 1 1 1 1 1 1 1 1 1 1 1 1 1 1 1 1 1 1 1 1 1 1 1 1 1 1 1 1 1 1 1 1 1 1 1 1 1 1 1 1 1 1 1 1 1 100 1 100 1 1 1
staticfield java/lang/invoke/CallSite $assertionsDisabled Z 1
ciInstanceKlass java/lang/invoke/ConstantCallSite 1 1 65 10 7 12 1 1 1 9 7 12 1 1 1 9 12 1 1 10 7 12 1 1 1 10 12 1 100 1 10 12 9 12 1 1 100 1 10 10 12 1 1 10 12 1 1 1 1 1 1 1 1 1 1 1 1 1 100 1 1 1 1 1 1 1 1
staticfield java/lang/invoke/ConstantCallSite UNSAFE Ljdk/internal/misc/Unsafe; jdk/internal/misc/Unsafe
instanceKlass java/lang/invoke/DirectMethodHandle$Special
instanceKlass java/lang/invoke/DirectMethodHandle$Interface
instanceKlass java/lang/invoke/DirectMethodHandle$StaticAccessor
instanceKlass java/lang/invoke/DirectMethodHandle$Constructor
instanceKlass java/lang/invoke/DirectMethodHandle$Accessor
ciInstanceKlass java/lang/invoke/DirectMethodHandle 1 1 929 7 1 100 1 7 1 7 1 10 7 12 1 1 1 10 7 12 1 1 1 100 1 10 12 1 10 12 1 1 10 7 12 1 1 10 12 1 1 10 12 1 10 12 1 7 1 10 12 1 1 10 12 1 1 10 12 1 10 12 1 1 10 7 12 1 1 1 10 12 1 9 7 12 1 1 1 100 1 10 9 12 1 1 9 12 1 10 12 1 10 12 1 10 12 1 1 10 12 1 10 12 1 10 12 1 10 7 12 1 1 1 10 12 1 10 12 1 1 8 1 10 12 1 1 7 1 10 12 1 7 1 10 10 12 1 10 12 1 10 12 1 10 7 12 1 1 1 10 12 1 1 7 1 10 12 1 10 12 1 7 1 10 12 1 10 12 1 1 10 12 1 1 10 12 8 10 7 12 1 1 1 10 12 1 10 12 1 10 12 1 1 10 12 1 9 7 12 1 1 1 7 1 10 12 1 10 7 12 1 1 1 10 12 1 10 12 1 1 9 12 1 1 7 1 10 8 1 10 12 1 1 10 12 1 1 8 1 10 12 1 10 12 1 10 10 12 1 10 12 1 10 12 1 10 12 1 10 12 1 1 10 12 1 10 12 1 10 12 1 1 10 10 7 12 1 1 1 10 12 1 10 12 1 1 10 12 1 10 12 1 1 8 1 9 7 12 1 1 1 8 1 9 12 1 9 12 1 8 1 9 12 1 9 12 1 8 1 9 12 1 9 12 1 8 1 10 12 1 10 12 1 1 10 7 12 1 1 1 10 12 1 10 12 1 1 9 12 1 1 7 1 10 12 1 1 100 1 10 7 12 1 1 1 10 12 1 1 10 12 1 1 7 1 10 12 1 1 10 12 1 10 12 1 1 7 1 10 12 1 1 10 12 1 10 12 1 10 12 1 1 10 12 1 9 12 1 1 10 7 1 9 12 1 10 12 1 7 1 7 1 7 1 10 7 12 1 1 1 9 12 1 1 10 7 12 1 1 1 10 7 12 1 1 10 12 10 12 1 7 1 10 12 1 10 12 1 1 8 1 9 12 1 9 12 1 10 12 1 1 9 12 1 1 10 100 12 1 1 1 9 12 1 1 9 12 1 1 10 12 1 10 12 1 10 12 1 10 12 1 1 10 12 1 9 12 1 9 12 1 10 12 1 10 12 1 10 12 1 10 12 1 1 10 12 1 1 9 12 1 1 10 12 1 1 9 7 12 1 1 1 9 12 1 9 12 1 9 12 1 9 12 1 9 12 1 9 12 1 9 12 1 9 12 1 9 12 1 9 12 1 9 12 1 9 12 1 9 12 1 9 12 1 9 12 1 9 12 1 9 12 1 9 12 1 9 12 1 9 12 1 9 12 1 9 12 1 9 12 1 9 12 1 100 1 10 12 1 8 1 8 1 8 1 8 1 8 1 8 1 8 1 8 1 8 1 10 12 1 10 12 1 8 1 8 1 8 1 9 12 1 1 9 12 1 1 10 12 1 10 12 1 1 10 12 1 1 9 7 1 10 12 1 10 12 10 12 1 10 12 1 10 12 1 10 8 1 8 1 8 1 8 1 10 12 1 1 9 12 1 1 10 12 1 10 100 12 1 1 1 8 9 12 1 1 10 12 1 1 8 1 8 8 9 12 1 8 1 8 8 8 8 8 1 8 10 12 1 7 1 10 12 1 8 1 8 1 10 12 1 10 12 1 10 12 1 9 12 1 10 12 1 1 7 1 1 1 1 3 1 3 1 3 1 3 1 3 1 3 1 3 1 3 1 1 1 1 1 1 1 1 1 1 3 1 3 1 3 1 1 3 1 3 1 1 1 1 1 1 1 1 1 1 1 1 1 1 1 1 1 1 1 1 1 1 1 1 1 1 1 1 1 1 1 1 1 1 1 1 1 1 1 1 1 1 1 1 1 1 1 1 1 1 1 1 1 1 1 1 1 1 1 1 1 1 100 1 1 1 1 1 1 1 1 1 100 1 1 1 1 1 1 1 1 1 1 1 1 1 1 1 1 1 1 1 1 1 1 1 1 1 1 1 1 1 1 1 1 1 1 1 1 1 1 1 1 1 1 1 1 1 1 1 1 1 1 1 1 1
staticfield java/lang/invoke/DirectMethodHandle IMPL_NAMES Ljava/lang/invoke/MemberName$Factory; java/lang/invoke/MemberName$Factory
staticfield java/lang/invoke/DirectMethodHandle FT_UNCHECKED_REF I 8
staticfield java/lang/invoke/DirectMethodHandle FT_CHECKED_REF I 9
staticfield java/lang/invoke/DirectMethodHandle ACCESSOR_FORMS [Ljava/lang/invoke/LambdaForm; 120 [Ljava/lang/invoke/LambdaForm;
staticfield java/lang/invoke/DirectMethodHandle ALL_WRAPPERS [Lsun/invoke/util/Wrapper; 10 [Lsun/invoke/util/Wrapper;
staticfield java/lang/invoke/DirectMethodHandle NFS [Ljava/lang/invoke/LambdaForm$NamedFunction; 12 [Ljava/lang/invoke/LambdaForm$NamedFunction;
staticfield java/lang/invoke/DirectMethodHandle OBJ_OBJ_TYPE Ljava/lang/invoke/MethodType; java/lang/invoke/MethodType
staticfield java/lang/invoke/DirectMethodHandle LONG_OBJ_TYPE Ljava/lang/invoke/MethodType; java/lang/invoke/MethodType
staticfield java/lang/invoke/DirectMethodHandle $assertionsDisabled Z 1
ciInstanceKlass java/lang/invoke/MutableCallSite 0 0 61 10 100 12 1 1 1 10 12 1 9 100 12 1 1 1 10 12 1 10 12 1 1 9 100 12 1 1 1 10 100 12 1 1 1 10 100 12 1 1 1 1 1 1 1 1 1 1 1 1 1 1 1 1 1 1 1 1 100 1 1
ciInstanceKlass java/lang/invoke/VolatileCallSite 0 0 37 10 100 12 1 1 1 10 12 1 10 100 12 1 1 1 10 12 1 10 12 1 1 1 1 1 1 1 1 1 1 1 1 1 1 1 1
instanceKlass java/lang/invoke/VarHandleReferences$Array
instanceKlass java/lang/invoke/VarHandleLongs$FieldInstanceReadOnly
instanceKlass java/lang/invoke/VarHandleByteArrayAsDoubles$ByteArrayViewVarHandle
instanceKlass java/lang/invoke/VarHandleByteArrayAsFloats$ByteArrayViewVarHandle
instanceKlass java/lang/invoke/VarHandleByteArrayAsChars$ByteArrayViewVarHandle
instanceKlass java/lang/invoke/VarHandleByteArrayAsShorts$ByteArrayViewVarHandle
instanceKlass java/lang/invoke/VarHandleByteArrayAsLongs$ByteArrayViewVarHandle
instanceKlass java/lang/invoke/VarHandleByteArrayAsInts$ByteArrayViewVarHandle
instanceKlass java/lang/invoke/VarHandleBooleans$FieldInstanceReadOnly
instanceKlass java/lang/invoke/IndirectVarHandle
instanceKlass java/lang/invoke/SegmentVarHandle
instanceKlass java/lang/invoke/VarHandleInts$FieldInstanceReadOnly
instanceKlass java/lang/invoke/VarHandleReferences$FieldInstanceReadOnly
ciInstanceKlass java/lang/invoke/VarHandle 1 1 474 10 7 12 1 1 1 10 7 12 1 1 9 12 1 1 9 12 1 1 10 12 1 1 8 1 10 12 1 1 10 7 12 1 1 1 10 12 1 1 10 100 12 1 1 1 9 7 12 1 1 1 10 12 1 1 10 7 12 1 1 1 10 12 1 1 9 12 1 10 12 1 9 12 1 1 10 7 12 1 1 10 12 1 9 7 12 1 1 1 9 12 1 1 10 12 1 1 100 1 100 1 10 8 1 10 12 1 1 10 12 1 8 1 10 12 1 10 12 1 9 12 1 1 9 12 1 10 12 1 10 12 1 1 10 12 1 10 10 7 12 1 1 1 10 12 1 1 10 12 1 1 10 7 12 1 1 1 10 100 12 1 1 1 10 100 12 1 1 1 9 12 1 1 9 10 12 1 10 12 1 1 10 12 1 1 10 12 1 10 7 12 1 1 1 9 12 1 1 10 12 1 1 9 12 1 10 12 1 10 12 1 10 100 12 1 1 100 1 10 9 7 12 1 1 1 9 12 1 1 10 7 12 1 1 1 10 12 1 10 12 1 10 12 1 10 12 1 10 12 1 10 12 1 1 8 10 12 1 1 7 1 10 12 1 1 100 1 1 1 1 1 1 1 1 1 1 1 1 1 1 1 1 1 1 1 1 1 1 1 1 1 1 1 1 1 1 1 1 1 1 1 1 1 1 1 1 1 1 1 1 1 1 1 1 1 1 1 1 1 1 1 1 1 1 1 1 1 1 1 1 1 100 1 1 1 1 1 1 1 1 100 1 1 1 1 1 1 1 1 1 1 1 1 100 1 100 1 1 100 1 100 1 100 1 100 1 100 1 100 1 100 1 100 1 100 1 100 1 100 1 100 1 100 1 100 1 100 1 100 1 100 1 100 1 100 1 100 1 100 1 100 1 100 1 100 1 100 1 100 1 100 1 100 1 100 1 100 1 100 1 100 1 100 1 100 1 100 1 100 1 1 1 1 1 1 100 1 1 1 100 1 1 100 1 100 1 100 1 100 1 100 1 100 1 1 1 1 100 1 100 1 100 1 100 1 100 1 100 1 100 1 100 1
staticfield java/lang/invoke/VarHandle VFORM_OFFSET J 16
staticfield java/lang/invoke/VarHandle $assertionsDisabled Z 1
ciInstanceKlass java/lang/invoke/MemberName 1 1 730 7 1 7 1 100 1 9 12 1 1 10 7 12 1 1 1 9 12 1 1 10 12 1 1 10 12 1 1 10 12 1 1 10 12 1 10 12 1 1 10 7 12 1 1 1 10 12 1 9 7 12 1 1 10 12 1 100 1 100 1 10 12 1 8 1 10 12 1 1 10 12 1 10 12 1 1 10 12 1 9 12 1 1 8 1 10 100 12 1 1 1 7 1 10 10 12 1 1 7 1 7 1 10 12 1 9 12 1 1 100 1 8 1 10 12 1 10 12 1 10 12 1 10 12 1 10 12 1 1 10 12 1 10 12 1 10 12 1 1 8 1 8 1 10 12 1 8 1 9 12 1 1 3 10 12 1 10 12 1 10 12 1 10 10 7 12 1 1 1 10 12 1 10 12 1 10 12 1 10 12 1 7 1 8 10 12 1 1 10 12 1 1 8 1 9 100 1 8 9 100 1 10 12 1 1 10 12 1 10 12 1 8 1 10 12 1 1 10 12 1 10 12 1 10 12 1 10 12 1 1 100 1 10 12 1 1 10 12 1 8 1 10 12 1 10 12 1 8 1 10 12 1 1 10 12 1 1 7 1 10 12 1 1 10 12 8 1 8 1 100 1 10 12 1 10 100 12 1 1 1 100 1 10 12 10 12 1 10 12 1 10 12 1 10 12 1 10 10 12 1 10 12 1 10 12 1 3 10 12 1 3 10 12 1 3 3 3 3 3 3 10 12 1 3 9 12 1 10 12 1 1 3 10 12 1 10 10 7 12 1 1 1 10 12 1 1 10 7 12 1 1 10 10 12 1 10 12 1 1 10 12 1 10 10 12 1 1 10 12 1 10 12 1 10 12 1 100 1 10 10 10 12 100 1 10 10 10 12 1 1 10 12 1 1 10 10 12 1 8 10 7 1 10 12 1 10 7 1 10 12 1 10 12 1 10 12 1 10 10 12 1 10 12 1 1 10 12 1 1 10 12 1 10 12 1 10 12 1 100 1 10 12 1 1 100 1 8 1 10 7 1 10 12 1 10 12 10 12 1 1 10 12 1 10 12 1 8 1 8 1 8 1 8 1 10 12 1 10 12 1 10 7 12 1 1 1 8 1 8 1 10 12 1 8 1 10 10 10 12 1 10 12 1 8 1 8 1 10 10 12 1 8 1 10 100 12 1 1 1 8 1 100 1 10 12 1 10 12 1 1 10 12 1 8 1 8 1 8 1 8 1 100 1 10 8 1 8 1 8 1 8 1 10 12 1 100 1 100 1 100 1 10 100 1 10 100 1 10 100 12 1 1 1 9 7 12 1 1 1 100 1 100 1 1 1 1 1 1 1 3 1 3 1 3 1 3 1 3 1 3 1 1 1 1 1 1 1 1 3 1 3 1 1 1 1 1 1 1 1 1 1 1 1 1 1 1 1 1 1 1 1 1 1 1 1 100 1 1 1 1 1 1 1 1 1 1 1 1 1 1 1 1 1 1 1 1 1 1 1 1 1 1 1 1 1 1 1 1 1 1 1 1 1 1 1 1 1 1 1 1 1 1 1 1 1 1 1 1 1 1 1 1 1 1 1 1 1 1 1 1 1 1 1 1 1 1 1 1 1 1 1 1 100 1 1 1 1 1 1 1 1 1 1 1 1 1 1 1 1
staticfield java/lang/invoke/MemberName $assertionsDisabled Z 1
ciInstanceKlass java/lang/invoke/ResolvedMethodName 1 1 25 10 100 12 1 1 1 9 100 12 1 1 1 1 1 1 1 1 1 1 1 1 1 1 1
ciInstanceKlass java/lang/invoke/MethodHandleNatives 1 1 689 100 1 10 7 12 1 1 1 9 7 12 1 1 1 10 12 1 1 100 1 10 10 12 1 1 10 12 1 10 12 1 8 1 8 1 8 1 8 1 8 1 8 1 8 1 8 1 8 1 8 1 10 12 1 1 7 1 10 7 12 1 1 1 10 100 12 1 1 1 7 1 10 10 12 1 1 8 1 10 12 1 8 1 10 12 1 1 8 1 10 12 1 1 9 100 12 1 1 1 8 1 10 100 12 1 1 1 100 1 10 12 100 1 100 1 8 1 7 1 10 10 12 1 7 1 9 7 12 1 1 10 12 1 1 10 12 1 10 7 12 1 1 1 10 12 1 1 9 12 1 8 1 10 12 1 1 10 12 1 8 1 10 12 1 1 7 1 10 12 1 10 7 12 1 1 1 10 12 1 10 12 1 1 10 12 1 1 8 1 10 12 1 1 8 1 10 12 1 8 1 8 1 8 1 100 1 10 12 1 8 1 10 100 12 1 1 1 10 12 1 1 10 100 12 1 1 10 10 12 1 1 10 12 1 10 7 12 1 1 1 100 1 8 1 10 100 12 1 1 1 7 1 8 1 10 12 1 8 1 8 1 8 1 8 1 8 1 10 12 1 1 10 12 1 1 10 12 1 10 12 1 1 10 12 1 1 7 1 10 12 1 100 1 100 1 10 12 1 10 12 1 8 1 8 1 10 10 12 1 1 10 12 1 1 8 1 10 100 12 1 1 8 1 8 1 10 12 1 1 10 7 12 1 1 1 100 1 10 12 1 1 7 1 9 12 1 1 10 7 12 1 1 1 10 10 12 1 9 12 1 10 12 1 9 12 1 9 12 1 10 12 1 1 10 12 1 10 12 1 1 7 1 7 1 10 12 1 1 10 12 1 10 12 1 1 10 7 12 1 1 1 10 12 1 8 1 10 12 1 10 12 1 10 12 1 1 10 12 1 10 7 12 1 1 1 10 12 1 1 100 1 8 1 10 9 7 12 1 1 1 10 12 1 1 10 12 1 1 100 1 10 12 1 1 10 12 1 1 100 1 100 1 10 10 100 1 100 1 10 100 1 10 10 12 1 1 10 100 1 10 12 1 10 12 1 1 10 12 1 1 10 12 1 1 10 12 1 10 12 1 1 10 8 1 10 12 1 10 12 1 10 12 1 10 12 1 10 12 1 1 10 12 1 10 12 1 10 12 1 10 10 7 12 1 1 10 12 1 1 1 1 1 1 1 1 1 1 1 1 1 100 1 1 1 1 1 1 1 1 1 1 1 1 1 1 1 1 1 1 1 1 1 1 1 1 1 1 1 1 1 1 1 1 1 1 1 1 1 1 1 1 1 1 1 1 1 1 1 1 1 1 1 1 1 1 1 1 1 1 1 1 1 1 1 100 1 1 1 1 1 1 1 1 1 1 1 1 1 1 1 1 1 1 1 1 1 1 1 1 1 1 1 1 1 1 1 1 1 1 1 100 1 1 1 1 1 1 1 1 1 1 1 1 1 1 1 1 1 1 1 1 1 1 1 1 1 1 1 1 1 1 1 1 1 1 100 1 1
staticfield java/lang/invoke/MethodHandleNatives $assertionsDisabled Z 1
ciInstanceKlass jdk/internal/foreign/abi/NativeEntryPoint 1 1 223 10 7 12 1 1 1 9 7 12 1 1 1 9 12 1 1 100 1 8 1 10 12 1 10 12 1 1 7 1 10 7 12 1 1 1 10 12 1 9 12 1 1 18 12 1 1 10 7 12 1 1 1 9 7 12 1 1 1 8 1 10 12 1 1 8 1 8 1 8 1 8 1 10 7 12 1 1 1 100 1 10 10 12 1 1 8 1 10 12 1 8 1 10 12 1 10 12 1 1 10 12 1 1 100 1 8 1 10 12 1 10 12 1 1 100 1 8 1 10 10 12 1 9 12 1 1 18 12 1 1 10 7 12 1 1 1 10 12 1 1 10 12 1 10 7 12 1 1 1 10 1 1 1 1 1 1 1 1 1 1 1 1 1 1 1 1 1 1 1 1 1 1 1 1 1 1 1 1 1 1 1 1 1 1 1 1 1 1 1 1 1 1 1 1 16 1 15 10 12 16 1 16 15 10 12 15 10 7 12 1 1 1 1 1 100 1 1 100 1 100 1 1
staticfield jdk/internal/foreign/abi/NativeEntryPoint CLEANER Ljava/lang/ref/Cleaner; java/lang/ref/Cleaner
staticfield jdk/internal/foreign/abi/NativeEntryPoint NEP_CACHE Ljdk/internal/foreign/abi/SoftReferenceCache; jdk/internal/foreign/abi/SoftReferenceCache
ciInstanceKlass jdk/internal/foreign/abi/ABIDescriptor 1 1 55 10 7 12 1 1 1 9 7 12 1 1 1 9 12 1 1 9 12 1 9 12 1 9 12 1 1 9 12 1 9 12 1 1 9 12 1 9 12 1 9 12 1 9 12 1 1 1 1 1 1 1 1 1 1
ciInstanceKlass jdk/internal/foreign/abi/VMStorage 1 1 111 10 7 12 1 1 1 9 7 12 1 1 1 9 12 1 1 9 12 1 1 9 12 1 1 7 1 10 8 1 10 12 1 1 10 12 1 10 12 1 1 10 12 1 7 1 10 7 12 1 1 1 10 7 12 1 1 10 7 12 1 1 10 7 12 1 1 1 18 12 1 1 1 1 1 1 1 1 1 1 1 1 1 1 1 1 1 1 1 1 1 1 8 1 15 15 15 15 15 10 100 12 1 1 1 1 100 1 100 1 1
ciInstanceKlass jdk/internal/foreign/abi/UpcallLinker$CallRegs 1 1 66 10 7 12 1 1 1 9 7 12 1 1 1 9 12 1 18 12 1 1 18 12 1 1 18 12 1 1 1 1 1 1 1 1 1 1 1 1 1 1 1 1 1 1 7 1 1 1 8 1 15 15 15 10 100 12 1 1 1 1 1 100 1 100 1 1
instanceKlass java/lang/StackFrameInfo
ciInstanceKlass java/lang/ClassFrameInfo 0 0 126 10 100 12 1 1 1 9 100 12 1 1 1 100 1 3 9 12 1 1 9 12 1 1 100 1 9 12 1 1 3 11 100 12 1 1 1 11 12 1 10 12 1 1 10 12 1 1 10 12 1 100 1 10 10 12 1 1 8 1 8 1 10 12 100 1 10 10 12 1 1 8 1 10 12 1 8 1 10 12 8 1 10 12 1 10 100 12 1 1 1 100 1 1 1 1 1 1 1 1 1 1 1 1 1 1 1 1 1 1 1 1 1 1 1 1 1 1 1 100 1 1 1 1 1 1
ciInstanceKlass java/lang/StackWalker$StackFrame 0 0 41 100 1 10 12 1 1 100 1 100 1 1 1 1 1 1 1 1 1 1 1 1 1 1 1 1 1 1 1 1 1 1 1 1 1 1 1 100 1 1 1
ciInstanceKlass java/lang/StackWalker 0 0 236 9 100 12 1 1 1 10 100 12 1 1 1 100 1 10 100 12 1 1 1 10 12 1 1 11 100 12 1 1 1 10 12 1 1 10 12 1 1 100 1 8 1 10 12 1 10 12 1 10 12 1 10 100 12 1 1 9 12 1 1 9 12 1 1 9 12 1 1 9 12 1 1 10 12 1 1 9 12 1 1 9 12 1 1 9 12 1 1 9 12 1 1 10 12 1 1 10 100 12 1 1 1 10 100 12 1 1 1 18 12 1 1 100 1 8 1 10 8 1 10 12 1 1 10 100 12 1 1 1 10 12 1 1 10 12 1 11 12 1 1 9 100 12 1 1 11 100 12 1 1 1 10 12 1 1 1 1 1 1 1 1 1 1 1 1 1 1 1 1 1 1 1 1 1 1 1 1 1 1 1 1 1 1 1 1 1 1 1 1 1 1 1 1 1 1 1 1 1 1 1 1 1 1 1 1 1 1 1 100 1 1 16 15 10 12 16 1 15 10 100 12 1 1 1 1 1 1 1 1 1 100 1 100 1 1
instanceKlass java/lang/LiveStackFrameInfo
ciInstanceKlass java/lang/StackFrameInfo 0 0 150 10 100 12 1 1 1 9 100 12 1 1 1 9 12 1 1 11 100 12 1 1 1 10 12 1 1 10 100 12 1 1 1 9 12 1 1 10 12 1 1 9 12 1 1 100 1 10 12 10 12 1 9 12 1 100 1 100 1 10 12 1 1 11 12 1 1 10 12 1 10 12 1 10 12 1 1 9 12 1 1 10 12 1 1 10 100 12 1 1 10 12 1 1 9 12 1 10 100 12 1 1 1 9 12 1 1 10 100 1 10 12 1 9 12 1 1 10 12 1 1 10 12 1 1 1 1 1 1 1 1 1 1 1 1 1 1 1 1 100 1 100 1 1 1 1 1 1 1 1
ciInstanceKlass java/lang/LiveStackFrameInfo 0 0 97 10 100 12 1 1 1 9 100 12 1 1 1 9 12 1 9 12 1 9 12 1 9 12 1 1 100 1 10 12 1 1 10 12 1 8 1 10 12 1 1 8 1 8 1 8 1 10 100 1 10 12 1 100 1 10 12 1 100 1 100 1 1 1 3 1 3 1 1 1 1 1 1 1 1 1 1 1 1 1 1 1 1 1 1 1 1 1 1 1 1 1 1 1 100 1 1
ciInstanceKlass java/lang/LiveStackFrame 0 0 112 100 1 10 100 12 1 1 1 11 100 12 1 1 1 11 12 1 9 100 12 1 1 1 10 100 12 1 1 1 10 100 12 1 1 1 11 12 1 10 12 1 100 1 100 1 1 1 1 1 1 1 1 1 1 1 1 1 1 1 1 1 1 1 1 1 1 1 1 1 100 1 1 1 1 1 1 1 100 1 8 1 1 12 10 1 1 1 8 1 1 1 8 1 1 1 8 1 1 1 8 1 1 8 1 1 1 8 1 1 8 1
ciInstanceKlass java/lang/StackStreamFactory$AbstractStackWalker 1 0 364 100 1 100 1 3 10 100 12 1 1 1 10 100 12 1 1 10 100 12 1 1 1 9 12 1 1 9 12 1 1 9 12 1 1 9 12 1 9 12 1 10 100 12 1 1 1 10 12 1 1 10 100 12 1 1 9 12 1 1 9 12 1 1 10 12 1 1 9 12 1 1 10 100 12 1 1 1 10 12 1 1 9 12 1 1 9 100 12 1 1 1 100 1 10 8 1 10 12 1 1 10 12 1 8 1 10 12 1 1 10 100 12 1 1 1 100 1 8 1 10 12 1 8 1 10 12 10 100 12 1 1 9 12 1 1 8 1 5 0 8 1 8 1 9 12 1 1 10 12 1 1 18 12 1 1 10 100 12 1 1 1 10 12 1 1 10 12 1 10 12 1 9 100 12 1 1 1 10 12 1 1 9 12 1 10 12 1 10 12 1 10 12 1 10 12 1 10 12 1 10 12 1 1 8 1 10 12 1 10 12 1 10 12 1 10 12 1 1 8 1 10 12 1 1 10 12 1 1 10 12 1 1 10 12 1 10 12 1 10 12 1 9 12 1 8 1 10 12 1 8 1 10 12 1 10 12 1 1 10 12 1 10 12 1 10 12 1 1 10 12 1 10 12 1 10 12 1 10 12 1 10 12 1 10 12 1 1 10 12 1 10 12 1 10 12 1 10 12 1 8 1 1 1 1 1 1 1 1 1 1 1 1 1 100 1 1 1 1 1 1 100 1 1 1 1 100 1 1 1 1 1 1 1 1 1 1 1 1 1 1 1 1 1 1 16 15 15 10 100 12 1 1 1 1 1 1 1 1 100 1 100 1 1
ciInstanceKlass jdk/internal/module/Modules 0 0 481 10 100 12 1 1 1 9 7 12 1 1 1 11 100 12 1 1 1 11 12 1 1 11 12 1 1 11 12 1 1 11 12 1 11 12 1 11 12 1 11 12 1 11 12 1 11 12 1 1 10 100 12 1 1 1 10 12 1 1 10 100 12 1 1 10 100 12 1 1 1 10 100 12 1 1 10 12 1 1 11 12 1 9 12 1 1 11 100 12 1 1 1 10 12 1 1 10 10 12 1 10 100 1 9 12 1 1 10 100 12 1 1 10 12 1 1 10 100 12 1 1 1 100 1 11 100 12 1 1 1 10 100 12 1 1 1 11 100 12 1 1 10 12 1 1 10 100 12 1 1 10 100 12 1 1 1 10 12 1 1 10 12 1 1 11 12 1 1 18 12 1 1 11 100 12 1 1 10 100 12 1 1 1 11 100 12 1 1 1 100 1 11 12 1 1 11 100 12 1 1 1 11 12 1 1 10 12 1 1 10 100 12 1 1 18 12 1 1 11 12 1 1 18 12 1 1 11 12 1 1 10 12 1 18 18 10 12 1 1 9 12 1 1 11 100 12 1 1 1 100 1 10 11 12 1 11 12 1 1 10 100 1 10 12 1 1 10 100 12 1 1 10 12 1 1 11 12 10 12 1 1 100 1 10 18 12 1 10 12 1 1 100 1 8 1 10 12 1 10 100 12 1 1 18 12 1 11 11 12 10 12 1 10 10 100 1 18 12 1 10 10 10 7 12 1 1 10 100 12 1 1 1 10 12 1 1 1 1 1 1 1 1 1 1 1 1 1 1 1 1 1 1 1 1 1 1 1 1 1 1 1 1 1 1 1 1 1 1 1 1 1 1 1 1 1 1 1 1 1 1 1 1 1 1 1 1 1 1 1 1 1 1 1 1 1 1 1 1 100 1 1 1 1 1 1 1 1 1 1 1 1 1 1 1 1 1 1 1 1 1 1 1 16 15 10 12 1 16 1 16 1 15 10 12 1 16 1 16 1 15 10 12 16 1 15 10 16 1 15 10 12 16 1 16 15 10 12 16 15 10 12 16 15 10 12 15 10 100 12 1 1 1 1 1 1 100 1 100 1 1
ciInstanceKlass jdk/internal/loader/ClassLoaders 1 1 185 10 100 12 1 1 1 10 7 12 1 1 1 10 12 1 1 10 7 12 1 1 1 9 7 12 1 1 1 9 12 1 1 9 12 1 1 7 1 11 100 12 1 1 1 100 1 11 12 1 1 11 12 1 1 10 100 12 1 1 1 10 100 12 1 1 1 100 1 100 1 10 7 12 1 1 1 9 12 1 1 8 1 10 7 12 1 1 1 10 12 1 1 7 1 10 12 1 10 12 1 1 7 1 10 12 1 1 10 12 1 1 10 12 1 7 1 10 12 10 12 1 8 1 10 7 12 1 1 8 1 8 1 10 12 1 7 1 10 10 12 1 10 12 1 1 1 1 1 1 1 1 1 1 1 1 1 1 1 1 1 1 1 1 100 1 1 1 1 1 1 1 1 1 1 1 1 1 1 1 1 1 1 1 1
staticfield jdk/internal/loader/ClassLoaders JLA Ljdk/internal/access/JavaLangAccess; java/lang/System$1
staticfield jdk/internal/loader/ClassLoaders BOOT_LOADER Ljdk/internal/loader/ClassLoaders$BootClassLoader; jdk/internal/loader/ClassLoaders$BootClassLoader
staticfield jdk/internal/loader/ClassLoaders PLATFORM_LOADER Ljdk/internal/loader/ClassLoaders$PlatformClassLoader; jdk/internal/loader/ClassLoaders$PlatformClassLoader
staticfield jdk/internal/loader/ClassLoaders APP_LOADER Ljdk/internal/loader/ClassLoaders$AppClassLoader; jdk/internal/loader/ClassLoaders$AppClassLoader
ciInstanceKlass java/util/ArrayList 1 1 514 10 7 12 1 1 1 7 1 9 7 12 1 1 1 9 12 1 100 1 100 1 10 8 1 10 12 1 1 10 12 1 10 12 1 1 10 12 1 9 12 1 11 7 12 1 1 1 9 12 1 1 11 12 1 1 7 10 7 12 1 1 1 9 12 1 10 12 1 10 12 1 1 10 7 12 1 1 1 10 7 12 1 1 1 10 12 1 1 10 12 1 1 10 12 1 1 10 12 1 10 12 1 1 100 1 100 1 10 12 1 10 10 7 12 1 1 1 10 7 12 1 1 10 12 1 100 1 10 10 12 10 12 1 1 10 12 1 1 10 12 1 10 12 10 12 1 1 100 1 10 12 1 1 10 12 1 1 10 12 1 100 1 10 11 12 1 1 11 100 12 1 1 1 11 12 1 10 12 1 10 12 1 10 12 1 1 100 1 10 12 1 1 10 10 12 1 1 10 12 1 8 1 8 1 8 1 8 1 10 12 1 1 10 12 1 1 11 12 1 100 1 10 100 12 1 1 10 12 1 10 12 1 1 10 100 12 1 1 10 12 1 10 100 12 1 1 1 11 100 12 1 1 1 10 12 1 100 1 8 1 10 7 1 10 12 1 7 1 10 12 1 10 12 1 1 7 1 10 12 1 10 12 1 1 11 100 12 1 1 7 1 10 12 1 10 12 1 1 11 100 12 1 1 10 12 1 1 10 12 1 1 10 12 1 1 10 12 1 1 11 100 12 1 1 10 12 1 1 10 12 1 1 100 1 100 1 100 1 1 1 1 5 0 1 3 1 1 1 1 1 1 1 1 1 1 1 1 1 1 1 1 1 1 1 1 1 1 1 1 1 1 1 1 1 1 1 1 1 1 1 1 1 1 1 1 1 1 1 1 1 1 1 1 1 1 1 1 1 1 1 1 1 1 1 1 1 1 1 1 1 1 1 1 1 1 1 1 1 1 1 1 1 1 1 1 1 1 1 1 1 1 1 1 1 1 1 1 1 1 1 1 1 1 1 1 1 1 1 1 100 1 1 1 1 100 1 1 1 1 1 1 1 1 1 1 1 1 1 1 1 1 1 1 1 1 1 1 1 1 1 1 1 1 1 100 1 1 1 1 1 1 1 1 1 1 1 1 1 1 1 1 1 1 1 100 1 100 1 1 1 1 1 1
staticfield java/util/ArrayList EMPTY_ELEMENTDATA [Ljava/lang/Object; 0 [Ljava/lang/Object;
staticfield java/util/ArrayList DEFAULTCAPACITY_EMPTY_ELEMENTDATA [Ljava/lang/Object; 0 [Ljava/lang/Object;
ciInstanceKlass java/util/List 1 1 251 10 100 12 1 1 1 11 100 12 1 1 1 11 100 12 1 1 1 11 12 1 1 11 100 12 1 1 11 12 1 1 11 12 1 1 10 100 12 1 1 1 7 1 7 1 10 12 1 1 100 1 10 100 12 1 1 1 11 12 1 1 11 12 1 11 12 1 100 1 10 12 1 11 12 1 1 11 12 1 1 11 12 1 10 100 12 1 1 1 9 7 12 1 1 1 7 1 10 12 10 12 1 7 1 10 12 1 1 10 12 1 10 12 1 1 11 12 1 1 100 1 1 1 1 1 1 1 1 1 1 1 1 1 1 1 1 1 1 1 1 1 1 1 1 1 1 1 1 1 1 1 1 1 1 1 1 1 1 1 1 1 1 1 1 100 1 100 1 1 1 1 1 1 1 1 1 1 1 1 1 1 1 1 1 1 1 1 1 1 1 1 1 1 1 1 1 1 1 1 1 1 1 1 1 1 1 1 1 1 1 1 1 1 1 1 1 1 1 1 1 1 1 1 1 1 1 1 1 1 1 1 1 1 1 1 1 1 1 1 1 1 1 1 100 1 1 100 1 1 1
ciInstanceKlass java/util/SequencedCollection 1 1 104 100 1 10 12 1 1 11 100 12 1 1 1 11 100 12 1 1 1 11 12 1 1 11 12 1 100 1 100 1 1 1 1 1 1 1 1 1 1 1 1 1 1 1 1 1 1 1 1 1 1 1 1 1 1 1 1 1 100 1 8 1 12 10 1 1 8 1 1 1 8 1 1 8 1 1 1 8 1 1 8 1 1 1 8 1 1 8 1 8 1 1 8 1 1 1 8 1 1 8 1 1 8 1
ciInstanceKlass java/lang/Iterable 1 1 62 10 7 12 1 1 1 11 7 12 1 1 1 11 7 12 1 1 1 11 12 1 1 11 7 12 1 1 1 10 100 12 1 1 1 100 1 1 1 1 1 1 1 1 1 1 1 1 1 1 1 1 1 1 1 1 1 1 1 1 1 1
ciInstanceKlass java/util/RandomAccess 1 0 7 100 1 100 1 1 1
instanceKlass java/util/AbstractMap$2
instanceKlass java/util/LinkedHashMap$LinkedValues
instanceKlass java/util/IdentityHashMap$Values
instanceKlass java/util/concurrent/ConcurrentLinkedDeque
instanceKlass java/util/AbstractQueue
instanceKlass java/util/HashMap$Values
instanceKlass java/util/ArrayDeque
instanceKlass java/util/AbstractSet
instanceKlass java/util/ImmutableCollections$AbstractImmutableCollection
instanceKlass java/util/AbstractList
ciInstanceKlass java/util/AbstractCollection 1 1 160 10 7 12 1 1 1 10 7 12 1 1 1 10 12 1 1 11 7 12 1 1 1 11 12 1 1 10 12 1 1 10 100 12 1 1 1 10 12 1 1 10 12 1 1 10 7 12 1 1 10 7 12 1 1 1 7 1 10 100 12 1 1 1 10 100 12 1 1 1 100 1 10 11 12 1 11 7 1 10 12 1 10 12 1 10 100 12 1 1 1 11 8 1 100 1 10 10 12 1 1 8 1 10 12 1 10 12 1 1 1 1 1 1 1 1 1 1 1 1 1 1 1 1 1 1 1 1 1 1 1 1 1 1 1 1 1 1 1 1 1 1 1 1 1 1 1 1 1 1 1 1 1 1 1 1 1 1 1 1
instanceKlass java/util/Collections$CopiesList
instanceKlass sun/security/jca/ProviderList$2
instanceKlass sun/awt/util/IdentityArrayList
instanceKlass java/util/AbstractSequentialList
instanceKlass java/util/ArrayList$SubList
instanceKlass java/util/Vector
instanceKlass java/util/Arrays$ArrayList
instanceKlass java/util/Collections$EmptyList
instanceKlass java/util/ArrayList
ciInstanceKlass java/util/AbstractList 1 1 218 10 7 12 1 1 1 9 7 12 1 1 1 10 12 1 1 10 12 1 1 100 1 10 10 12 1 1 11 7 12 1 1 1 11 12 1 1 11 12 1 10 7 12 1 1 1 10 12 1 11 12 1 11 12 1 11 12 1 10 12 1 1 10 12 1 1 11 100 12 1 1 1 11 7 1 11 7 1 10 12 1 7 1 10 12 1 10 12 1 1 100 1 100 1 10 12 1 100 1 10 100 1 100 1 10 8 1 10 12 1 1 10 12 1 10 12 1 1 10 12 1 8 1 100 1 8 1 8 1 8 1 10 7 1 11 10 10 12 1 11 12 1 10 12 1 1 8 1 8 1 1 1 1 1 1 1 1 1 1 1 1 1 1 1 1 1 1 1 1 1 1 1 1 1 1 1 1 1 1 1 1 1 1 1 1 1 1 1 1 1 1 1 1 1 1 1 1 1 1 1 1 1 1 1 1 1 1 100 1 100 1 1 1 1 1 1 1
instanceKlass java/util/LinkedHashSet
ciInstanceKlass java/util/HashSet 1 1 303 10 7 12 1 1 1 7 1 10 9 7 12 1 1 1 11 7 12 1 1 1 10 7 12 1 1 1 10 12 1 1 10 12 1 1 10 12 1 10 12 1 7 1 10 10 12 1 1 11 7 12 1 1 1 10 10 12 1 1 10 12 1 1 9 12 1 1 10 12 1 1 10 12 1 1 10 12 1 10 7 12 1 1 1 10 100 1 100 1 10 12 1 10 100 12 1 1 10 12 1 10 12 1 10 12 1 1 10 12 1 1 11 100 12 1 1 11 12 1 10 12 1 1 10 100 12 1 1 1 10 12 1 100 1 100 1 10 8 1 10 12 1 1 10 12 1 10 12 1 1 10 12 1 10 12 1 10 100 12 1 1 1 8 1 10 12 1 4 4 10 12 1 1 8 1 10 12 1 1 4 10 100 12 1 1 1 100 1 10 12 1 1 11 100 12 1 1 1 100 1 10 12 1 100 1 10 12 1 10 12 1 1 10 12 1 100 1 8 1 10 10 12 1 10 10 100 1 100 1 1 1 1 5 0 1 1 1 1 1 1 1 1 1 1 1 1 1 1 1 1 1 1 1 1 1 1 1 1 1 1 1 1 1 1 1 1 1 1 100 1 1 1 1 100 1 1 1 1 1 1 1 1 1 1 1 1 1 1 1 1 1 1 1 100 1 1 100 1 100 1 1 1
staticfield java/util/HashSet PRESENT Ljava/lang/Object; java/lang/Object
ciMethod java/util/HashSet remove (Ljava/lang/Object;)Z 512 0 2483 0 0
ciInstanceKlass java/lang/annotation/Annotation 0 0 17 100 1 100 1 1 1 1 1 1 1 1 1 1 1 1 1
ciInstanceKlass java/util/concurrent/ConcurrentHashMap$KeySetView 1 1 189 10 7 12 1 1 1 9 7 12 1 1 1 9 12 1 1 10 7 12 1 1 1 10 12 1 1 9 12 1 1 7 1 10 12 1 100 1 10 12 1 10 12 1 1 11 100 12 1 1 1 11 100 12 1 1 1 11 12 1 1 10 10 100 12 1 1 1 100 1 10 12 1 1 11 10 12 1 1 100 1 10 12 1 100 1 10 100 1 10 12 1 10 12 1 1 9 100 12 1 1 11 100 12 1 1 1 10 12 1 10 12 1 1 100 1 1 1 1 5 0 1 1 1 1 1 1 1 1 1 1 1 1 1 1 1 1 1 1 1 1 1 1 100 1 1 1 1 1 1 1 1 1 1 1 1 1 1 1 1 1 1 1 1 1 1 1 1 1 1 1 1 1 1 1 1 1 1 1 1 1 1 1 1 1 1 1 1 1
instanceKlass java/util/concurrent/ConcurrentHashMap$EntrySetView
instanceKlass java/util/concurrent/ConcurrentHashMap$ValuesView
instanceKlass java/util/concurrent/ConcurrentHashMap$KeySetView
ciInstanceKlass java/util/concurrent/ConcurrentHashMap$CollectionView 1 1 203 7 1 10 7 12 1 1 1 9 7 12 1 1 1 10 12 1 10 12 1 1 10 12 1 1 10 12 1 1 5 0 100 1 8 1 10 12 1 10 12 1 1 11 100 12 1 1 11 12 1 1 3 3 10 100 12 1 1 1 10 12 1 1 10 100 12 1 1 10 100 12 1 1 1 100 1 100 1 10 10 12 1 1 8 1 10 12 1 10 12 1 1 11 100 1 10 12 1 1 100 1 10 9 12 1 1 100 1 11 11 11 12 1 10 12 100 1 1 1 1 5 0 1 1 1 1 1 1 1 1 1 1 1 1 1 1 1 1 1 1 1 1 1 1 1 1 1 1 1 1 1 1 1 1 1 1 1 1 1 1 1 1 1 1 1 1 1 1 1 1 1 1 100 1 1 1 1 1 1 100 1 100 1 100 1 1 1 100 1 1 1 1 1 1 100 1 8 10 1 1 8 1
ciMethod java/util/concurrent/ConcurrentHashMap$KeySetView remove (Ljava/lang/Object;)Z 12 0 6 0 0
ciInstanceKlass java/nio/channels/ScatteringByteChannel 1 0 15 100 1 100 1 100 1 1 1 1 100 1 1 1 1
ciInstanceKlass java/nio/channels/ReadableByteChannel 1 0 14 100 1 100 1 100 1 1 1 1 100 1 1 1
ciInstanceKlass java/nio/channels/Channel 1 0 16 100 1 100 1 100 1 1 1 1 1 1 100 1 1 1
ciInstanceKlass java/nio/channels/WritableByteChannel 1 0 14 100 1 100 1 100 1 1 1 1 100 1 1 1
ciInstanceKlass java/nio/channels/ByteChannel 1 0 11 100 1 100 1 100 1 100 1 1 1
ciInstanceKlass java/nio/channels/InterruptibleChannel 1 0 14 100 1 100 1 100 1 1 1 1 100 1 1 1
ciInstanceKlass java/nio/channels/GatheringByteChannel 1 0 15 100 1 100 1 100 1 1 1 1 100 1 1 1 1
instanceKlass java/nio/channels/SelectableChannel
instanceKlass java/nio/channels/FileChannel
ciInstanceKlass java/nio/channels/spi/AbstractInterruptibleChannel 1 1 124 10 7 12 1 1 1 9 7 12 1 1 1 7 1 10 12 1 9 12 1 1 9 12 1 1 10 12 1 9 12 1 1 9 12 1 1 10 7 12 1 1 1 10 12 1 1 10 7 12 1 1 1 10 12 1 1 11 100 12 1 1 1 11 12 1 9 12 1 100 1 10 100 1 10 10 7 12 1 1 1 11 7 1 10 12 1 1 8 10 12 1 1 100 1 100 1 1 1 1 1 1 1 1 100 1 1 100 1 1 1 1 1 1 1 1 1 1 1 1 1 1 1 1
staticfield java/nio/channels/spi/AbstractInterruptibleChannel U Ljdk/internal/misc/Unsafe; jdk/internal/misc/Unsafe
staticfield java/nio/channels/spi/AbstractInterruptibleChannel INTERRUPTED_TARGET J 24
ciMethod java/nio/channels/spi/AbstractInterruptibleChannel isOpen ()Z 780 0 3742 0 0
ciInstanceKlass java/util/ArrayDeque 1 1 440 100 1 9 7 12 1 1 1 3 10 12 1 1 10 100 12 1 1 1 9 12 1 1 9 12 1 10 100 12 1 1 1 100 1 8 1 10 12 1 1 100 1 3 10 7 12 1 1 7 1 11 100 12 1 1 1 10 12 1 10 12 1 1 100 1 10 100 1 10 10 12 1 10 12 1 10 12 1 10 18 12 1 1 11 12 1 1 10 12 1 1 10 12 1 10 12 1 1 100 1 10 10 12 1 10 12 1 1 10 12 1 1 10 12 1 1 10 12 1 10 12 1 10 12 1 10 12 1 10 12 1 1 7 1 10 12 1 100 1 10 100 1 10 10 100 12 1 1 1 11 100 12 1 10 12 1 1 18 12 1 1 18 11 100 12 1 10 12 1 1 10 12 1 1 10 12 1 1 10 12 1 1 10 12 1 1 10 12 1 100 10 12 1 1 10 12 1 1 10 12 1 1 10 100 12 1 1 10 12 1 100 1 100 1 10 10 100 12 1 1 10 12 1 10 12 1 10 100 12 1 1 10 12 1 10 100 12 1 1 1 11 100 12 1 1 1 10 12 1 100 1 9 12 1 1 8 1 10 12 1 1 10 100 12 1 1 1 8 1 10 12 1 1 10 12 1 11 12 1 100 1 100 1 100 1 1 1 1 1 5 0 1 1 1 1 1 1 1 1 1 1 1 1 1 1 1 1 1 1 1 1 1 1 1 1 1 1 1 1 1 1 1 1 1 1 1 1 1 1 1 1 1 1 1 1 1 1 1 1 1 1 1 1 1 1 1 1 1 1 1 1 1 1 1 1 1 1 1 1 1 1 1 1 1 1 1 1 1 1 1 1 1 1 1 1 1 1 100 1 1 1 1 1 1 1 1 100 1 1 1 1 1 1 1 1 1 1 1 100 1 1 1 100 1 1 1 1 1 1 1 1 1 1 1 16 15 16 15 10 12 15 10 12 15 10 100 12 1 1 1 1 1 1 1 100 1 100 1 1
ciInstanceKlass java/util/Queue 1 0 68 100 1 100 1 100 1 1 1 1 1 1 1 1 1 1 1 1 1 1 1 1 100 1 8 1 1 12 10 1 8 1 1 1 8 1 1 1 8 1 1 1 8 1 1 1 8 1 1 8 1 1 1 8 1 1 8 1 1 1 8 1 1 8 1 1 8 1
ciMethod java/util/ArrayDeque pollFirst ()Ljava/lang/Object; 274 0 5257 0 177
ciMethod java/util/ArrayDeque elementAt ([Ljava/lang/Object;I)Ljava/lang/Object; 512 0 5259 0 0
ciMethod java/util/ArrayDeque inc (II)I 984 0 881 0 0
ciInstanceKlass java/nio/channels/NetworkChannel 1 0 26 100 1 100 1 100 1 1 1 1 100 1 1 1 1 1 1 1 1 1 1 1 1 1 1 1
instanceKlass java/nio/channels/spi/AbstractSelectableChannel
ciInstanceKlass java/nio/channels/SelectableChannel 1 1 45 10 7 12 1 1 1 10 7 12 1 1 1 100 1 1 1 1 1 1 1 1 1 1 1 1 1 1 1 100 1 1 1 1 1 1 1 1 100 1 1 1 1 1 1
ciMethod java/nio/channels/SelectableChannel isRegistered ()Z 0 0 1 0 -1
instanceKlass java/nio/channels/Pipe$SinkChannel
instanceKlass java/nio/channels/Pipe$SourceChannel
instanceKlass java/nio/channels/ServerSocketChannel
instanceKlass java/nio/channels/SocketChannel
ciInstanceKlass java/nio/channels/spi/AbstractSelectableChannel 1 1 228 10 7 12 1 1 1 9 7 12 1 1 1 9 12 1 1 7 1 10 9 12 1 1 9 12 1 9 12 1 1 9 12 1 1 10 100 12 1 1 1 100 1 10 7 1 10 12 1 1 7 1 10 12 1 10 12 1 1 10 12 1 1 10 100 12 1 1 1 18 12 1 1 11 100 12 1 1 1 10 100 12 1 1 1 18 12 1 1 11 12 1 1 10 12 1 1 100 1 10 10 12 1 100 1 10 10 12 1 100 1 10 10 12 1 10 12 1 1 7 1 10 12 1 1 10 12 1 1 10 12 1 10 7 12 1 1 10 12 1 9 12 1 10 12 1 10 12 1 1 10 7 12 1 1 1 1 1 1 1 1 1 1 1 1 1 1 1 1 1 1 100 1 1 1 100 1 1 1 1 1 1 1 1 1 1 1 1 1 100 1 1 1 1 1 1 1 1 1 1 1 1 16 15 10 12 16 16 1 15 11 100 12 1 16 15 10 100 12 1 1 1 1 100 1 100 1 1
staticfield java/nio/channels/spi/AbstractSelectableChannel $assertionsDisabled Z 1
ciMethod java/nio/channels/spi/AbstractSelectableChannel isRegistered ()Z 2 0 10 0 0
ciMethod java/nio/channels/spi/AbstractSelectableChannel removeKey (Ljava/nio/channels/SelectionKey;)V 2 4 6 0 -1
ciInstanceKlass sun/nio/ch/SocketChannelImpl 1 1 896 10 7 12 1 1 1 9 7 12 1 1 1 9 12 1 10 7 12 1 1 1 10 7 12 1 1 7 1 10 12 1 9 12 1 1 9 12 1 7 1 10 9 12 1 1 8 1 10 7 12 1 1 1 9 12 1 100 1 8 1 10 12 1 8 1 9 12 1 1 10 7 12 1 1 1 9 12 1 1 10 12 1 10 7 12 1 1 1 9 12 1 10 12 1 1 9 12 1 10 12 1 9 12 1 9 12 1 10 12 1 100 1 10 100 1 10 9 12 1 10 12 1 10 100 12 1 1 1 8 1 10 12 1 10 12 1 10 12 1 1 11 100 12 1 1 1 7 1 10 8 1 10 12 1 1 10 12 1 8 1 10 12 1 1 11 100 12 1 1 1 10 7 12 1 1 100 1 8 1 10 9 7 12 1 1 1 10 12 1 1 9 12 1 10 12 1 100 1 10 12 1 9 12 1 1 10 12 1 1 10 12 1 1 10 12 1 1 10 12 1 10 12 1 9 100 12 1 1 1 9 12 1 10 12 1 10 7 12 1 1 1 9 12 1 1 10 12 1 10 12 1 1 100 1 8 1 10 10 12 1 10 12 1 10 12 1 10 12 1 9 12 1 10 12 1 9 12 1 7 1 10 12 1 1 10 12 1 10 12 1 5 0 9 12 1 1 10 12 1 1 10 12 1 1 9 12 1 1 10 12 1 1 100 1 10 12 1 1 10 12 1 1 10 12 1 10 12 1 10 7 12 1 1 10 12 1 1 10 12 1 10 12 1 10 12 1 1 10 12 1 9 12 1 9 12 1 10 12 1 10 12 1 9 12 1 10 12 1 100 1 10 10 12 10 7 1 10 12 1 10 10 12 1 10 12 10 12 1 1 8 1 10 12 1 9 12 1 10 12 1 100 1 10 9 12 1 10 12 1 1 10 7 12 1 1 1 10 12 1 100 1 10 100 1 10 10 12 1 1 10 12 1 10 12 1 1 10 12 1 1 10 100 12 1 1 1 11 100 1 10 100 12 1 1 10 12 1 1 100 1 10 12 1 1 10 12 1 10 12 1 10 12 1 1 10 12 1 1 10 100 12 1 1 1 10 12 1 100 1 10 10 12 1 10 100 12 1 1 100 1 10 12 1 10 12 1 10 12 1 10 12 1 1 10 12 1 1 10 12 1 10 12 1 1 10 12 1 100 1 10 12 1 10 100 12 1 1 1 100 1 10 10 12 1 10 12 1 10 12 1 10 12 1 10 12 1 10 7 12 1 1 10 12 1 10 12 1 9 12 1 7 1 10 12 1 10 12 1 1 10 12 1 1 9 12 1 10 12 1 10 12 10 12 1 10 12 1 10 12 1 10 100 12 1 1 1 10 12 1 10 12 1 1 10 100 12 1 1 100 1 8 1 10 10 12 1 100 1 10 10 12 1 10 12 1 1 10 100 12 1 1 1 10 100 12 1 1 100 1 11 12 1 10 12 1 10 12 1 1 10 12 1 1 10 12 1 1 8 1 10 12 1 1 10 12 1 10 12 10 12 1 10 12 1 10 7 12 1 1 10 12 1 9 12 1 9 12 1 9 12 1 10 12 100 1 9 12 1 10 12 1 10 12 1 1 10 12 1 10 12 1 10 12 1 10 12 1 8 1 8 1 8 1 8 1 8 1 8 1 10 12 8 1 8 1 10 12 1 1 10 12 1 10 12 1 7 1 10 100 1 1 1 3 1 3 1 3 1 3 1 3 1 1 1 1 1 1 1 1 100 1 1 100 1 1 100 1 100 1 100 1 1 1 1 1 1 1 1 1 1 1 1 1 1 1 1 1 1 1 1 1 1 1 1 1 1 100 1 1 1 1 1 1 1 1 1 1 1 1 1 1 1 1 1 1 1 1 1 1 1 1 1 1 1 1 1 1 1 1 1 1 1 1 1 1 1 1 1 1 1 1 1 1 100 1 1 1 1 1 1 1 1 1 1 1 1 1 1 1 1 1 1 1 1 1 1 1 1 1 1 1 1 1 1 1
staticfield sun/nio/ch/SocketChannelImpl nd Lsun/nio/ch/NativeDispatcher; sun/nio/ch/SocketDispatcher
staticfield sun/nio/ch/SocketChannelImpl $assertionsDisabled Z 1
ciInstanceKlass sun/nio/ch/SelChImpl 1 1 116 10 100 12 1 1 1 10 12 1 1 11 100 12 1 1 1 18 12 1 1 10 100 12 1 1 1 5 0 9 100 12 1 1 1 10 12 1 1 9 12 1 10 12 1 11 12 1 1 10 100 12 1 1 11 12 1 1 100 1 100 1 1 1 1 1 1 1 1 1 100 1 1 1 1 1 1 1 1 1 1 1 1 1 1 1 1 16 15 11 12 1 15 10 100 12 1 1 1 1 100 1 100 1 1 1 100 1 8 1 1 12 10 1 8 1
ciMethod sun/nio/ch/SelChImpl kill ()V 0 0 1 0 -1
ciMethod sun/nio/ch/SocketChannelImpl kill ()V 4 0 2 0 0
ciMethod sun/nio/ch/SocketChannelImpl tryFinishClose ()V 4 0 2 0 -1
ciMethod java/util/Deque pollFirst ()Ljava/lang/Object; 0 0 1 0 -1
ciMethod java/lang/Thread holdsLock (Ljava/lang/Object;)Z 256 0 128 0 -1
ciMethod java/util/Set remove (Ljava/lang/Object;)Z 0 0 1 0 -1
ciMethod java/util/Map remove (Ljava/lang/Object;)Ljava/lang/Object; 0 0 1 0 -1
ciInstanceKlass java/lang/AssertionError 0 0 79 10 100 12 1 1 1 10 12 1 10 100 12 1 1 1 10 100 1 100 1 10 12 1 1 10 12 1 10 12 1 10 12 1 10 12 1 10 12 1 10 12 1 10 12 1 1 1 1 5 0 1 1 1 1 1 1 1 1 1 1 100 1 1 1 1 1 1 1 1 1 1 1 1 1 1 1 1 1
instanceKlass java/nio/channels/spi/AbstractSelector
ciInstanceKlass java/nio/channels/Selector 1 1 157 10 7 12 1 1 1 10 7 12 1 1 1 10 12 1 1 100 1 8 1 10 12 1 10 100 12 1 1 1 100 1 10 7 12 1 1 1 10 12 1 5 0 10 12 1 1 11 100 12 1 1 10 12 1 1 10 12 1 11 12 1 1 9 12 1 1 11 12 1 100 1 10 18 12 1 1 11 12 1 1 11 12 1 10 12 1 1 100 1 10 10 7 12 1 1 100 1 1 1 1 1 1 1 1 1 100 1 1 1 1 1 1 1 1 1 1 1 1 1 1 1 1 1 1 1 100 1 1 1 1 1 1 1 1 1 1 1 16 15 10 12 16 1 15 10 100 12 1 1 1 1 100 1 100 1 1
staticfield java/nio/channels/Selector $assertionsDisabled Z 1
instanceKlass sun/nio/ch/SelectorImpl
ciInstanceKlass java/nio/channels/spi/AbstractSelector 1 1 156 10 7 12 1 1 1 9 7 12 1 1 1 7 1 11 7 12 1 1 1 9 12 1 1 100 1 10 7 1 10 12 1 9 12 1 1 11 12 1 1 9 12 1 1 10 100 12 1 1 1 10 12 1 9 12 1 1 10 7 12 1 1 1 7 1 10 12 1 1 10 7 12 1 1 1 10 7 12 1 1 1 10 12 1 1 11 100 12 1 1 10 7 12 1 1 1 8 9 7 12 1 1 1 10 7 12 1 1 1 1 1 1 1 1 1 1 1 1 100 1 1 1 1 100 1 100 1 100 1 1 1 1 100 1 1 1 1 1 1 1 1 1 1 1 1 1 1 1 1 1 1 1 100 1 1
staticfield java/nio/channels/spi/AbstractSelector CLOSED Ljava/lang/invoke/VarHandle; java/lang/invoke/VarHandleBooleans$FieldInstanceReadWrite
instanceKlass sun/nio/ch/WEPollSelectorImpl
ciInstanceKlass sun/nio/ch/SelectorImpl 1 1 295 10 7 12 1 1 1 7 1 10 12 1 9 7 12 1 1 1 10 7 12 1 1 1 9 12 1 1 7 1 10 9 12 1 10 7 12 1 1 1 9 12 1 10 7 12 1 1 9 12 1 10 12 1 1 100 1 10 10 12 1 10 12 1 10 12 1 9 12 1 1 100 1 8 1 10 12 1 10 12 1 1 100 1 8 1 10 5 0 10 12 1 10 100 12 1 1 1 10 12 1 1 10 12 1 11 7 12 1 1 1 11 100 12 1 1 11 12 1 1 7 1 10 12 1 1 10 12 1 1 10 7 1 10 12 1 7 1 11 12 1 11 12 1 1 11 12 9 12 1 11 12 1 100 1 10 100 1 10 10 12 1 10 12 1 10 12 1 1 11 12 1 10 12 1 1 100 1 10 100 12 1 1 1 10 12 1 11 7 12 1 1 1 10 100 12 1 1 11 12 1 10 12 1 10 12 1 1 10 12 1 1 10 12 1 11 100 12 1 1 11 12 1 10 12 1 10 7 12 1 1 1 1 1 1 1 1 1 1 1 1 1 1 1 1 1 1 100 1 1 1 1 1 1 1 1 100 1 100 1 1 1 1 1 1 1 1 1 1 1 1 1 1 1 1 1 1 1 1 1 1 1 1 1 1 1 1 1 1 1 1 1 100 1 1
staticfield sun/nio/ch/SelectorImpl $assertionsDisabled Z 1
ciInstanceKlass sun/nio/ch/WEPollSelectorImpl 1 1 329 7 1 10 7 12 1 1 1 7 1 10 12 1 9 7 12 1 1 1 7 1 10 9 12 1 1 7 1 10 9 12 1 1 9 12 1 10 12 1 1 9 12 1 1 10 12 1 1 9 12 1 7 1 10 12 1 9 12 1 1 100 1 10 12 1 1 10 12 1 10 12 1 1 10 7 12 1 1 1 9 12 1 1 10 12 1 1 10 7 1 9 12 1 10 12 1 1 9 12 1 1 10 100 12 1 1 1 100 1 10 7 1 5 0 10 7 12 1 1 1 10 12 1 10 12 1 10 12 1 1 10 7 12 1 1 10 12 1 1 10 12 1 10 10 12 1 1 11 7 12 1 1 1 7 1 10 12 1 1 10 10 12 1 1 11 7 12 1 1 1 10 12 1 10 12 1 10 12 1 1 10 12 1 10 12 1 1 10 12 1 1 11 12 1 1 10 12 1 10 12 1 1 10 7 12 1 1 1 10 12 1 10 12 1 1 10 12 1 10 12 1 9 12 1 10 12 10 11 12 1 11 12 1 1 10 7 12 1 1 1 100 1 10 12 1 10 12 1 1 9 12 1 1 9 12 1 9 12 1 9 12 1 9 12 1 10 7 12 1 1 1 1 3 1 1 1 1 1 1 1 1 1 1 1 1 1 100 1 1 1 1 1 1 1 1 1 1 1 1 1 100 1 100 1 1 1 1 1 1 1 1 1 1 1 1 1 1 1 1 1 1 1 1 1 1 1 1 1
staticfield sun/nio/ch/WEPollSelectorImpl $assertionsDisabled Z 1
ciInstanceKlass sun/nio/ch/WEPoll 1 1 137 10 100 12 1 1 1 9 7 12 1 1 1 9 12 1 1 10 7 12 1 1 1 10 12 1 1 10 12 1 1 9 12 1 9 12 1 10 12 1 10 12 1 1 10 12 1 9 12 1 1 100 1 10 9 12 1 10 7 12 1 1 1 10 12 1 1 10 12 1 1 10 7 12 1 1 10 12 1 10 12 1 10 12 1 1 1 3 1 3 1 3 1 1 1 3 1 3 1 3 1 3 1 1 1 1 1 1 1 1 1 1 1 1 1 1 1 1 1 1 1 1 1 1 1 1 1 100 1 1 1 1 1 1 1 1 1
staticfield sun/nio/ch/WEPoll UNSAFE Ljdk/internal/misc/Unsafe; jdk/internal/misc/Unsafe
staticfield sun/nio/ch/WEPoll ADDRESS_SIZE I 8
staticfield sun/nio/ch/WEPoll SIZEOF_EPOLLEVENT I 16
staticfield sun/nio/ch/WEPoll OFFSETOF_EVENTS I 0
staticfield sun/nio/ch/WEPoll OFFSETOF_SOCK I 8
staticfield sun/nio/ch/WEPoll $assertionsDisabled Z 1
instanceKlass java/nio/channels/spi/AbstractSelectionKey
ciInstanceKlass java/nio/channels/SelectionKey 1 1 91 10 7 12 1 1 1 10 7 12 1 1 1 10 12 1 10 12 1 9 12 1 1 10 7 12 1 1 1 9 12 1 1 10 7 12 1 1 1 8 10 7 12 1 1 1 1 1 1 3 1 3 1 3 1 3 1 1 1 1 1 1 1 1 1 1 1 1 1 1 1 1 1 100 1 1 1 1 1 1 1 1 1 1 1 1 1 1 100 1 1
staticfield java/nio/channels/SelectionKey ATTACHMENT Ljava/lang/invoke/VarHandle; java/lang/invoke/VarHandleReferences$FieldInstanceReadWrite
instanceKlass sun/nio/ch/SelectionKeyImpl
ciInstanceKlass java/nio/channels/spi/AbstractSelectionKey 1 1 80 10 7 12 1 1 1 9 7 12 1 1 1 9 12 1 1 10 7 12 1 1 1 10 12 1 1 7 1 7 1 10 12 1 1 100 1 10 12 1 10 7 12 1 1 1 8 9 7 12 1 1 1 10 7 12 1 1 1 1 1 1 1 1 1 1 1 1 1 1 1 100 1 1 1 1 1 100 1 1
staticfield java/nio/channels/spi/AbstractSelectionKey INVALID Ljava/lang/invoke/VarHandle; java/lang/invoke/VarHandleBooleans$FieldInstanceReadWrite
ciInstanceKlass sun/nio/ch/SelectionKeyImpl 1 1 200 10 7 12 1 1 1 9 7 12 1 1 1 9 12 1 1 10 12 1 1 100 1 10 11 7 12 1 1 1 11 12 1 1 7 1 10 12 1 9 12 1 1 10 12 1 10 12 1 100 1 10 9 12 1 1 10 7 12 1 1 1 10 7 12 1 1 1 10 12 1 10 12 1 9 12 1 11 12 1 1 11 12 1 1 11 12 1 9 12 1 9 12 1 9 12 1 1 10 12 1 1 9 12 1 10 100 12 1 1 1 100 1 10 100 1 10 8 1 10 12 1 1 10 12 1 8 1 8 1 10 12 1 8 1 8 1 10 12 1 1 10 7 12 1 1 10 7 12 1 1 1 8 9 7 12 1 1 1 10 7 12 1 1 1 1 1 1 1 1 1 1 1 1 1 1 1 1 1 1 1 1 1 1 1 1 1 1 1 1 1 1 1 1 1 1 1 100 1 1
staticfield sun/nio/ch/SelectionKeyImpl INTERESTOPS Ljava/lang/invoke/VarHandle; java/lang/invoke/VarHandleInts$FieldInstanceReadWrite
staticfield sun/nio/ch/SelectionKeyImpl $assertionsDisabled Z 1
ciMethodData java/util/ArrayDeque pollFirst ()Ljava/lang/Object; 2 5120 orig 80 0 0 0 0 0 0 0 0 0 0 0 0 0 0 0 0 0 0 0 0 0 0 0 0 0 0 0 0 0 0 0 0 0 0 0 0 0 0 0 0 0 0 0 0 0 0 0 0 0 0 0 0 0 0 0 0 0 0 0 0 0 0 0 0 0 0 0 0 0 0 0 0 0 0 0 0 0 0 0 0 data 23 0xc0002 0x1400 0x110007 0x124e 0x60 0x1b2 0x170104 0x0 0x0 0x0 0x0 0x0 0x1c0002 0x1b2 0x0 0x0 0x0 0x0 0x0 0x0 0x9 0x1 0x0 oops 0 methods 0
ciMethodData java/util/ArrayDeque elementAt ([Ljava/lang/Object;I)Ljava/lang/Object; 2 5003 orig 80 0 0 0 0 0 0 0 0 0 0 0 0 0 0 0 0 0 0 0 0 0 0 0 0 0 0 0 0 0 0 0 0 0 0 0 0 0 0 0 0 0 0 0 0 0 0 0 0 0 0 0 0 0 0 0 0 0 0 0 0 0 0 0 0 0 0 0 0 0 0 0 0 0 0 0 0 0 0 0 0 data 7 0x0 0x0 0x0 0x9 0x2 0x0 0x0 oops 0 methods 0
ciMethodData java/util/ArrayDeque inc (II)I 1 389 orig 80 0 0 0 0 0 0 0 0 0 0 0 0 0 0 0 0 0 0 0 0 0 0 0 0 0 0 0 0 0 0 0 0 0 0 0 0 0 0 0 0 0 0 0 0 0 0 0 0 0 0 0 0 0 0 0 0 0 0 0 0 0 0 0 0 0 0 0 0 0 0 0 0 0 0 0 0 0 0 0 0 data 9 0x50007 0x9b 0x20 0xea 0x0 0x9 0x2 0x0 0x0 oops 0 methods 0
ciMethod sun/nio/ch/WEPollSelectorImpl implDereg (Lsun/nio/ch/SelectionKeyImpl;)V 2 0 6 0 0
ciMethod sun/nio/ch/SelectorImpl implDereg (Lsun/nio/ch/SelectionKeyImpl;)V 0 0 1 0 -1
ciMethod sun/nio/ch/SelectorImpl processDeregisterQueue ()V 512 2 5377 0 -1
ciMethod java/nio/channels/spi/AbstractSelector deregister (Ljava/nio/channels/spi/AbstractSelectionKey;)V 2 0 6 0 0
ciMethod sun/nio/ch/WEPoll ctl (JIJI)I 28 0 14 0 -1
ciMethod sun/nio/ch/SelectionKeyImpl getFDVal ()I 26 0 13 0 -1
ciMethod sun/nio/ch/SelectionKeyImpl channel ()Ljava/nio/channels/SelectableChannel; 14 0 23 0 0
ciMethod sun/nio/ch/SelectionKeyImpl registeredEvents (I)V 26 0 13 0 -1
ciMethod sun/nio/ch/SelectionKeyImpl registeredEvents ()I 26 0 13 0 -1
ciMethod java/nio/channels/spi/AbstractSelectionKey isValid ()Z 44 0 22 0 -1
ciMethod java/nio/channels/SelectionKey channel ()Ljava/nio/channels/SelectableChannel; 0 0 1 0 -1
ciMethodData sun/nio/ch/SelectorImpl processDeregisterQueue ()V 2 5121 orig 80 0 0 0 0 0 0 0 0 0 0 0 0 0 0 0 0 0 0 0 0 0 0 0 0 0 0 0 0 0 0 0 0 0 0 0 0 0 0 0 0 0 0 0 0 0 0 0 0 0 0 0 0 0 0 0 0 0 0 0 0 0 0 0 0 0 0 0 0 0 0 0 0 0 0 0 0 0 0 0 0 data 120 0x30007 0x1401 0x60 0x0 0x70002 0x0 0xa0007 0x0 0x30 0x0 0x110002 0x0 0x180007 0x1401 0x60 0x0 0x1f0002 0x0 0x220007 0x0 0x30 0x0 0x290002 0x0 0x380005 0x0 0x22e38652f68 0x1406 0x0 0x0 0x3d0104 0x0 0x22e38653010 0x5 0x0 0x0 0x420007 0x1401 0x228 0x5 0x470005 0x0 0x22e386530b8 0x5 0x0 0x0 0x4f0005 0x0 0x22e38653160 0x5 0x0 0x0 0x5a0005 0x0 0x22e38653208 0x5 0x0 0x0 0x620005 0x0 0x22e386530b8 0x5 0x0 0x0 0x660005 0x0 0x22e38653010 0x5 0x0 0x0 0x6b0005 0x0 0x22e386532b0 0x5 0x0 0x0 0x6e0007 0x3 0xd0 0x2 0x720005 0x0 0x22e386532b0 0x2 0x0 0x0 0x750007 0x0 0x80 0x2 0x790004 0x0 0x22e386532b0 0x2 0x0 0x0 0x7c0005 0x0 0x22e386532b0 0x2 0x0 0x0 0x810003 0x5 0xfffffffffffffd90 0x860003 0x1401 0x18 0x0 0x0 0x0 0x0 0x0 0x0 0x0 0x9 0x1 0x0 0x890001 0x890001 oops 11 26 java/util/ArrayDeque 32 sun/nio/ch/SelectionKeyImpl 42 sun/nio/ch/WEPollSelectorImpl 48 java/util/HashSet 54 java/util/concurrent/ConcurrentHashMap$KeySetView 60 sun/nio/ch/WEPollSelectorImpl 66 sun/nio/ch/SelectionKeyImpl 72 sun/nio/ch/SocketChannelImpl 82 sun/nio/ch/SocketChannelImpl 92 sun/nio/ch/SocketChannelImpl 98 sun/nio/ch/SocketChannelImpl methods 0
ciMethodData sun/nio/ch/SelectionKeyImpl channel ()Ljava/nio/channels/SelectableChannel; 1 16 orig 80 0 0 0 0 0 0 0 0 0 0 0 0 0 0 0 0 0 0 0 0 0 0 0 0 0 0 0 0 0 0 0 0 0 0 0 0 0 0 0 0 0 0 0 0 0 0 0 0 0 0 0 0 0 0 0 0 0 0 0 0 0 0 0 0 0 0 0 0 0 0 0 0 0 0 0 0 0 0 0 0 data 15 0x40004 0x0 0x22e386532b0 0x10 0x0 0x0 0x0 0x0 0x0 0x0 0x0 0x0 0x9 0x1 0x0 oops 1 2 sun/nio/ch/SocketChannelImpl methods 0
compile sun/nio/ch/SelectorImpl processDeregisterQueue ()V -1 4 inline 4 0 -1 0 sun/nio/ch/SelectorImpl processDeregisterQueue ()V 1 56 0 java/util/ArrayDeque pollFirst ()Ljava/lang/Object; 2 12 0 java/util/ArrayDeque elementAt ([Ljava/lang/Object;I)Ljava/lang/Object; 2 28 0 java/util/ArrayDeque inc (II)I
